id,real_time,mae,mape
399927,854.0,1881.533203125,220.32005310058594
341579,328.0,1035.0377197265625,315.5602722167969
341584,749.0,1084.83251953125,144.8374481201172
341590,746.0,902.2235107421875,120.94148254394531
391405,588.0,1929.212646484375,328.0973815917969
391411,1179.0,1388.880859375,117.80159759521484
341607,339.0,953.0833740234375,281.1455383300781
341616,1211.0,1553.84521484375,128.3109130859375
341625,1210.0,433.50872802734375,35.82716751098633
366353,1042.0,1242.7197265625,119.26293182373047
341647,686.0,1149.5238037109375,167.56906127929688
391445,1159.0,1553.548095703125,134.0421142578125
341663,297.0,925.70458984375,311.6850280761719
399996,1183.0,1522.6044921875,128.70706176757812
391469,438.0,1201.2127685546875,274.2494812011719
391483,168.0,1197.337158203125,712.70068359375
391498,406.0,564.4138793945312,139.01820373535156
366398,259.0,1279.62646484375,494.06427001953125
366408,958.0,525.35009765625,54.83821487426758
391541,738.0,1912.634765625,259.1645812988281
391556,909.0,516.879638671875,56.86244201660156
366441,1218.0,349.37054443359375,28.68395233154297
391575,1033.0,303.41015625,29.371747970581055
391584,476.0,1997.99365234375,419.7465515136719
366480,920.0,1636.71533203125,177.90383911132812
391605,712.0,989.030029296875,138.90870666503906
391617,581.0,1627.51025390625,280.12225341796875
391631,349.0,1712.39111328125,490.6564636230469
366521,829.0,1252.95556640625,151.14059448242188
391651,719.0,935.270263671875,130.07931518554688
366547,1411.0,641.58935546875,45.470542907714844
366564,850.0,792.368408203125,93.21981048583984
366585,610.0,657.8411865234375,107.84281158447266
366606,821.0,1005.857177734375,122.51609802246094
366632,371.0,943.6614990234375,254.356201171875
366655,100.0,1232.011474609375,1232.011474609375
429633,1019.0,1502.209228515625,147.41993713378906
414819,1769.0,235.45947265625,13.310315132141113
400004,427.0,1840.015380859375,430.91693115234375
433343,331.0,1072.5335693359375,324.0282897949219
433345,730.0,1668.4619140625,228.55641174316406
433346,1423.0,966.886962890625,67.94708251953125
407429,810.0,1981.6064453125,244.6427764892578
400014,775.0,1796.556640625,231.8137664794922
414833,721.0,1870.01708984375,259.3643798828125
418579,1814.0,381.909423828125,21.05344009399414
411142,842.0,1705.31005859375,202.5308837890625
400023,258.0,962.1470947265625,372.92523193359375
440767,1090.0,1786.45751953125,163.8951873779297
403730,992.0,1062.212646484375,107.077880859375
403732,715.0,1174.2432861328125,164.22982788085938
433360,977.0,266.8037109375,27.308467864990234
440776,1829.0,1493.426513671875,81.65262603759766
414848,730.0,1685.34716796875,230.86947631835938
425966,1016.0,1791.70263671875,176.34869384765625
418600,89.0,1372.436279296875,1542.063232421875
418602,511.0,1839.908203125,360.060302734375
407473,494.0,2418.4716796875,489.5691833496094
407475,965.0,2147.76708984375,222.5665283203125
411157,869.0,1666.1044921875,191.7266387939453
437078,422.0,1636.6103515625,387.8223571777344
400054,157.0,778.7091064453125,495.9930419921875
403756,462.0,1363.6435546875,295.16094970703125
411165,1112.0,602.4122314453125,54.173763275146484
440802,321.0,805.0333251953125,250.7891845703125
425992,925.0,1764.539306640625,190.76100158691406
418624,600.0,379.515869140625,63.252647399902344
407493,874.0,815.445556640625,93.30040740966797
440813,891.0,2031.028076171875,227.94927978515625
407499,506.0,1172.214599609375,231.6629638671875
440818,840.0,1325.00244140625,157.73838806152344
426002,601.0,957.666259765625,159.34547424316406
400074,783.0,967.5831298828125,123.57383728027344
418634,990.0,1395.67041015625,140.976806640625
437099,613.0,1619.59814453125,264.20849609375
400080,106.0,1365.5189208984375,1288.225341796875
429718,671.0,2267.883544921875,337.9856262207031
422307,420.0,1709.1630859375,406.943603515625
403793,969.0,393.88720703125,40.648834228515625
407517,691.0,1383.15380859375,200.1669921875
433411,1674.0,433.517578125,25.897106170654297
429732,801.0,736.45166015625,91.9415283203125
400092,479.0,1352.1092529296875,282.27752685546875
407523,420.0,1060.8275146484375,252.57797241210938
426024,1572.0,1014.591796875,64.54146575927734
407527,554.0,1497.13818359375,270.2415466308594
433429,415.0,1070.41064453125,257.9302673339844
433433,1514.0,1740.376953125,114.95223999023438
426030,249.0,2324.568359375,933.5615844726562
418671,711.0,1584.26123046875,222.82154846191406
440854,539.0,2084.690673828125,386.7700500488281
440857,662.0,2007.202392578125,303.2027587890625
440860,300.0,994.779052734375,331.593017578125
414916,429.0,1603.8062744140625,373.8476257324219
426044,862.0,697.353271484375,80.89945220947266
426046,760.0,1207.47900390625,158.87881469726562
433463,586.0,2558.546630859375,436.6120300292969
418681,590.0,1040.984130859375,176.43798828125
440874,982.0,944.1456298828125,96.14517974853516
437141,269.0,945.5496826171875,351.50543212890625
440878,369.0,664.9454345703125,180.2020263671875
433479,1857.0,444.3603515625,23.928936004638672
418690,320.0,2862.193115234375,894.435302734375
437146,781.0,2234.937255859375,286.1635437011719
437148,1111.0,1927.859130859375,173.52467346191406
414940,1301.0,13.584716796875,1.0441750288009644
407583,849.0,2080.0166015625,244.99606323242188
433499,729.0,1808.09130859375,248.0235137939453
418697,1155.0,140.9461669921875,12.203131675720215
426070,469.0,2135.22412109375,455.27166748046875
433504,671.0,1038.783447265625,154.8112335205078
400143,490.0,1583.418212890625,323.1465759277344
400146,735.0,1078.152099609375,146.68736267089844
403865,502.0,1470.2652587890625,292.88153076171875
400152,769.0,1136.1107177734375,147.7387237548828
422374,1673.0,3314.5556640625,198.1204833984375
433516,330.0,984.1767578125,298.2353820800781
429798,607.0,2031.55712890625,334.68817138671875
429801,1271.0,1058.904296875,83.31269073486328
411269,1241.0,2744.57861328125,221.15863037109375
433528,941.0,13.09515380859375,1.3916209936141968
422384,800.0,2898.227294921875,362.2784118652344
403884,281.0,1025.671630859375,365.0076904296875
422390,449.0,1266.9599609375,282.1737060546875
418720,2145.0,740.0224609375,34.499881744384766
422394,851.0,517.0887451171875,60.762481689453125
437214,642.0,973.7890625,151.6805419921875
407631,286.0,1059.12158203125,370.3222351074219
403894,930.0,1492.60693359375,160.495361328125
433551,1134.0,708.416748046875,62.47061538696289
440924,721.0,2843.22607421875,394.3448181152344
440928,451.0,826.851318359375,183.3373260498047
426082,684.0,2487.00830078125,363.59771728515625
400197,1917.0,309.16064453125,16.127315521240234
411302,189.0,2196.50146484375,1162.170166015625
418742,210.0,1256.830810546875,598.4908447265625
433576,381.0,972.8209228515625,255.3335723876953
403910,1280.0,1258.418701171875,98.31396484375
429875,479.0,1666.1787109375,347.8452453613281
415001,872.0,1935.676513671875,221.98126220703125
429880,801.0,1383.79638671875,172.75860595703125
433585,525.0,1184.2392578125,225.56939697265625
433587,870.0,528.185791015625,60.71100997924805
433589,1101.0,2295.251708984375,208.4697265625
422436,443.0,778.86669921875,175.81640625
440959,293.0,1650.7532958984375,563.3970336914062
407669,1454.0,1015.742431640625,69.85848999023438
411324,225.0,1033.947265625,459.5321044921875
418766,962.0,2436.554443359375,253.28009033203125
407677,744.0,1613.29150390625,216.84027099609375
426122,1473.0,431.15185546875,29.27032470703125
426123,1483.0,788.57958984375,53.17462158203125
429900,864.0,1382.14111328125,159.97003173828125
415031,537.0,1424.523681640625,265.2744140625
422451,713.0,812.1103515625,113.90046691894531
415032,2430.0,1370.97412109375,56.41868591308594
433616,1161.0,2168.002685546875,186.73580932617188
440981,350.0,1392.9052734375,397.9729309082031
415038,881.0,1660.05322265625,188.42828369140625
429912,1304.0,991.2490234375,76.01602935791016
437279,663.0,683.851318359375,103.14498901367188
422466,510.0,1478.2801513671875,289.8588562011719
407709,1034.0,1068.78173828125,103.36380004882812
407711,735.0,1498.41796875,203.86639404296875
407715,1066.0,1239.62890625,116.28788757324219
429922,1249.0,1615.21728515625,129.32083129882812
400240,1282.0,232.999267578125,18.17466926574707
429926,2052.0,397.236328125,19.358495712280273
403963,1173.0,1650.711669921875,140.7256317138672
433671,658.0,2041.216796875,310.21533203125
433675,319.0,1252.498779296875,392.6328430175781
433679,624.0,3357.78369140625,538.1063232421875
415082,1817.0,1332.479248046875,73.33403015136719
437298,560.0,1437.1373291015625,256.63165283203125
441014,852.0,1207.90185546875,141.77252197265625
422472,190.0,1086.27685546875,571.7246704101562
415089,385.0,1015.42333984375,263.746337890625
418816,732.0,1199.9757080078125,163.9311065673828
433706,1422.0,1096.48583984375,77.10871124267578
426174,543.0,674.58447265625,124.23286437988281
422479,331.0,763.7630615234375,230.74412536621094
437315,442.0,2004.16015625,453.4299011230469
400270,391.0,775.09423828125,198.23382568359375
407793,359.0,1317.9505615234375,367.1171569824219
437321,1159.0,946.127685546875,81.63310241699219
407802,749.0,999.2998046875,133.41786193847656
415098,268.0,1003.5079345703125,374.4432678222656
437326,653.0,1836.77490234375,281.28253173828125
415103,160.0,882.9324951171875,551.8328247070312
407813,734.0,1237.4425048828125,168.58889770507812
407816,357.0,1090.344482421875,305.41864013671875
430016,707.0,2377.564453125,336.2891540527344
400288,1232.0,2544.235595703125,206.5126190185547
437338,1728.0,268.27392578125,15.525111198425293
422499,1204.0,77.448974609375,6.432639122009277
407837,613.0,841.05224609375,137.20263671875
426214,230.0,991.999267578125,431.30401611328125
407842,783.0,1321.61767578125,168.78897094726562
411399,1799.0,508.6474609375,28.273900985717773
404019,289.0,867.7412109375,300.2564697265625
400300,939.0,2107.056640625,224.3936767578125
441065,830.0,1570.00732421875,189.1575164794922
441067,533.0,3609.8974609375,677.2791137695312
411409,440.0,2963.6376953125,673.5540161132812
437358,794.0,1659.79833984375,209.04261779785156
415134,510.0,1844.64697265625,361.69549560546875
430038,624.0,2374.538818359375,380.5350646972656
430040,666.0,2525.0322265625,379.13397216796875
415137,1232.0,346.504150390625,28.125337600708008
418871,303.0,923.912109375,304.9214782714844
404069,1471.0,1079.59130859375,73.39165496826172
407877,446.0,1306.9736328125,293.0434265136719
411425,821.0,1773.8916015625,216.0647430419922
426247,219.0,1148.4168701171875,524.3912963867188
433791,964.0,1449.931640625,150.40785217285156
437379,551.0,716.9998779296875,130.1270294189453
430090,816.0,2921.93896484375,358.08074951171875
441094,581.0,1071.780029296875,184.4716033935547
422534,1242.0,263.124755859375,21.18556785583496
411441,932.0,1295.394775390625,138.99085998535156
441101,461.0,1414.1795654296875,306.7634582519531
418898,510.0,1750.646484375,343.2640075683594
415162,1397.0,228.73779296875,16.37350082397461
430107,235.0,1225.0782470703125,521.3098754882812
433811,582.0,1225.091796875,210.4968719482422
407902,263.0,1239.881103515625,471.43768310546875
418913,478.0,2192.992919921875,458.78515625
415170,874.0,1212.654296875,138.7476348876953
404111,2748.0,1400.0419921875,50.94767379760742
422552,2016.0,240.28125,11.918713569641113
437401,1232.0,1204.7734375,97.79005432128906
430123,874.0,764.9656982421875,87.5246810913086
437406,340.0,2036.220947265625,598.8884887695312
407927,1575.0,3337.2490234375,211.8888397216797
407935,354.0,2026.89453125,572.569091796875
407940,443.0,908.2618408203125,205.02523803710938
400361,610.0,2294.645263671875,376.1713562011719
407948,894.0,487.728271484375,54.55573654174805
407952,133.0,837.5908203125,629.7675170898438
437419,348.0,736.395263671875,211.6078338623047
404137,320.0,857.025390625,267.8204345703125
400369,339.0,1141.705078125,336.7861633300781
411483,352.0,796.7174072265625,226.34017944335938
437428,279.0,1132.45068359375,405.8962707519531
426322,1589.0,2022.6171875,127.28868865966797
418949,574.0,1085.79345703125,189.16262817382812
422581,942.0,1730.4267578125,183.6970977783203
411492,1084.0,1001.30322265625,92.37114715576172
426340,196.0,1138.216796875,580.7228393554688
422589,280.0,970.43994140625,346.585693359375
415209,265.0,931.5164794921875,351.5156555175781
415211,229.0,898.40771484375,392.3177795410156
415215,246.0,1061.24560546875,431.400634765625
407991,1316.0,160.0164794921875,12.159307479858398
407993,663.0,2175.96435546875,328.1997375488281
430168,901.0,1306.28955078125,144.98219299316406
422599,814.0,1900.326171875,233.45530700683594
400426,409.0,767.747314453125,187.71327209472656
422602,334.0,982.31787109375,294.1071472167969
408003,1188.0,2244.93212890625,188.96734619140625
441195,625.0,1376.18310546875,220.1892852783203
408006,1010.0,1354.439697265625,134.10293579101562
404182,399.0,2610.781982421875,654.331298828125
422611,1364.0,169.01611328125,12.391210556030273
415236,641.0,702.425048828125,109.58268737792969
408009,1702.0,419.455810546875,24.64487648010254
437464,550.0,2179.052490234375,396.19134521484375
422622,1326.0,1181.599609375,89.11007690429688
422625,753.0,1975.54345703125,262.35638427734375
430196,470.0,1011.531494140625,215.21946716308594
430197,1834.0,2569.345703125,140.09518432617188
441217,460.0,1760.59326171875,382.7376708984375
430203,410.0,1476.1923828125,360.0469055175781
433895,845.0,1498.442626953125,177.3304901123047
437479,859.0,2305.33642578125,268.37445068359375
437482,299.0,915.1268310546875,306.0624694824219
437484,691.0,2780.999755859375,402.46014404296875
408028,311.0,1102.37451171875,354.4612731933594
422645,667.0,2486.845703125,372.8404235839844
433925,706.0,1185.438720703125,167.90916442871094
404224,144.0,1302.1353759765625,904.2606201171875
419014,1725.0,548.431640625,31.79313850402832
426398,445.0,898.448974609375,201.89865112304688
415277,1237.0,631.7216796875,51.06884765625
430227,892.0,2456.623779296875,275.40625
419022,484.0,2213.95849609375,457.429443359375
415279,2403.0,666.790771484375,27.748262405395508
433956,511.0,1314.910888671875,257.32110595703125
419027,432.0,1308.258544921875,302.837646484375
415284,805.0,2251.794189453125,279.7259826660156
433959,1863.0,423.89013671875,22.753093719482422
430240,1436.0,1069.12939453125,74.451904296875
430243,1010.0,970.362060546875,96.07545471191406
415296,1131.0,838.36865234375,74.12631225585938
441222,140.0,1093.1251220703125,780.8037109375
426426,686.0,713.8001708984375,104.05250549316406
411572,952.0,674.990478515625,70.90235900878906
415304,120.0,981.809326171875,818.1744384765625
433972,400.0,933.3668212890625,233.34169006347656
408075,408.0,1647.54736328125,403.8106384277344
426438,469.0,2698.59765625,575.3939819335938
415310,1151.0,470.0341796875,40.8370246887207
430267,1517.0,480.8212890625,31.69553565979004
415316,289.0,996.3857421875,344.7701416015625
430273,109.0,826.9913330078125,758.7076416015625
408090,366.0,1096.615478515625,299.6217346191406
422691,700.0,1510.85693359375,215.8367156982422
419063,580.0,2619.871337890625,451.70196533203125
404276,1360.0,2502.4208984375,184.0015411376953
422698,431.0,1094.14990234375,253.86309814453125
400555,1310.0,172.8941650390625,13.198028564453125
419071,440.0,2382.31787109375,541.4358520507812
430286,431.0,1529.919921875,354.9698181152344
408106,757.0,1259.44189453125,166.37277221679688
422707,1260.0,370.722900390625,29.422452926635742
434007,881.0,645.11865234375,73.22572326660156
404289,149.0,1180.620361328125,792.3626708984375
437563,1181.0,1211.478515625,102.58073425292969
426476,933.0,838.80517578125,89.90409088134766
404294,404.0,652.231201171875,161.443359375
437567,311.0,1393.0233154296875,447.9174499511719
441264,159.0,629.015869140625,395.60748291015625
404297,1331.0,421.775390625,31.688610076904297
404298,1524.0,606.88623046875,39.821929931640625
419101,932.0,1832.853515625,196.65809631347656
411624,211.0,612.1062622070312,290.0977478027344
437580,350.0,762.9139404296875,217.97540283203125
404304,726.0,1111.690673828125,153.1254425048828
422742,1568.0,350.5257568359375,22.35495948791504
430312,646.0,1998.730224609375,309.4009704589844
441282,771.0,1044.50146484375,135.47360229492188
415358,440.0,1427.7003173828125,324.4773254394531
430322,484.0,1262.0234375,260.7486572265625
419119,272.0,1007.3558349609375,370.3514099121094
411638,1334.0,62.6107177734375,4.693457126617432
434047,1031.0,1110.58984375,107.71967315673828
426508,1031.0,1339.11279296875,129.88485717773438
426510,811.0,717.5360107421875,88.4754638671875
419130,371.0,768.273193359375,207.08172607421875
430335,662.0,2627.24365234375,396.8645935058594
430339,503.0,2114.4453125,420.3668518066406
408164,318.0,1159.295166015625,364.5582275390625
434062,660.0,1936.34228515625,293.38519287109375
411651,141.0,957.198486328125,678.8641967773438
441307,945.0,2164.4208984375,229.03924560546875
404361,961.0,571.1435546875,59.432212829589844
415385,341.0,995.12060546875,291.82421875
437614,671.0,1578.79296875,235.28958129882812
422778,300.0,1492.1134033203125,497.37115478515625
400623,130.0,1500.537109375,1154.25927734375
441317,2254.0,1326.424560546875,58.84758377075195
400627,762.0,1725.14794921875,226.39736938476562
434078,1346.0,708.436767578125,52.632747650146484
415394,1937.0,2750.35595703125,141.99049377441406
404388,1334.0,147.60791015625,11.06506061553955
441330,239.0,1174.943359375,491.60809326171875
422795,1397.0,1176.03857421875,84.18315124511719
437632,2926.0,2296.3037109375,78.47927856445312
434087,1092.0,1062.9599609375,97.34065246582031
415404,621.0,1983.3671875,319.3828125
419164,301.0,1106.17138671875,367.4988098144531
441340,1032.0,2090.67333984375,202.58462524414062
419167,801.0,1686.21435546875,210.51365661621094
441343,827.0,2118.698974609375,256.19091796875
411689,791.0,1567.5439453125,198.1724395751953
441348,701.0,1012.418701171875,144.4249267578125
441350,406.0,1077.81201171875,265.470947265625
430391,801.0,1798.70361328125,224.5572509765625
400666,476.0,1665.39111328125,349.8721008300781
434110,339.0,1982.38818359375,584.7752685546875
400671,400.0,1097.3621826171875,274.3405456542969
411704,573.0,1306.8486328125,228.07130432128906
408216,651.0,775.878173828125,119.1825180053711
426581,1186.0,288.07763671875,24.28985023498535
415433,239.0,1194.268310546875,499.6938781738281
411710,490.0,657.439697265625,134.17137145996094
408222,320.0,1127.95458984375,352.4858093261719
434133,1487.0,922.9677734375,62.06911849975586
415440,1586.0,1026.074951171875,64.69577026367188
411717,381.0,884.3974609375,232.12530517578125
404438,681.0,2700.632080078125,396.5685729980469
434147,508.0,549.201416015625,108.11051177978516
419221,851.0,2014.68505859375,236.74325561523438
441378,1410.0,553.8197021484375,39.277992248535156
422845,2036.0,414.44482421875,20.3558349609375
404450,224.0,1242.5703125,554.7188720703125
419229,1313.0,761.67919921875,58.01060104370117
426609,480.0,1869.197021484375,389.4160461425781
434158,741.0,995.0352783203125,134.2827606201172
430425,571.0,1370.88623046875,240.08514404296875
419235,1292.0,673.610107421875,52.13700485229492
419237,150.0,977.0909423828125,651.3939208984375
415471,931.0,1177.625732421875,126.49041748046875
426621,160.0,1304.66259765625,815.4141235351562
419242,1014.0,1716.2421875,169.25465393066406
426625,2063.0,1071.8914794921875,51.95790100097656
408259,920.0,533.80615234375,58.02241134643555
430443,1093.0,2088.275146484375,191.0590362548828
434178,1454.0,2463.884765625,169.45562744140625
434180,691.0,1575.4208984375,227.99143981933594
426635,751.0,1708.511474609375,227.49819946289062
411756,541.0,876.8447265625,162.07850646972656
419260,1042.0,296.1712646484375,28.4233455657959
422907,400.0,1567.22607421875,391.8065185546875
422910,250.0,1029.8746337890625,411.9498596191406
419267,860.0,1353.942138671875,157.4351348876953
430459,723.0,1019.883056640625,141.0626678466797
441423,440.0,557.4592895507812,126.6952896118164
419274,362.0,1673.0242919921875,462.1614074707031
441426,851.0,1598.3896484375,187.8248748779297
404499,711.0,1801.59033203125,253.38824462890625
426656,772.0,2449.24658203125,317.2599182128906
400741,406.0,1560.024169921875,384.2424011230469
404504,1042.0,1430.86376953125,137.31898498535156
408293,745.0,1185.140869140625,159.07931518554688
415509,2023.0,2083.7646484375,103.00369262695312
411802,1352.0,3301.0849609375,244.1630859375
419289,439.0,178.0802001953125,40.564964294433594
437759,584.0,1753.34130859375,300.22967529296875
426669,710.0,1956.46435546875,275.558349609375
411809,976.0,920.5482177734375,94.31846618652344
437766,883.0,2374.243408203125,268.88372802734375
426675,1199.0,1871.570556640625,156.0942840576172
404525,180.0,1234.158935546875,685.6438598632812
404527,461.0,695.75048828125,150.92201232910156
415528,148.0,942.3485107421875,636.721923828125
437779,363.0,1003.77294921875,276.5214538574219
419313,591.0,484.912353515625,82.04946899414062
426684,710.0,974.169921875,137.20703125
400780,349.0,1772.886474609375,507.99041748046875
434242,782.0,1588.3408203125,203.1126251220703
422966,644.0,1375.4124755859375,213.5733642578125
404540,290.0,1278.7440185546875,440.9461975097656
400786,810.0,1601.642578125,197.73365783691406
419326,890.0,1695.91455078125,190.5522003173828
404546,1090.0,1406.020751953125,128.9927215576172
419328,790.0,1933.991455078125,244.80905151367188
408337,746.0,906.332275390625,121.49226379394531
422976,341.0,492.21270751953125,144.34390258789062
415555,642.0,1404.06494140625,218.70169067382812
430517,280.0,874.38525390625,312.2804260253906
430519,1032.0,1441.85986328125,139.71510314941406
430522,330.0,1886.470458984375,571.65771484375
400817,1763.0,2644.6337890625,150.00759887695312
415566,869.0,1584.20068359375,182.30157470703125
400830,246.0,1183.74609375,481.1976013183594
415572,432.0,1341.6053466796875,310.5567932128906
437847,1212.0,1786.001708984375,147.35987854003906
404569,373.0,864.218994140625,231.69410705566406
408363,762.0,1817.052978515625,238.45838928222656
415581,512.0,1065.372802734375,208.08062744140625
411871,951.0,2232.613525390625,234.76483154296875
408367,1172.0,1210.32861328125,103.2703628540039
422999,1611.0,618.9992065429688,38.42329025268555
434286,313.0,1379.989013671875,440.8910827636719
408372,541.0,1748.00439453125,323.1061706542969
437882,1085.0,1772.416015625,163.3563232421875
426730,939.0,2037.71875,217.0094451904297
415592,771.0,1291.471435546875,167.5060272216797
411885,640.0,791.705322265625,123.7039566040039
404590,468.0,1938.67431640625,414.24664306640625
434299,840.0,705.264892578125,83.9601058959961
430576,704.0,1356.49267578125,192.68360900878906
437896,1242.0,191.2325439453125,15.39714527130127
430578,269.0,1133.969970703125,421.5501708984375
423020,430.0,465.10992431640625,108.16510009765625
437905,912.0,2540.85107421875,278.60211181640625
426781,700.0,1032.15966796875,147.4513702392578
441530,1309.0,143.812255859375,10.986421585083008
441532,1090.0,1174.730224609375,107.7734146118164
411912,983.0,517.862060546875,52.68179702758789
400903,469.0,1662.01123046875,354.3734130859375
419421,1172.0,901.36669921875,76.9084243774414
408415,738.0,1046.731689453125,141.8335723876953
408418,378.0,1474.25732421875,390.0151672363281
411920,662.0,849.930419921875,128.38829040527344
411922,1863.0,1881.698486328125,101.00366973876953
411926,280.0,1169.95751953125,417.8419494628906
437928,1208.0,76.6474609375,6.3449883460998535
423048,1344.0,272.142333984375,20.248685836791992
437936,2566.0,495.637939453125,19.31558609008789
426811,883.0,2876.093505859375,325.7184143066406
434344,872.0,2003.45166015625,229.75363159179688
404647,886.0,1970.978759765625,222.45809936523438
404650,473.0,2776.89453125,587.081298828125
400931,328.0,1839.912841796875,560.9490356445312
408448,294.0,804.525390625,273.6481018066406
404655,965.0,1336.29541015625,138.47621154785156
430631,801.0,1179.329345703125,147.2321319580078
408456,321.0,1441.1583251953125,448.958984375
404662,1459.0,837.1767578125,57.38017654418945
419488,750.0,1262.4114990234375,168.321533203125
411958,381.0,780.460693359375,204.8453369140625
415629,249.0,1265.01171875,508.036865234375
408468,463.0,1674.020263671875,361.5594482421875
415634,270.0,1017.749755859375,376.9443359375
415635,1237.0,590.4713134765625,47.7341423034668
408476,842.0,1495.247314453125,177.5828094482422
404680,613.0,2266.3564453125,369.715576171875
408483,1182.0,70.3182373046875,5.949089527130127
423090,497.0,1327.4666748046875,267.09588623046875
404690,224.0,1064.3665771484375,475.16363525390625
426828,757.0,2445.3388671875,323.0302429199219
430660,911.0,1477.40087890625,162.1735382080078
426832,1449.0,577.0762939453125,39.825828552246094
408500,306.0,1437.2796630859375,469.6992492675781
426838,170.0,1053.17919921875,619.5172119140625
404706,1666.0,1938.049072265625,116.32948303222656
423103,570.0,707.256103515625,124.08001708984375
404715,302.0,1528.9061279296875,506.26031494140625
400996,191.0,1659.12451171875,868.651611328125
438005,1132.0,1946.24951171875,171.93017578125
423110,658.0,1390.48974609375,211.3206329345703
404724,958.0,1244.435791015625,129.89935302734375
408512,621.0,1935.126708984375,311.6146240234375
423117,947.0,925.3995361328125,97.71906280517578
438023,3260.0,562.71630859375,17.2612361907959
404728,722.0,1796.4130859375,248.8106689453125
412021,336.0,835.858154296875,248.76730346679688
430687,440.0,710.4278564453125,161.46087646484375
401010,1336.0,95.9061279296875,7.17860221862793
423128,540.0,841.193115234375,155.77650451660156
419544,1878.0,1806.043212890625,96.1684341430664
434414,781.0,2580.966064453125,330.46942138671875
408525,696.0,1134.29638671875,162.97361755371094
441610,956.0,1265.706298828125,132.39605712890625
419552,760.0,2140.216796875,281.60748291015625
408531,1446.0,56.38037109375,3.899057626724243
423142,659.0,526.348876953125,79.87084197998047
426882,322.0,1318.5048828125,409.47357177734375
419559,325.0,1347.2647705078125,414.5429992675781
404758,824.0,1384.75244140625,168.052490234375
441625,259.0,798.613525390625,308.344970703125
415713,401.0,1606.0689697265625,400.51593017578125
430708,674.0,1136.9434814453125,168.68597412109375
404765,745.0,1625.474853515625,218.18453979492188
412047,706.0,1191.9527587890625,168.8318328857422
430715,430.0,1656.05517578125,385.1291198730469
404772,261.0,780.0445556640625,298.8676452636719
438081,1002.0,2090.14794921875,208.59759521484375
423172,2399.0,768.43017578125,32.03126907348633
426905,700.0,1419.95849609375,202.85122680664062
419584,580.0,629.57861328125,108.54803466796875
404785,269.0,1432.416015625,532.4966430664062
438097,247.0,878.7066650390625,355.7516784667969
438101,926.0,1056.1478271484375,114.05484771728516
434454,300.0,1627.9801025390625,542.6600341796875
408573,606.0,1252.685546875,206.7137908935547
408574,1382.0,348.302490234375,25.202783584594727
426932,1553.0,57.9974365234375,3.73454213142395
404796,741.0,1735.91552734375,234.26658630371094
423203,993.0,2115.97021484375,213.08863830566406
434472,369.0,643.0480346679688,174.26776123046875
408583,496.0,1673.067626953125,337.3120422363281
412074,842.0,1955.326171875,232.22401428222656
412076,502.0,679.096923828125,135.2782745361328
412079,249.0,1216.949462890625,488.7347106933594
441673,459.0,1889.00537109375,411.5480041503906
438149,479.0,1328.5535888671875,277.3598327636719
404817,1206.0,728.67529296875,60.420833587646484
404821,604.0,1098.577392578125,181.8836669921875
404826,745.0,1940.20751953125,260.4305419921875
430760,484.0,1396.654541015625,288.56500244140625
404835,1029.0,790.815673828125,76.85283660888672
404840,1112.0,1705.35400390625,153.3591766357422
404845,844.0,1618.0302734375,191.70974731445312
404850,351.0,1588.89013671875,452.67523193359375
404856,393.0,858.389404296875,218.41969299316406
415772,821.0,1384.94970703125,168.69058227539062
404862,427.0,1549.2508544921875,362.8222351074219
404865,1201.0,1050.87548828125,87.50003814697266
419631,1464.0,1119.7841796875,76.48799133300781
412103,762.0,2807.32177734375,368.4149169921875
438192,975.0,435.383056640625,44.6546745300293
412108,510.0,1520.1737060546875,298.0732727050781
408619,390.0,1361.213134765625,349.0290222167969
419644,501.0,1193.3348388671875,238.19058227539062
408622,1227.0,417.730712890625,34.044883728027344
408623,1573.0,344.0205078125,21.870344161987305
419650,572.0,1712.06689453125,299.3124084472656
430793,219.0,1294.420166015625,591.0594482421875
412117,1597.0,1783.272216796875,111.66387939453125
415797,1464.0,24.488525390625,1.6727135181427002
430800,682.0,2954.622314453125,433.22906494140625
415802,239.0,1126.4700927734375,471.3263854980469
438229,203.0,955.6038818359375,470.7408447265625
430809,259.0,965.29931640625,372.7024230957031
415807,571.0,2079.67822265625,364.21685791015625
423265,896.0,499.7510986328125,55.77579116821289
415810,499.0,1114.119140625,223.27037048339844
430818,1664.0,1184.3564453125,71.17526245117188
430819,2033.0,858.41796875,42.22419738769531
427030,1292.0,65.9429931640625,5.103946685791016
430823,869.0,1535.46337890625,176.69314575195312
434557,279.0,1232.5841064453125,441.78643798828125
441748,570.0,1878.6357421875,329.585205078125
423284,411.0,1979.02001953125,481.5133972167969
427041,393.0,607.332763671875,154.53759765625
412156,399.0,1809.70166015625,453.5592956542969
438257,632.0,1580.65576171875,250.103759765625
415835,168.0,1083.6630859375,645.0375366210938
430841,591.0,1507.531494140625,255.0814666748047
434577,1221.0,1277.60888671875,104.63627624511719
412165,775.0,1332.779296875,171.97152709960938
415846,1079.0,2931.108642578125,271.6504821777344
419701,333.0,801.5577392578125,240.70803833007812
412171,489.0,939.8372802734375,192.1957550048828
438274,534.0,1506.628173828125,282.1401062011719
430854,268.0,1911.556640625,713.2673950195312
430858,166.0,1064.7276611328125,641.4022216796875
430862,1272.0,1907.753173828125,149.9805908203125
423347,962.0,1178.850830078125,122.54166412353516
412181,461.0,773.5235595703125,167.79254150390625
412182,1640.0,530.3013916015625,32.335453033447266
427071,306.0,1244.87158203125,406.8207702636719
427075,480.0,2590.830810546875,539.7564697265625
438295,592.0,1598.393798828125,269.99896240234375
427079,294.0,1190.4599609375,404.9183349609375
427081,852.0,1345.544921875,157.9278106689453
441786,173.0,703.9195556640625,406.8899230957031
430884,409.0,581.3746948242188,142.14540100097656
438303,540.0,674.829345703125,124.96839904785156
419727,1364.0,2472.200927734375,181.24639892578125
438308,272.0,1273.510498046875,468.202392578125
427094,1024.0,2221.1259765625,216.90682983398438
401186,449.0,1524.0316162109375,339.427978515625
408716,305.0,1354.70166015625,444.1644592285156
430900,280.0,900.702392578125,321.6794128417969
423374,838.0,983.561279296875,117.37007904052734
423375,1366.0,1593.899169921875,116.68368530273438
423377,376.0,1414.082763671875,376.0858154296875
408731,994.0,1962.830810546875,197.46788024902344
430909,461.0,1698.72998046875,368.4880676269531
438325,621.0,1042.9373779296875,167.94482421875
412221,288.0,934.326416015625,324.4189147949219
412224,792.0,1614.6708984375,203.87258911132812
404978,411.0,1068.969970703125,260.09002685546875
430917,502.0,2133.8369140625,425.06707763671875
404981,1572.0,910.0458984375,57.89095687866211
412234,1167.0,811.125,69.50514221191406
404987,362.0,891.5638427734375,246.28834533691406
404989,639.0,1829.841796875,286.3602294921875
430928,821.0,975.929931640625,118.87088012695312
427132,1043.0,756.12744140625,72.49544525146484
434645,119.0,1174.8819580078125,987.2957153320312
415926,385.0,623.6405639648438,161.98455810546875
434650,289.0,1064.299560546875,368.2697448730469
405006,416.0,2080.740234375,500.1779479980469
419770,2056.0,1111.587158203125,54.06552505493164
405015,545.0,2183.921630859375,400.71954345703125
438360,471.0,1687.62060546875,358.30584716796875
438363,529.0,2074.9091796875,392.23236083984375
412257,635.0,1698.8115234375,267.52935791015625
430945,1081.0,1281.6416015625,118.56074523925781
430948,461.0,819.968994140625,177.86746215820312
419779,590.0,1173.328125,198.86917114257812
427156,1824.0,1069.444580078125,58.631832122802734
430953,1808.0,326.32568359375,18.048986434936523
427159,330.0,1544.1470947265625,467.92333984375
405056,801.0,2674.3544921875,333.876953125
412269,939.0,1287.1572265625,137.07745361328125
405064,1492.0,1156.041259765625,77.48265838623047
412273,1010.0,2552.518798828125,252.72462463378906
405073,990.0,2069.920654296875,209.0828857421875
434686,268.0,903.15673828125,336.998779296875
405080,530.0,1131.412109375,213.47398376464844
405085,211.0,987.6781005859375,468.0938720703125
423480,501.0,1275.684326171875,254.6276092529297
412285,449.0,1091.997314453125,243.20652770996094
427181,238.0,1029.468994140625,432.54998779296875
427183,290.0,1066.8878173828125,367.8923645019531
441875,1193.0,1889.201416015625,158.35720825195312
438403,772.0,1223.4339599609375,158.4759063720703
430986,577.0,1279.5355224609375,221.75660705566406
412301,848.0,1686.780029296875,198.91273498535156
415980,645.0,749.78173828125,116.24523162841797
441887,128.0,1447.3192138671875,1130.7181396484375
431005,512.0,1805.58203125,352.6527404785156
415985,496.0,925.733642578125,186.6398468017578
412308,1156.0,2256.422119140625,195.19223022460938
415990,919.0,1165.77197265625,126.85222625732422
408821,560.0,1343.970947265625,239.99481201171875
405121,652.0,2976.712890625,456.55108642578125
419824,3580.0,1267.132080078125,35.394752502441406
401297,691.0,1984.708251953125,287.2226257324219
431016,909.0,1585.80322265625,174.45579528808594
438430,1052.0,1508.265869140625,143.37127685546875
401306,762.0,1329.318603515625,174.45126342773438
405131,440.0,722.70947265625,164.2521514892578
434754,1247.0,1163.988037109375,93.34306335449219
412330,1190.0,1426.746337890625,119.89464569091797
441915,271.0,713.7227172851562,263.3663330078125
408847,766.0,2638.3857421875,344.4367980957031
401328,256.0,837.7523193359375,327.24700927734375
431027,2166.0,502.80810546875,23.21367073059082
405151,762.0,1403.381103515625,184.17074584960938
401337,1224.0,2226.614501953125,181.91294860839844
423539,356.0,674.6650390625,189.5126495361328
423540,1105.0,1038.2841796875,93.96237182617188
412345,461.0,1276.937255859375,276.9928894042969
423543,787.0,1130.4774169921875,143.64389038085938
405174,615.0,1969.5849609375,320.2577209472656
408861,310.0,502.9373779296875,162.23785400390625
416035,832.0,1746.110595703125,209.86904907226562
405184,1220.0,940.47705078125,77.08828735351562
427283,1070.0,2274.89501953125,212.60699462890625
441944,840.0,1117.1629638671875,132.99559020996094
408866,732.0,2111.51513671875,288.4583435058594
427287,675.0,1241.974853515625,183.99627685546875
431054,1012.0,1995.327392578125,197.166748046875
412379,780.0,1157.1912841796875,148.35784912109375
408872,1103.0,1673.59326171875,151.7310333251953
434790,1261.0,2968.923828125,235.4420166015625
434792,821.0,400.88671875,48.82907485961914
412392,1618.0,4131.1982421875,255.3274688720703
405213,585.0,1659.778076171875,283.7227478027344
431071,590.0,1417.616943359375,240.2740478515625
431073,1110.0,2154.174072265625,194.06973266601562
441970,721.0,2158.198486328125,299.33404541015625
431081,841.0,1851.0283203125,220.09849548339844
427374,962.0,1576.15576171875,163.841552734375
427376,512.0,1985.37841796875,387.76922607421875
434807,573.0,1423.772216796875,248.47682189941406
416072,436.0,1678.53125,384.9842224121094
416075,1567.0,810.559814453125,51.72685241699219
405231,297.0,1558.576171875,524.7731323242188
408899,936.0,2095.31884765625,223.85885620117188
401397,1123.0,1304.1787109375,116.13345336914062
416086,1128.0,405.0634765625,35.909881591796875
438492,430.0,1165.788818359375,271.1136779785156
423602,596.0,1109.1839599609375,186.1046905517578
441993,551.0,2409.9794921875,437.3828430175781
401404,551.0,849.123046875,154.10581970214844
438501,1312.0,54.884033203125,4.183234214782715
405244,416.0,780.6326904296875,187.65208435058594
401411,1342.0,1944.813720703125,144.91905212402344
434836,753.0,1681.4150390625,223.29550170898438
405248,1412.0,643.11279296875,45.54623031616211
442007,249.0,1206.5771484375,484.5691223144531
434843,251.0,1172.377197265625,467.0825500488281
427413,316.0,1239.13916015625,392.13262939453125
416117,571.0,1925.71142578125,337.25244140625
442012,731.0,1616.358642578125,221.1160888671875
412453,639.0,2511.670654296875,393.0627136230469
434855,806.0,2186.67333984375,271.2994384765625
442018,1133.0,1663.63916015625,146.83486938476562
416131,1412.0,1957.89306640625,138.66098022460938
427425,721.0,782.163818359375,108.48319244384766
419950,721.0,1634.681396484375,226.7241973876953
416139,1274.0,734.7406005859375,57.67194747924805
419956,301.0,1175.3331298828125,390.47613525390625
416145,295.0,801.4967041015625,271.69378662109375
423644,962.0,1418.73291015625,147.47743225097656
416147,1745.0,147.1075439453125,8.430232048034668
416149,1295.0,484.78564453125,37.435184478759766
401446,580.0,1335.635986328125,230.28207397460938
434881,501.0,2036.35302734375,406.45770263671875
438544,470.0,411.20880126953125,87.4912338256836
431145,406.0,824.898193359375,203.17691040039062
419969,371.0,601.0538940429688,162.00912475585938
412479,1193.0,1614.660400390625,135.34454345703125
431158,901.0,1490.16015625,165.38958740234375
434893,1236.0,1263.67333984375,102.23893737792969
412485,995.0,2294.943359375,230.64756774902344
409000,1882.0,1027.3076171875,54.58595275878906
434899,719.0,1502.6865234375,208.99671936035156
442073,1212.0,296.74365234375,24.48379898071289
423674,931.0,1605.6103515625,172.46083068847656
434904,1597.0,672.23974609375,42.093910217285156
409011,373.0,1417.825439453125,380.1140441894531
434909,165.0,1014.0147705078125,614.5543823242188
401466,469.0,1203.475341796875,256.60455322265625
431188,470.0,3181.08544921875,676.82666015625
442087,356.0,1061.9957275390625,298.31341552734375
409028,1167.0,872.1307373046875,74.73271179199219
438579,694.0,1224.12353515625,176.3866729736328
412510,1136.0,2158.612548828125,190.01870727539062
423696,1562.0,1845.125,118.12579345703125
442097,457.0,1016.13427734375,222.34886169433594
420005,584.0,1730.58447265625,296.33294677734375
420008,683.0,1599.947265625,234.25289916992188
423701,1021.0,307.6533203125,30.132549285888672
438591,239.0,1575.05029296875,659.016845703125
412523,763.0,1485.64990234375,194.71165466308594
431209,179.0,1599.7884521484375,893.736572265625
431211,1061.0,372.975830078125,35.153236389160156
434942,1523.0,763.2937622070312,50.11777877807617
423715,611.0,2003.6201171875,327.92474365234375
401493,595.0,1769.4990234375,297.3948059082031
423720,504.0,309.0858154296875,61.32655334472656
431224,1759.0,170.033203125,9.66646957397461
442120,634.0,2237.33349609375,352.8916931152344
431228,277.0,987.793701171875,356.6042175292969
409098,439.0,772.86962890625,176.05230712890625
409101,1293.0,40.9791259765625,3.1693060398101807
401508,342.0,1147.8721923828125,335.6351318359375
409107,266.0,1260.320556640625,473.8047180175781
423734,784.0,1470.8525390625,187.60874938964844
412546,737.0,1268.0811767578125,172.0598602294922
442133,1370.0,784.19287109375,57.2403564453125
409123,1822.0,679.484375,37.2933235168457
438625,340.0,863.705322265625,254.0309600830078
416257,200.0,1450.833251953125,725.4166259765625
401522,140.0,1016.5938720703125,726.1384887695312
420058,843.0,2127.8916015625,252.41893005371094
409135,478.0,1171.640869140625,245.1131591796875
412559,1397.0,788.54736328125,56.44576644897461
431252,1214.0,2104.29296875,173.33551025390625
434989,550.0,2967.13671875,539.4793701171875
423755,1223.0,2117.569580078125,173.1455078125
434995,369.0,2251.458984375,610.1514892578125
427519,736.0,2557.313232421875,347.4610290527344
434999,1167.0,1189.73291015625,101.9479751586914
438646,399.0,1053.614013671875,264.06365966796875
431266,1052.0,831.964599609375,79.0840835571289
438650,450.0,2474.987060546875,549.9971313476562
416305,724.0,582.9456787109375,80.5173568725586
431272,1554.0,1940.385498046875,124.86393737792969
438655,1190.0,1259.908447265625,105.8746566772461
427533,2010.0,150.0350341796875,7.46442985534668
412589,795.0,271.3665771484375,34.13416290283203
409190,802.0,1285.261962890625,160.25709533691406
416321,190.0,1633.572509765625,859.7749633789062
438670,179.0,1281.8511962890625,716.1179809570312
409195,715.0,2645.884765625,370.0538024902344
427546,803.0,1069.008544921875,133.12684631347656
401565,415.0,1776.918212890625,428.1730651855469
401567,1541.0,513.54931640625,33.32571792602539
435030,1814.0,1316.283203125,72.56246948242188
442201,870.0,2530.535888671875,290.8661804199219
420098,1952.0,514.37890625,26.351377487182617
412611,771.0,794.2393798828125,103.0141830444336
423803,731.0,1819.087158203125,248.84913635253906
416343,970.0,1589.7216796875,163.8888397216797
423807,589.0,1716.72705078125,291.4646911621094
420106,1310.0,1944.626220703125,148.4447479248047
416347,833.0,1832.50830078125,219.98898315429688
442234,566.0,1130.2109375,199.6839141845703
420111,615.0,1728.13134765625,280.9969787597656
412620,290.0,1852.4404296875,638.7725830078125
420116,472.0,782.7567138671875,165.83828735351562
420118,200.0,1049.17724609375,524.588623046875
416359,98.0,1003.02392578125,1023.4937744140625
423827,718.0,1648.64697265625,229.6165771484375
435069,491.0,1025.3953857421875,208.83815002441406
442251,210.0,1069.8095703125,509.4331359863281
442252,1450.0,270.347412109375,18.644649505615234
420131,919.0,3186.7802734375,346.7660827636719
431329,591.0,2025.0322265625,342.6450500488281
409241,471.0,415.5205078125,88.22090911865234
405432,952.0,1117.8115234375,117.41718292236328
412638,991.0,1948.013671875,196.5705108642578
431338,113.0,1505.3800048828125,1332.1947021484375
416381,884.0,1426.67041015625,161.38804626464844
427600,300.0,1065.83740234375,355.2791442871094
431344,914.0,533.7642822265625,58.39871597290039
431348,341.0,2079.372802734375,609.7867431640625
420164,1023.0,921.3194580078125,90.06055450439453
435098,1023.0,1356.9921875,132.6483154296875
405448,341.0,1087.576171875,318.93731689453125
442275,892.0,1375.38818359375,154.19151306152344
409262,801.0,1660.9541015625,207.36004638671875
420173,1057.0,784.5205078125,74.221435546875
435109,530.0,2156.996337890625,406.98040771484375
420177,1151.0,70.3228759765625,6.109719753265381
420178,1264.0,2120.217529296875,167.7387237548828
431365,1965.0,1770.9375,90.1240463256836
442290,749.0,1385.982421875,185.0443878173828
409273,552.0,1609.9794921875,291.6629638671875
438750,792.0,825.5615234375,104.2375717163086
412673,1052.0,1750.017578125,166.3514862060547
416440,278.0,1363.9052734375,490.6134033203125
405474,1406.0,758.80908203125,53.96935272216797
438757,102.0,1076.390625,1055.284912109375
405480,320.0,1476.784912109375,461.49530029296875
401647,1115.0,2304.714599609375,206.7008514404297
401649,1085.0,1547.634521484375,142.63912963867188
423876,722.0,2243.739501953125,310.7672424316406
442314,1163.0,1764.800048828125,151.7454833984375
431393,276.0,1098.9031982421875,398.1533203125
427650,550.0,2076.02587890625,377.459228515625
438772,1724.0,826.07568359375,47.916221618652344
442320,1044.0,925.9237060546875,88.69001007080078
427654,421.0,1793.739990234375,426.0664978027344
427655,1153.0,304.306640625,26.392597198486328
438782,1771.0,544.982421875,30.772581100463867
420227,179.0,721.5872802734375,403.1213684082031
412687,826.0,2337.495849609375,282.98980712890625
438788,416.0,1042.9078369140625,250.69898986816406
423900,218.0,1473.0283203125,675.7010498046875
431415,1444.0,2966.6513671875,205.44676208496094
401680,253.0,987.066162109375,390.14471435546875
405530,617.0,1957.532958984375,317.2662658691406
420251,423.0,935.4150390625,221.1383056640625
409319,298.0,1193.9803466796875,400.6645812988281
409321,964.0,1033.8671875,107.24763488769531
416489,199.0,939.6912841796875,472.2066955566406
423917,691.0,2048.26416015625,296.4202880859375
427697,343.0,1226.226318359375,357.5003967285156
409333,326.0,564.8905639648438,173.27931213378906
412717,1021.0,658.147705078125,64.46109008789062
412719,381.0,1162.700927734375,305.17083740234375
431428,1215.0,683.8897705078125,56.28722381591797
409356,926.0,1807.072265625,195.148193359375
401707,752.0,1571.350830078125,208.9562225341797
435192,631.0,2112.11376953125,334.724853515625
435194,701.0,1474.992919921875,210.41268920898438
401715,1143.0,2670.8984375,233.67440795898438
416513,440.0,1240.7344970703125,281.985107421875
405571,652.0,1828.200927734375,280.39892578125
405576,511.0,1871.13671875,366.17156982421875
405581,166.0,1397.4609375,841.8438720703125
416521,310.0,1423.242919921875,459.11065673828125
438831,1178.0,955.61474609375,81.12179565429688
405589,1180.0,1972.478271484375,167.1591796875
442357,721.0,842.362548828125,116.83252716064453
431451,826.0,2527.169921875,305.9527587890625
401733,235.0,1286.75927734375,547.55712890625
438840,953.0,1993.927978515625,209.2264404296875
435216,1404.0,426.2515869140625,30.359798431396484
405615,728.0,1346.54150390625,184.96449279785156
438850,998.0,1133.334716796875,113.56059265136719
412758,567.0,2514.79052734375,443.525634765625
412760,845.0,629.62353515625,74.51165771484375
431470,1441.0,1533.138916015625,106.39410400390625
420304,850.0,1371.7021484375,161.37672424316406
435235,350.0,1466.30029296875,418.94293212890625
442381,559.0,1234.707763671875,220.87796020507812
401758,457.0,1677.87744140625,367.1504211425781
401759,1695.0,565.9859619140625,33.391502380371094
438868,562.0,1166.942138671875,207.64096069335938
423974,3158.0,1080.6171875,34.21840286254883
420323,742.0,1572.00390625,211.86036682128906
423977,771.0,2179.108154296875,282.6340026855469
405644,472.0,464.04632568359375,98.31489562988281
420330,873.0,2089.8916015625,239.39195251464844
427766,512.0,857.3782958984375,167.45669555664062
409444,262.0,1030.963623046875,393.49755859375
423984,1732.0,205.893310546875,11.887604713439941
412790,1385.0,1395.55517578125,100.7621078491211
416551,520.0,1736.42138671875,333.92718505859375
420342,471.0,31.11468505859375,6.606090068817139
420345,219.0,1338.2242431640625,611.061279296875
401787,286.0,1313.2266845703125,459.170166015625
435264,259.0,497.191650390625,191.9658966064453
431506,476.0,898.085205078125,188.67337036132812
420353,941.0,1428.29736328125,151.78504943847656
438901,519.0,1161.30712890625,223.75860595703125
431511,1141.0,1958.716552734375,171.66665649414062
409475,438.0,1155.056396484375,263.71148681640625
431514,1428.0,854.291259765625,59.824317932128906
401802,1322.0,157.63330078125,11.923850059509277
442432,429.0,1031.96923828125,240.55226135253906
412814,342.0,1276.849609375,373.34783935546875
431524,1289.0,1811.414306640625,140.52865600585938
438917,538.0,1277.82421875,237.51380920410156
401812,521.0,820.5255126953125,157.49050903320312
438920,964.0,1962.119140625,203.53932189941406
401818,1063.0,1197.2890625,112.63302612304688
420373,148.0,1030.756103515625,696.456787109375
409507,2298.0,1117.3095703125,48.62095642089844
420377,539.0,1963.31591796875,364.2515563964844
420378,1373.0,1966.9482421875,143.2591552734375
442454,985.0,2338.1689453125,237.37754821777344
401829,461.0,1586.7113037109375,344.1889953613281
409522,1307.0,2477.20849609375,189.533935546875
431543,424.0,1814.794189453125,428.01751708984375
416607,412.0,904.033447265625,219.4255828857422
405713,261.0,1197.2857666015625,458.73016357421875
438934,914.0,1166.007080078125,127.57189178466797
431554,1542.0,438.3282470703125,28.42595672607422
438939,560.0,1240.2427978515625,221.471923828125
420385,940.0,1340.55908203125,142.6126708984375
438943,1283.0,610.1053466796875,47.55302810668945
401847,331.0,2907.141845703125,878.29052734375
435329,1316.0,408.56884765625,31.0462646484375
416626,262.0,1254.9296875,478.98077392578125
420396,339.0,1150.5126953125,339.38427734375
405732,525.0,707.6029052734375,134.78150939941406
427820,725.0,1822.9560546875,251.4422149658203
401857,338.0,628.4697265625,185.9377899169922
427825,916.0,2417.368408203125,263.90484619140625
416638,858.0,2309.5361328125,269.17669677734375
420409,286.0,584.763916015625,204.46290588378906
424095,1410.0,2359.195068359375,167.3188018798828
427833,781.0,1361.196044921875,174.2888641357422
438967,760.0,1250.9508056640625,164.59878540039062
416646,610.0,1136.6302490234375,186.33282470703125
424103,353.0,570.1052856445312,161.50291442871094
420424,365.0,1598.1407470703125,437.8468017578125
412877,1144.0,423.66943359375,37.03404235839844
405758,511.0,1155.15234375,226.05722045898438
401886,1655.0,542.61328125,32.78630065917969
424115,645.0,1361.452392578125,211.077880859375
405769,941.0,1089.370361328125,115.7673110961914
412885,462.0,1885.089111328125,408.0279235839844
416667,219.0,1455.0875244140625,664.4235229492188
409575,511.0,721.5382080078125,141.20120239257812
409577,706.0,1643.109375,232.7350311279297
427857,1521.0,401.03759765625,26.3667049407959
405790,1668.0,635.902099609375,38.123626708984375
401903,491.0,1829.67138671875,372.6418151855469
409584,858.0,1301.0673828125,151.63955688476562
401908,778.0,1855.051025390625,238.43844604492188
401911,741.0,1795.75830078125,242.34254455566406
431640,802.0,1303.096923828125,162.4809112548828
416681,249.0,1277.691650390625,513.1292114257812
442540,369.0,1357.7618408203125,367.9571533203125
416684,1331.0,1325.720947265625,99.60337829589844
401919,260.0,1038.139892578125,399.2845764160156
416689,830.0,1470.89892578125,177.21673583984375
435392,711.0,1589.11669921875,223.50445556640625
439039,811.0,992.0667724609375,122.32636260986328
405842,471.0,1044.6256103515625,221.78887939453125
420466,248.0,1330.351806640625,536.4321899414062
420468,1128.0,828.19482421875,73.42152404785156
427891,2504.0,278.7421875,11.131876945495605
409605,825.0,1382.90234375,167.62452697753906
420473,572.0,1216.69384765625,212.70870971679688
424154,729.0,1362.515869140625,186.90203857421875
435410,1341.0,963.23046875,71.82926177978516
409615,479.0,858.85205078125,179.30105590820312
405862,1566.0,1438.3330078125,91.84757232666016
401942,449.0,875.48046875,194.98451232910156
416715,3512.0,933.19873046875,26.571718215942383
412938,611.0,741.0234375,121.28043365478516
442572,762.0,1036.9320068359375,136.08030700683594
442574,541.0,1179.423095703125,218.00796508789062
442577,512.0,1333.8248291015625,260.5126647949219
435428,933.0,1355.61572265625,145.2964324951172
427919,1005.0,1498.6748046875,149.1218719482422
435433,1774.0,37.56005859375,2.1172525882720947
435435,340.0,866.070556640625,254.72662353515625
416735,365.0,966.5838623046875,264.8175048828125
431688,943.0,1517.01611328125,160.87127685546875
401987,390.0,1899.7529296875,487.11614990234375
401991,679.0,1485.64697265625,218.79925537109375
405890,640.0,689.187255859375,107.68550872802734
401995,1073.0,786.612548828125,73.30964660644531
416749,1426.0,897.0634765625,62.907676696777344
412972,622.0,760.948974609375,122.33905792236328
409647,1220.0,765.125732421875,62.71522521972656
402014,883.0,952.3524169921875,107.85417175292969
439073,1855.0,489.317626953125,26.37830924987793
439075,451.0,1660.15234375,368.104736328125
420525,621.0,1491.46142578125,240.17092895507812
427950,1242.0,1082.45068359375,87.15383911132812
412988,648.0,1665.109375,256.9613342285156
416762,786.0,2477.34521484375,315.1838684082031
424202,591.0,504.495849609375,85.36309051513672
420537,622.0,1917.5166015625,308.28240966796875
402046,329.0,791.6949462890625,240.63674926757812
405922,660.0,1332.627197265625,201.9132080078125
409667,1248.0,403.979736328125,32.37017059326172
431734,390.0,860.319580078125,220.59475708007812
431736,1102.0,118.791015625,10.779583930969238
431737,1293.0,452.75537109375,35.01588439941406
442627,962.0,1093.59033203125,113.67882537841797
420552,1414.0,487.3851318359375,34.468536376953125
405944,196.0,1162.990966796875,593.3627319335938
413014,420.0,481.57781982421875,114.66138458251953
405953,1445.0,360.7060546875,24.962356567382812
442634,711.0,1827.080810546875,256.973388671875
413022,602.0,1787.332275390625,296.8990478515625
416784,1112.0,763.6651611328125,68.67491912841797
435486,1411.0,363.7666015625,25.780763626098633
424230,982.0,884.01611328125,90.02201080322266
405975,123.0,863.3963623046875,701.9482421875
435491,2176.0,3059.5498046875,140.60430908203125
402085,972.0,2663.313232421875,274.00341796875
405988,787.0,1916.33544921875,243.498779296875
405996,388.0,1327.3916015625,342.1112365722656
413038,692.0,1558.5703125,225.2269287109375
431765,580.0,2344.297119140625,404.18914794921875
406008,1188.0,1293.0322265625,108.84109497070312
413044,551.0,1177.8653564453125,213.7686767578125
402094,1728.0,2063.42236328125,119.41101837158203
439134,622.0,1893.966796875,304.49627685546875
435502,454.0,1166.4176025390625,256.920166015625
439138,461.0,2190.49462890625,475.1614990234375
413053,1714.0,241.67236328125,14.099905014038086
442685,873.0,782.5859375,89.64329528808594
424261,751.0,1417.0263671875,188.68527221679688
439144,941.0,1359.359375,144.45901489257812
402109,532.0,1554.01123046875,292.10736083984375
439149,540.0,557.887939453125,103.31257629394531
402114,692.0,947.1370849609375,136.86952209472656
409719,1617.0,1.392822265625,0.08613619953393936
406046,581.0,988.68505859375,170.16954040527344
431801,341.0,1918.516845703125,562.6149291992188
420610,724.0,1335.159423828125,184.41427612304688
416843,1490.0,1931.64990234375,129.64093017578125
409729,1194.0,1751.677734375,146.70668029785156
435534,400.0,2121.02392578125,530.2559814453125
409733,1683.0,711.2957763671875,42.26356506347656
402132,717.0,2048.564453125,285.71331787109375
406062,1444.0,2256.2333984375,156.2488555908203
402136,1451.0,1947.62158203125,134.2261505126953
402138,1252.0,1595.88818359375,127.46710968017578
442726,529.0,1365.3016357421875,258.0910339355469
428050,1121.0,1560.86376953125,139.23851013183594
439177,229.0,1261.576171875,550.9066162109375
402148,471.0,1494.219970703125,317.244140625
402151,1049.0,862.96728515625,82.26570892333984
442736,1023.0,871.976318359375,85.23717498779297
424319,1131.0,1897.486328125,167.7706756591797
406083,240.0,555.6260986328125,231.51087951660156
409773,1095.0,607.2611083984375,55.45763397216797
428066,1015.0,477.279541015625,47.022613525390625
439196,395.0,1197.313232421875,303.1172790527344
416877,795.0,1277.088134765625,160.6400146484375
406095,1317.0,294.1927490234375,22.338098526000977
413126,347.0,1267.4423828125,365.2571716308594
431847,210.0,1096.94287109375,522.353759765625
435576,941.0,2412.358154296875,256.3611145019531
416884,1832.0,90.288330078125,4.928402423858643
424357,123.0,949.2843017578125,771.77587890625
439204,1268.0,2403.7841796875,189.5728759765625
442789,1514.0,1226.158203125,80.98799133300781
420654,145.0,1344.856201171875,927.4869995117188
428088,692.0,1651.059326171875,238.59239196777344
409796,338.0,781.8968505859375,231.33041381835938
431862,892.0,903.096435546875,101.2439956665039
439215,1111.0,2181.6171875,196.36517333984375
431868,382.0,2622.220458984375,686.4451293945312
413148,772.0,1355.284912109375,175.55503845214844
435599,555.0,1779.47412109375,320.6259765625
428101,1385.0,1411.736083984375,101.93040466308594
431879,1097.0,9.0382080078125,0.8239022493362427
424382,1205.0,1018.15185546875,84.49392700195312
402214,1103.0,1167.83544921875,105.87810516357422
416915,690.0,1747.94287109375,253.32505798339844
413167,312.0,1094.013427734375,350.64532470703125
406150,587.0,2115.360107421875,360.36798095703125
402222,965.0,1330.9091796875,137.91806030273438
428115,723.0,1052.274169921875,145.5427703857422
413175,1322.0,610.79150390625,46.20207977294922
435618,1262.0,397.483154296875,31.49629020690918
439247,1540.0,2114.1787109375,137.28433227539062
435622,1643.0,1576.249267578125,95.93726348876953
428127,370.0,666.449462890625,180.12147521972656
406181,256.0,1178.6502685546875,460.4102478027344
409837,253.0,819.179443359375,323.78631591796875
442831,615.0,2936.34765625,477.45489501953125
409841,740.0,1254.359130859375,169.50799560546875
431907,940.0,626.5098876953125,66.64998626708984
420693,460.0,1089.334716796875,236.81190490722656
416926,1132.0,841.6781005859375,74.35318756103516
431912,1442.0,1509.53369140625,104.68334197998047
409851,441.0,2082.4912109375,472.22021484375
428147,994.0,617.8951416015625,62.1624870300293
416933,992.0,1141.00390625,115.02054595947266
406211,1450.0,1231.6884765625,84.94403076171875
402257,660.0,1454.87060546875,220.43495178222656
406218,1058.0,1410.8583984375,133.35145568847656
402264,371.0,1051.52978515625,283.43121337890625
435660,408.0,957.3916015625,234.65481567382812
435662,746.0,1741.095703125,233.39085388183594
402274,891.0,1441.487548828125,161.78311157226562
442865,577.0,1049.197998046875,181.83673095703125
409872,598.0,1769.55029296875,295.91143798828125
416948,1113.0,1877.579345703125,168.6953582763672
428166,528.0,1920.4765625,363.72662353515625
428168,398.0,1946.74755859375,489.1325378417969
420728,209.0,1174.49169921875,561.957763671875
439307,314.0,301.06610107421875,95.88092803955078
439311,324.0,1362.9329833984375,420.6583557128906
416957,1453.0,482.0440673828125,33.175777435302734
420736,820.0,1732.0185546875,211.22177124023438
439322,607.0,1082.355712890625,178.31231689453125
442883,285.0,892.8406982421875,313.2774353027344
435688,513.0,851.4246826171875,165.9697265625
439333,219.0,1255.6175537109375,573.3413696289062
416966,1184.0,1622.20068359375,137.01019287109375
424474,622.0,1575.4345703125,253.28529357910156
420744,1704.0,745.5556640625,43.753265380859375
406259,431.0,1311.725341796875,304.3446350097656
402338,410.0,873.481201171875,213.044189453125
420750,903.0,1236.088134765625,136.8868408203125
409909,864.0,2020.3173828125,233.83302307128906
416975,319.0,1590.2041015625,498.49658203125
428201,604.0,1370.787353515625,226.95155334472656
420756,450.0,671.9580078125,149.32400512695312
435710,772.0,1267.0628662109375,164.1273193359375
409923,341.0,988.8017578125,289.97119140625
435714,1025.0,2155.123046875,210.2559051513672
402372,679.0,1587.47607421875,233.7961883544922
413249,542.0,856.5826416015625,158.04107666015625
428217,448.0,788.3243408203125,175.9652557373047
442909,627.0,1705.283935546875,271.97509765625
439374,429.0,1324.017578125,308.6287841796875
424517,1920.0,557.070068359375,29.014066696166992
442918,738.0,1765.733154296875,239.25924682617188
409968,554.0,2104.344482421875,379.8455810546875
416999,329.0,1355.73095703125,412.0762939453125
439388,199.0,1421.2998046875,714.2210083007812
402386,801.0,1519.939697265625,189.75527954101562
435737,783.0,1041.9287109375,133.0688018798828
420792,325.0,1093.6834716796875,336.51800537109375
417014,468.0,2198.16064453125,469.6924743652344
413269,1135.0,47.6356201171875,4.1969709396362305
402404,955.0,997.2100830078125,104.4198989868164
409989,621.0,729.01708984375,117.39405059814453
435752,1874.0,104.3170166015625,5.566543102264404
439406,1292.0,1610.71435546875,124.66828918457031
420840,1305.0,956.76171875,73.31507110595703
420842,652.0,648.0899658203125,99.40029907226562
406306,641.0,1948.91845703125,304.0434265136719
413281,1428.0,1053.1083984375,73.74708557128906
410020,907.0,1518.82177734375,167.45553588867188
428261,1429.0,930.61962890625,65.12384033203125
442956,199.0,1095.052978515625,550.2778930664062
442959,899.0,1060.403564453125,117.95368194580078
442962,376.0,1142.3380126953125,303.81329345703125
406317,1183.0,2164.219482421875,182.9433135986328
406318,1273.0,1754.263427734375,137.80545043945312
435779,944.0,822.515625,87.13088989257812
432045,308.0,1020.590576171875,331.3605651855469
417036,554.0,671.182861328125,121.15213775634766
413297,1583.0,1100.447265625,69.51657104492188
424603,702.0,320.0950927734375,45.597591400146484
402440,220.0,1110.938232421875,504.971923828125
406329,660.0,2674.5830078125,405.2398681640625
406331,863.0,1254.5556640625,145.3714599609375
402448,562.0,2592.704833984375,461.33538818359375
435793,1577.0,2015.197509765625,127.78678131103516
435797,580.0,2013.5947265625,347.1715087890625
410081,1011.0,1143.4033203125,113.09627532958984
420924,620.0,1362.715087890625,219.79275512695312
406351,1317.0,4.185546875,0.31780916452407837
428295,1138.0,1580.00732421875,138.84071350097656
406358,559.0,1068.6607666015625,191.1736602783203
432073,570.0,1911.1396484375,335.28765869140625
428299,818.0,1623.6240234375,198.48704528808594
402465,433.0,1259.39697265625,290.85382080078125
410106,691.0,902.72119140625,130.63983154296875
428306,217.0,1168.540771484375,538.498046875
439478,971.0,672.249755859375,69.23272705078125
406377,1558.0,1306.123291015625,83.83332824707031
439482,413.0,956.974853515625,231.71302795410156
443009,1592.0,780.99169921875,49.05726623535156
402482,1182.0,3157.873046875,267.1635437011719
410129,962.0,1742.83203125,181.16757202148438
420946,350.0,1809.8681640625,517.105224609375
410135,840.0,920.07421875,109.53263854980469
410141,514.0,1225.53759765625,238.43142700195312
420952,524.0,2225.739501953125,424.7594299316406
420956,160.0,1157.86181640625,723.6636352539062
443019,1093.0,1168.7294921875,106.9285888671875
402504,196.0,1410.4033203125,719.593505859375
402507,686.0,3266.91259765625,476.226318359375
420963,249.0,1495.748046875,600.7020263671875
402514,952.0,1050.1636962890625,110.31131744384766
402519,196.0,1112.978271484375,567.8460693359375
402523,488.0,806.14501953125,165.1936492919922
413358,249.0,1852.19482421875,743.8533325195312
432112,180.0,1292.76806640625,718.2044677734375
420972,792.0,835.984619140625,105.5536117553711
439528,954.0,1110.46337890625,116.4007797241211
443043,447.0,2205.2919921875,493.3538818359375
439537,1103.0,2221.267333984375,201.3841552734375
410188,520.0,587.2373046875,112.93025207519531
435859,486.0,1882.47314453125,387.34014892578125
406433,605.0,1379.512939453125,228.01866149902344
424678,516.0,1008.950927734375,195.5331268310547
413375,1524.0,1725.07666015625,113.19400024414062
402542,710.0,386.0859375,54.378299713134766
435867,2249.0,1073.25341796875,47.72136306762695
406442,772.0,846.5526123046875,109.65707397460938
439555,432.0,724.048583984375,167.6038360595703
413383,451.0,1924.55908203125,426.73150634765625
432137,771.0,820.814697265625,106.46104431152344
439563,373.0,922.009521484375,247.1875457763672
439565,1096.0,1721.8759765625,157.10546875
410220,375.0,963.486083984375,256.92962646484375
420999,792.0,1060.347900390625,133.88230895996094
421002,248.0,1867.31103515625,752.947998046875
402561,177.0,1007.490234375,569.2034912109375
417172,330.0,2373.33740234375,719.1931762695312
417175,289.0,1414.8726806640625,489.5753479003906
406462,1081.0,1278.613037109375,118.28057861328125
421009,674.0,2062.261474609375,305.9735107421875
410247,501.0,1718.3056640625,342.9751892089844
443100,941.0,2389.318603515625,253.91270446777344
417204,2500.0,1462.22314453125,58.488922119140625
402578,1002.0,1049.5859375,104.74909210205078
417211,289.0,1117.511962890625,386.6823425292969
424721,1540.0,840.89599609375,54.6036376953125
428397,161.0,1063.19580078125,660.3700561523438
402583,740.0,1597.82177734375,215.92185974121094
406480,397.0,1442.83642578125,363.43487548828125
417221,268.0,1634.3876953125,609.84619140625
402588,1603.0,396.249267578125,24.71923065185547
424731,1435.0,37.837890625,2.636786699295044
428408,519.0,1779.385009765625,342.8487548828125
443120,279.0,1205.12451171875,431.94427490234375
443122,386.0,536.3295288085938,138.94546508789062
435914,590.0,1864.0009765625,315.932373046875
410272,2875.0,1101.2041015625,38.30275344848633
406500,735.0,1242.94091796875,169.10760498046875
421046,552.0,1857.7646484375,336.55157470703125
417240,199.0,1077.0721435546875,541.2422485351562
439641,1024.0,813.515625,79.44488525390625
443135,189.0,979.9710693359375,518.503173828125
417248,400.0,810.203125,202.55079650878906
428431,510.0,999.94580078125,196.0677947998047
421059,1267.0,884.6796875,69.82476043701172
413442,518.0,1107.8455810546875,213.86981201171875
439655,1121.0,1551.265869140625,138.38232421875
421065,1315.0,443.1595458984375,33.700347900390625
410297,97.0,896.7158813476562,924.4493408203125
417265,321.0,1381.764404296875,430.4562072753906
413450,669.0,1080.102783203125,161.45033264160156
406528,1733.0,1158.8330078125,66.86860656738281
421074,514.0,1856.1708984375,361.12274169921875
406531,925.0,349.4072265625,37.77375411987305
428448,651.0,1232.1458740234375,189.26971435546875
424775,3173.0,633.0263671875,19.950407028198242
410317,335.0,1210.0340576171875,361.2041931152344
421085,501.0,1466.83642578125,292.7817077636719
413473,346.0,1212.31103515625,350.37890625
439676,489.0,1956.8515625,400.17413330078125
406544,2781.0,512.77490234375,18.438507080078125
432243,581.0,1547.0263671875,266.26959228515625
402649,762.0,1275.84912109375,167.43426513671875
432248,370.0,2056.89453125,555.91748046875
410340,552.0,2479.795166015625,449.2382507324219
424791,1464.0,1890.71142578125,129.14695739746094
439690,529.0,1118.292236328125,211.3974151611328
413490,1492.0,1345.3037109375,90.16780853271484
410361,258.0,1540.14794921875,596.9566040039062
439696,1046.0,1193.551513671875,114.10626220703125
417319,842.0,1442.81640625,171.35586547851562
435983,351.0,1561.6802978515625,444.92315673828125
443221,440.0,1024.547607421875,232.85171508789062
410376,742.0,1859.92822265625,250.6641845703125
406571,644.0,2006.42724609375,311.5570373535156
432266,1503.0,396.406982421875,26.3743839263916
439711,713.0,2274.4140625,318.9921569824219
439715,469.0,1465.9578857421875,312.57098388671875
424818,652.0,1444.312255859375,221.52027893066406
439722,594.0,798.895263671875,134.49415588378906
439725,534.0,1067.08251953125,199.82818603515625
402701,176.0,1231.480712890625,699.7049560546875
439732,621.0,1489.14111328125,239.7972869873047
428488,1193.0,556.5598754882812,46.65212631225586
410404,1244.0,2267.569580078125,182.280517578125
436006,490.0,566.7218017578125,115.65750885009766
439748,551.0,892.67822265625,162.01055908203125
421132,251.0,1001.9820556640625,399.1960144042969
439752,460.0,2499.183349609375,543.3007202148438
410423,1213.0,1746.611572265625,143.99105834960938
439754,2041.0,282.41455078125,13.837067604064941
436020,801.0,960.0447998046875,119.85578918457031
432301,791.0,919.717041015625,116.27269744873047
436024,620.0,1964.48486328125,316.8524169921875
436027,610.0,1066.149169921875,174.778564453125
413597,672.0,1605.060302734375,238.84825134277344
417371,199.0,1265.163818359375,635.7607421875
436036,1182.0,441.0206298828125,37.3113899230957
432324,241.0,1769.965576171875,734.425537109375
424853,350.0,817.2196044921875,233.4913330078125
424857,482.0,829.12744140625,172.0181427001953
428513,355.0,1142.1865234375,321.74267578125
428516,460.0,1377.1490478515625,299.3802185058594
410482,457.0,1032.305908203125,225.88751220703125
432337,661.0,615.0458984375,93.04779052734375
410491,256.0,1868.58740234375,729.9169311523438
410495,244.0,928.65478515625,380.5962219238281
421195,327.0,848.2049560546875,259.389892578125
406657,1305.0,172.382080078125,13.209354400634766
406662,297.0,1152.4620361328125,388.0343322753906
406666,390.0,752.249267578125,192.88442993164062
439791,321.0,1205.1492919921875,375.4359130859375
443270,139.0,875.7958984375,630.0689697265625
417425,862.0,2380.4091796875,276.1495666503906
428535,862.0,2769.591552734375,321.2983093261719
421211,447.0,1408.9254150390625,315.19586181640625
413626,886.0,1113.7935791015625,125.71033477783203
402747,578.0,1065.802490234375,184.3948974609375
402748,1393.0,676.5537109375,48.56810760498047
402749,1155.0,910.80322265625,78.857421875
406697,1383.0,1599.3525390625,115.64371490478516
436075,491.0,1107.5118408203125,225.5625
436078,220.0,801.508544921875,364.3220520019531
436080,620.0,1747.411865234375,281.84063720703125
417452,294.0,1381.233154296875,469.80718994140625
436085,379.0,956.8466796875,252.46615600585938
413640,796.0,1720.8583984375,216.188232421875
439820,587.0,1467.537109375,250.00631713867188
443319,1307.0,1024.1630859375,78.35983276367188
402766,496.0,1661.453857421875,334.9705505371094
417496,530.0,1544.98828125,291.5072326660156
413650,956.0,2639.74658203125,276.1241149902344
417499,465.0,454.9161376953125,97.83142852783203
432382,420.0,964.6400146484375,229.6761932373047
410546,1325.0,2123.63525390625,160.2743682861328
443345,649.0,1586.69091796875,244.482421875
439841,681.0,1171.063232421875,171.96229553222656
413662,190.0,775.1951293945312,407.9974060058594
443357,241.0,1422.92724609375,590.42626953125
443360,1095.0,631.37646484375,57.65995407104492
443365,932.0,356.298095703125,38.229408264160156
428597,497.0,1221.791748046875,245.83334350585938
402794,485.0,2168.896484375,447.1951599121094
410558,501.0,2362.235107421875,471.5040283203125
417525,687.0,539.9488525390625,78.59517669677734
436123,293.0,1103.107421875,376.4871826171875
443382,704.0,474.2242431640625,67.36139678955078
443385,880.0,1574.94775390625,178.97134399414062
413683,879.0,1384.9287109375,157.55731201171875
406744,480.0,1192.096923828125,248.35353088378906
413686,346.0,1159.8216552734375,335.20855712890625
428615,156.0,967.292724609375,620.0594482421875
410579,1031.0,1150.81689453125,111.62142944335938
413695,592.0,1918.5498046875,324.0793762207031
413697,654.0,1552.0634765625,237.3185577392578
413699,767.0,1730.9521484375,225.67825317382812
443414,1562.0,2581.826171875,165.28976440429688
406755,1975.0,5.87744140625,0.2975919842720032
421286,371.0,1222.7711181640625,329.5879211425781
402827,720.0,1421.548828125,197.4373321533203
443432,1116.0,318.484130859375,28.53800392150879
413712,319.0,1472.270263671875,461.5267333984375
421294,329.0,1253.0859375,380.877197265625
413714,780.0,1051.23583984375,134.77383422851562
428639,431.0,1482.5694580078125,343.9836120605469
406770,207.0,1267.39794921875,612.26953125
436152,2009.0,2066.066650390625,102.8405532836914
432446,1312.0,1129.7548828125,86.10936737060547
410614,1364.0,1438.7373046875,105.47927856445312
417565,1215.0,1847.233642578125,152.0356903076172
432456,320.0,929.448974609375,290.45281982421875
436162,441.0,1639.51611328125,371.7723693847656
417571,832.0,1343.36279296875,161.46188354492188
417574,612.0,855.6962890625,139.8196563720703
428657,933.0,1936.291259765625,207.53390502929688
402855,1021.0,1917.4453125,187.80072021484375
425020,746.0,1888.008544921875,253.08425903320312
428664,482.0,975.205810546875,202.32485961914062
402859,2568.0,1433.532958984375,55.822933197021484
436182,440.0,2359.51904296875,536.2543334960938
406790,1531.0,216.55029296875,14.144370079040527
417588,2145.0,704.138427734375,32.82696533203125
443466,2475.0,900.3837890625,36.37914276123047
413761,914.0,1349.35400390625,147.63172912597656
402869,417.0,1065.158203125,255.43362426757812
421327,822.0,1545.46728515625,188.01304626464844
425043,562.0,1845.861572265625,328.44512939453125
417599,1385.0,526.2413330078125,37.995765686035156
432495,544.0,1084.3253173828125,199.3245086669922
439971,831.0,1163.693359375,140.03530883789062
432497,1766.0,834.272216796875,47.24078369140625
421338,501.0,2023.23828125,403.8399658203125
425053,445.0,1637.5986328125,367.99969482421875
421343,683.0,1520.791259765625,222.66342163085938
425057,822.0,1396.235595703125,169.8583526611328
425058,1557.0,179.4893798828125,11.527897834777832
436222,389.0,1142.047119140625,293.5853576660156
432509,1011.0,975.2808837890625,96.46694946289062
443490,476.0,1035.61083984375,217.56529235839844
417620,868.0,1150.8243408203125,132.5834503173828
410670,480.0,1135.841796875,236.6337127685547
439994,990.0,1643.6875,166.02903747558594
443505,720.0,441.2408447265625,61.283451080322266
410677,872.0,1283.38037109375,147.17665100097656
406839,912.0,2024.2646484375,221.95884704589844
440002,838.0,1177.18896484375,140.47601318359375
406845,1322.0,1798.783447265625,136.06532287597656
425078,609.0,1103.984375,181.27821350097656
406852,1152.0,2342.0537109375,203.3032684326172
428728,1464.0,926.37060546875,63.27667999267578
417649,340.0,1479.8951416015625,435.2633056640625
406864,237.0,1508.48046875,636.4896240234375
417654,1143.0,1472.244873046875,128.80532836914062
410699,1624.0,2739.5771484375,168.69317626953125
406874,1146.0,1204.029296875,105.06364440917969
417662,210.0,1154.955322265625,549.978759765625
421403,865.0,1569.519775390625,181.44737243652344
443545,510.0,1685.14404296875,330.42041015625
432546,369.0,1174.8389892578125,318.3845520019531
413807,1375.0,251.9664306640625,18.324831008911133
432551,810.0,1840.42919921875,227.21347045898438
432554,660.0,1856.8955078125,281.3478088378906
402940,194.0,892.34375,459.97100830078125
440042,3044.0,389.766845703125,12.804429054260254
428757,306.0,1225.32080078125,400.431640625
436293,1494.0,674.148193359375,45.12370681762695
425110,1433.0,11.7991943359375,0.8233911395072937
436301,559.0,1007.6070556640625,180.251708984375
443577,320.0,1209.6431884765625,378.01348876953125
428764,1805.0,1808.643310546875,100.20184326171875
417692,420.0,668.0234375,159.05319213867188
402959,1359.0,1091.26171875,80.29887390136719
417696,391.0,2035.51708984375,520.5925903320312
436321,894.0,312.422607421875,34.946598052978516
406914,1013.0,1404.732421875,138.6705322265625
421425,1104.0,532.5205078125,48.23555374145508
425126,1543.0,1874.277099609375,121.46967315673828
417704,481.0,1981.39501953125,411.93243408203125
410748,611.0,1399.076171875,228.9813690185547
402975,1942.0,1247.07177734375,64.21585083007812
402978,613.0,587.4794921875,95.83678436279297
440078,870.0,1371.0361328125,157.59036254882812
417715,554.0,1292.9747314453125,233.38894653320312
443603,150.0,1341.492919921875,894.32861328125
417719,1071.0,1105.43798828125,103.21549987792969
410766,1622.0,1721.56298828125,106.13829040527344
436356,896.0,1018.91064453125,113.71771240234375
413880,993.0,1282.462646484375,129.1503143310547
410774,639.0,1597.722900390625,250.03488159179688
410777,1010.0,886.8170166015625,87.80366516113281
417729,1581.0,1410.8984375,89.24089050292969
402997,1311.0,1162.16357421875,88.64710998535156
406957,921.0,1282.9599609375,139.30075073242188
443620,527.0,1979.32470703125,375.58343505859375
403005,1231.0,1798.043701171875,146.06365966796875
432630,980.0,740.06103515625,75.51643371582031
413894,999.0,2216.114501953125,221.83328247070312
443624,1053.0,1562.992431640625,148.4323272705078
436377,932.0,2008.496337890625,215.50390625
410796,470.0,601.5784912109375,127.99542236328125
432638,570.0,1687.07080078125,295.9773254394531
443630,864.0,959.59375,111.0640869140625
406987,1087.0,487.292724609375,44.82913589477539
443634,831.0,1219.282470703125,146.7247314453125
417757,189.0,1028.8497314453125,544.3649291992188
406995,1015.0,1075.195556640625,105.93060302734375
406996,1362.0,376.593505859375,27.65003776550293
432655,1619.0,792.8056640625,48.968849182128906
436393,651.0,1805.66259765625,277.3675231933594
432664,233.0,1279.751708984375,549.2496337890625
407003,501.0,2265.33349609375,452.162353515625
410813,833.0,2243.340576171875,269.30859375
432677,573.0,1923.703125,335.72479248046875
410818,478.0,1452.445556640625,303.85888671875
413929,1901.0,745.55517578125,39.2191047668457
421498,728.0,1598.915283203125,219.6312255859375
440136,1259.0,654.7418212890625,52.00490951538086
421502,380.0,1015.745361328125,267.3014221191406
428846,830.0,2287.589111328125,275.6131286621094
432702,141.0,936.7301025390625,664.3475952148438
436420,454.0,1334.2132568359375,293.87957763671875
425200,858.0,2530.555419921875,294.9365234375
425204,282.0,1156.863525390625,410.2353210449219
436428,710.0,1613.900390625,227.30992126464844
403072,869.0,929.024658203125,106.90731811523438
407039,193.0,1177.6287841796875,610.1703491210938
413957,852.0,1999.78125,234.7161102294922
432728,532.0,1295.203125,243.459228515625
421519,160.0,1477.7452392578125,923.5907592773438
403078,963.0,1873.9853515625,194.59869384765625
403080,844.0,2489.262451171875,294.9363098144531
407057,842.0,2617.553955078125,310.8733825683594
440164,189.0,1190.235595703125,629.7543334960938
421528,199.0,1186.131591796875,596.0460205078125
417799,641.0,1298.747802734375,202.61276245117188
413977,229.0,987.0535888671875,431.0277404785156
436464,1018.0,2495.486083984375,245.13616943359375
436467,909.0,1194.24853515625,131.38047790527344
428889,470.0,1475.369873046875,313.9084777832031
432763,317.0,933.717529296875,294.548095703125
425246,409.0,1032.673095703125,252.4873046875
410868,161.0,1183.654052734375,735.1888427734375
403100,392.0,1011.8873291015625,258.134521484375
425251,1363.0,1025.96923828125,75.27287292480469
428900,381.0,1183.8387451171875,310.71881103515625
410877,757.0,1607.68994140625,212.37648010253906
410882,275.0,1031.708251953125,375.1666259765625
436506,245.0,627.5098876953125,256.12646484375
425259,904.0,2207.353271484375,244.17623901367188
421558,921.0,622.48486328125,67.58793640136719
432805,798.0,2064.761962890625,258.7420959472656
417825,1123.0,273.4072265625,24.346145629882812
417826,1335.0,1510.71337890625,113.16205596923828
403118,199.0,814.1939697265625,409.1427001953125
421566,1030.0,1703.375,165.37620544433594
436533,190.0,1400.131103515625,736.9111328125
425272,831.0,1425.49072265625,171.53919982910156
440213,1836.0,360.083984375,19.612417221069336
403139,501.0,1594.28955078125,318.2214660644531
443762,971.0,2615.054443359375,269.31561279296875
436548,851.0,2069.4052734375,243.17335510253906
432836,615.0,1645.61279296875,267.5793151855469
425281,108.0,1128.292724609375,1044.7154541015625
432841,707.0,2326.690673828125,329.09344482421875
432843,1258.0,817.11279296875,64.95332336425781
428930,1531.0,813.84228515625,53.157562255859375
432850,733.0,1511.713134765625,206.23643493652344
425289,610.0,1743.8876953125,285.88323974609375
432855,413.0,1341.436767578125,324.8031005859375
421588,1742.0,195.046630859375,11.196706771850586
436578,971.0,339.96875,35.012229919433594
421590,1412.0,1207.22998046875,85.49787139892578
414053,1113.0,1044.09423828125,93.80900573730469
443797,342.0,831.11865234375,243.01715087890625
414056,1483.0,990.42919921875,66.78551483154297
414058,291.0,1067.72412109375,366.91552734375
407144,920.0,1660.318359375,180.46937561035156
417858,435.0,2268.49853515625,521.493896484375
407146,1652.0,686.4310302734375,41.551513671875
410932,199.0,1028.517333984375,516.8428955078125
425313,415.0,1504.4375,362.51507568359375
425315,710.0,2383.464111328125,335.6991882324219
421605,1688.0,1003.31787109375,59.438262939453125
417888,600.0,1290.349609375,215.0582733154297
432914,630.0,1406.7037353515625,223.28631591796875
407168,534.0,808.839111328125,151.46800231933594
417904,1292.0,10.94677734375,0.8472737669944763
425324,314.0,867.7327880859375,276.3480224609375
414085,592.0,1410.438720703125,238.24978637695312
407181,330.0,1088.814208984375,329.9436950683594
432933,875.0,1221.887451171875,139.64427185058594
432940,488.0,1530.46435546875,313.6197509765625
428977,1342.0,114.72314453125,8.548669815063477
440274,1644.0,307.5892333984375,18.709806442260742
421622,300.0,1085.650146484375,361.8833923339844
436625,430.0,1243.82861328125,289.262451171875
443839,1052.0,794.871337890625,75.55811309814453
432960,318.0,762.55126953125,239.79598999023438
425341,890.0,582.5780029296875,65.45820617675781
417951,529.0,1794.51416015625,339.2276306152344
414105,735.0,1085.2010498046875,147.6464080810547
410964,794.0,2197.756591796875,276.7955322265625
414108,843.0,1395.1416015625,165.49722290039062
425350,300.0,980.06103515625,326.68701171875
417982,722.0,1273.1378173828125,176.3348846435547
417991,1429.0,254.6041259765625,17.816944122314453
440295,660.0,759.0340576171875,115.00515747070312
414117,329.0,1074.362548828125,326.553955078125
443854,1043.0,2172.174560546875,208.26217651367188
429008,490.0,1419.2911376953125,289.6512451171875
443860,1589.0,22.141357421875,1.3934146165847778
429013,360.0,3048.318359375,846.755126953125
414130,1288.0,1697.47412109375,131.79147338867188
421669,198.0,1197.3580322265625,604.7262573242188
407230,406.0,1242.383544921875,306.00579833984375
418009,209.0,914.6611328125,437.63690185546875
443881,513.0,1066.283447265625,207.85252380371094
429022,511.0,912.169921875,178.5068359375
443887,511.0,2256.999267578125,441.68280029296875
440319,570.0,3166.405517578125,555.509765625
410999,359.0,873.342529296875,243.27090454101562
425384,1081.0,868.4378662109375,80.33653259277344
440328,90.0,1397.002197265625,1552.224609375
407248,1796.0,294.484375,16.39668083190918
440335,671.0,1704.015625,253.95167541503906
436681,740.0,1156.024658203125,156.2195587158203
403258,1575.0,337.13916015625,21.40566062927246
436686,647.0,1186.75048828125,183.42356872558594
421701,449.0,1020.66357421875,227.3192901611328
421704,542.0,1241.784912109375,229.11160278320312
411021,933.0,973.3084716796875,104.3203125
411022,1585.0,1817.243896484375,114.6526107788086
425406,2335.0,52.5810546875,2.2518653869628906
425411,606.0,1871.75146484375,308.869873046875
443904,350.0,2038.50634765625,582.4303588867188
443907,902.0,1139.4405517578125,126.32378387451172
421741,479.0,780.324951171875,162.90708923339844
425423,150.0,1082.208251953125,721.47216796875
403281,117.0,1040.87158203125,889.6338500976562
443921,313.0,979.4373779296875,312.9192810058594
443925,815.0,2190.15869140625,268.7311096191406
425430,721.0,1163.17431640625,161.3279266357422
425432,289.0,1562.8031005859375,540.7623291015625
443938,456.0,1420.53759765625,311.52142333984375
440401,451.0,1794.24462890625,397.8369445800781
407290,1374.0,18.38232421875,1.3378692865371704
425444,1094.0,1103.45703125,100.86444854736328
414193,411.0,1748.4990234375,425.425537109375
411055,720.0,1360.9521484375,189.02113342285156
429056,785.0,1386.522216796875,176.62704467773438
403299,1688.0,337.073486328125,19.968807220458984
411063,449.0,1726.03662109375,384.41796875
433094,1210.0,22.843505859375,1.8878930807113647
433098,483.0,1164.732666015625,241.1454620361328
429062,548.0,1054.5947265625,192.4442901611328
443970,2311.0,693.835693359375,30.023181915283203
433106,1263.0,1024.3857421875,81.10734558105469
403311,1950.0,1920.483154296875,98.48631286621094
411077,700.0,871.65966796875,124.5228042602539
433116,773.0,1068.3955078125,138.21417236328125
425474,560.0,1196.1708984375,213.60194396972656
418090,1696.0,2631.0712890625,155.1339111328125
418093,270.0,525.6130981445312,194.67152404785156
407330,686.0,2103.68017578125,306.6589050292969
425483,1612.0,147.206298828125,9.131904602050781
433138,778.0,1863.76806640625,239.5588836669922
418099,2051.0,1083.4541015625,52.825653076171875
418101,501.0,1797.025390625,358.6877136230469
421808,462.0,682.6712646484375,147.76434326171875
429086,441.0,848.7864990234375,192.46859741210938
418105,1715.0,943.0029296875,54.985595703125
407340,223.0,716.8301391601562,321.448486328125
425497,328.0,938.831298828125,286.22906494140625
433163,1466.0,1505.558349609375,102.6983871459961
403364,643.0,2287.232177734375,355.7126159667969
425502,905.0,1482.008544921875,163.75784301757812
414232,991.0,1210.51953125,122.15131378173828
411105,941.0,595.413330078125,63.274532318115234
440448,209.0,1521.001220703125,727.7517700195312
433188,181.0,1151.329833984375,636.0938110351562
433194,1353.0,832.7294921875,61.546897888183594
440454,221.0,1762.5791015625,797.547119140625
403392,336.0,1240.2362060546875,369.117919921875
414245,313.0,735.9732666015625,235.13522338867188
433217,360.0,835.6917724609375,232.13661193847656
414251,722.0,2776.04345703125,384.4935302734375
440465,405.0,2590.461181640625,639.6200561523438
407368,341.0,1548.9844970703125,454.2476806640625
429111,1041.0,1733.7919921875,166.55062866210938
444038,518.0,1067.9248046875,206.16310119628906
433241,1696.0,77.2989501953125,4.557721138000488
433244,1803.0,302.83154296875,16.79598045349121
418140,520.0,1299.3291015625,249.87098693847656
433251,317.0,865.70751953125,273.0938415527344
418146,382.0,1490.473388671875,390.17626953125
425531,492.0,2852.483642578125,579.7730712890625
403420,1083.0,859.2259521484375,79.33757781982422
403423,562.0,1169.050537109375,208.01611328125
421860,813.0,1776.331787109375,218.4910125732422
429133,802.0,1185.1121826171875,147.76959228515625
407405,764.0,984.44775390625,128.8544158935547
421865,717.0,1510.4296875,210.65965270996094
436843,227.0,710.9064331054688,313.17462158203125
403433,668.0,1665.8818359375,249.3834991455078
421870,1364.0,1068.19140625,78.31315612792969
418165,1343.0,1089.47314453125,81.12235260009766
421875,431.0,2097.0283203125,486.5494689941406
444064,972.0,967.618896484375,99.54927062988281
418173,471.0,1308.901611328125,277.8984375
436857,429.0,1021.83203125,238.1892852783203
425555,891.0,168.638671875,18.926898956298828
414301,239.0,818.68359375,342.5454406738281
429161,411.0,1649.81298828125,401.4143371582031
421894,275.0,753.4559326171875,273.9839782714844
436869,1113.0,338.42041015625,30.406147003173828
440513,1877.0,854.885009765625,45.545284271240234
444084,381.0,1341.2177734375,352.0256652832031
418193,723.0,1059.7276611328125,146.57366943359375
418195,973.0,1200.857177734375,123.41800689697266
436880,190.0,1233.113525390625,649.0071411132812
421911,322.0,1469.48095703125,456.36053466796875
418202,209.0,1298.8555908203125,621.4620361328125
429189,1042.0,2115.03466796875,202.97837829589844
403491,761.0,2025.8759765625,266.21234130859375
403494,618.0,2023.9677734375,327.50286865234375
444110,400.0,1763.73291015625,440.9332275390625
414332,1183.0,938.798828125,79.35746765136719
440539,409.0,1293.8623046875,316.3477478027344
440543,862.0,1008.930908203125,117.04535675048828
421926,812.0,1561.249267578125,192.27207946777344
440551,682.0,2800.73583984375,410.6650695800781
425605,1054.0,580.03759765625,55.03203201293945
425607,1598.0,647.423828125,40.51463317871094
440568,544.0,1070.716064453125,196.82281494140625
440570,1627.0,768.03466796875,47.20557403564453
429229,1451.0,60.384033203125,4.161546230316162
440575,957.0,1579.453857421875,165.0421905517578
418246,289.0,891.2293701171875,308.3838806152344
429234,779.0,821.924072265625,105.5101547241211
414359,1063.0,1229.82568359375,115.69385528564453
429242,761.0,1591.01708984375,209.06924438476562
403547,203.0,1082.4150390625,533.2093505859375
421964,729.0,1334.10009765625,183.00413513183594
444155,425.0,1064.302490234375,250.4241180419922
414374,724.0,1457.142822265625,201.26283264160156
425635,451.0,1478.9788818359375,327.9332275390625
436961,616.0,2044.87548828125,331.9602966308594
429259,431.0,1671.55224609375,387.8311462402344
429262,651.0,1361.365966796875,209.11920166015625
418290,430.0,828.85791015625,192.75765991210938
436971,1436.0,2103.515869140625,146.48439025878906
436972,1699.0,1265.03173828125,74.45742797851562
403575,506.0,1911.3525390625,377.7376708984375
425660,410.0,1437.2679443359375,350.55316162109375
421992,590.0,1987.2890625,336.82867431640625
425666,461.0,836.55078125,181.46437072753906
436983,770.0,2611.7802734375,339.1922607421875
429286,344.0,1127.97119140625,327.8985900878906
436990,292.0,1304.64794921875,446.7972412109375
418315,400.0,870.62451171875,217.6561279296875
436997,682.0,1495.86962890625,219.33572387695312
422012,671.0,1367.5054931640625,203.8011016845703
444198,780.0,1337.13720703125,171.42784118652344
437016,221.0,1299.133056640625,587.843017578125
403610,90.0,936.3428955078125,1040.3809814453125
429302,289.0,1520.7696533203125,526.2178955078125
437023,1492.0,882.168212890625,59.126556396484375
429306,393.0,1050.1005859375,267.201171875
418337,129.0,1207.471923828125,936.0247802734375
403634,632.0,3203.89892578125,506.946044921875
425698,2274.0,1092.4564208984375,48.04117965698242
437036,268.0,825.189208984375,307.9064025878906
429319,680.0,1814.19482421875,266.7933349609375
444229,439.0,1704.55908203125,388.2822570800781
440666,720.0,1022.1494140625,141.96519470214844
422047,625.0,940.3448486328125,150.45516967773438
440671,882.0,1235.267578125,140.05300903320312
444237,1021.0,1335.8583984375,130.83824157714844
418362,300.0,1298.6319580078125,432.8772888183594
429340,584.0,2364.570068359375,404.89215087890625
403692,866.0,1179.3851318359375,136.1876678466797
429349,385.0,1389.5799560546875,360.92987060546875
425728,371.0,1222.0870361328125,329.4035339355469
422067,903.0,281.4150390625,31.16445541381836
414461,300.0,808.2421875,269.4140625
414466,731.0,1829.01171875,250.20680236816406
440693,440.0,1145.46728515625,260.3334655761719
440697,1131.0,1020.7578125,90.25267791748047
444267,310.0,1409.1680908203125,454.5703430175781
429369,641.0,948.40625,147.95729064941406
414480,250.0,1030.685302734375,412.27410888671875
418403,561.0,2867.677978515625,511.17254638671875
444278,303.0,1233.342041015625,407.0436096191406
440716,839.0,1145.3480224609375,136.5134735107422
429385,860.0,1046.8531494140625,121.72711181640625
444283,643.0,948.011962890625,147.43576049804688
429390,349.0,1559.7872314453125,446.9304504394531
429393,902.0,1435.3798828125,159.13302612304688
418430,501.0,1161.28369140625,231.7931365966797
425779,770.0,1804.890625,234.4013671875
444308,721.0,2134.780517578125,296.0860595703125
429406,383.0,1024.75244140625,267.55938720703125
422116,1484.0,1019.99072265625,68.73252868652344
414530,279.0,1181.894775390625,423.61822509765625
418448,971.0,1873.454833984375,192.94076538085938
429424,866.0,784.2666015625,90.56196594238281
444332,1602.0,201.744384765625,12.593282699584961
422136,850.0,1247.1845703125,146.72760009765625
444342,1191.0,644.4898681640625,54.11334228515625
422143,801.0,1267.68212890625,158.262451171875
444352,862.0,1560.001220703125,180.974609375
425818,732.0,1232.540771484375,168.37989807128906
422158,310.0,1027.74365234375,331.53021240234375
444362,810.0,1841.34130859375,227.32608032226562
422167,537.0,2161.6201171875,402.5363464355469
444369,779.0,1728.2451171875,221.85430908203125
444374,228.0,1107.06884765625,485.5565185546875
429474,522.0,1132.7403564453125,217.0000762939453
414589,247.0,1350.03369140625,546.5723266601562
425848,590.0,1669.35595703125,282.94171142578125
444388,1143.0,1821.188720703125,159.3341064453125
414602,409.0,1855.687255859375,453.7132873535156
425863,208.0,1189.0765380859375,571.67138671875
444403,384.0,1256.74853515625,327.27825927734375
422214,695.0,1087.948974609375,156.53941345214844
425878,130.0,996.4700927734375,766.5154418945312
425883,440.0,925.863525390625,210.42352294921875
422223,1320.0,436.207275390625,33.04600524902344
425890,276.0,1627.7471923828125,589.7634887695312
414669,497.0,923.312744140625,185.77720642089844
429569,291.0,1431.4486083984375,491.90673828125
425921,1404.0,362.5433349609375,25.822174072265625
429585,240.0,1067.6055908203125,444.8356628417969
429597,1374.0,751.4358520507812,54.68965148925781
414737,351.0,996.11083984375,283.7922668457031
429616,1341.0,353.2525634765625,26.342472076416016
429627,1140.0,2757.219482421875,241.8613739013672
414788,355.0,1238.69921875,348.9293518066406
414811,356.0,2060.01904296875,578.6570434570312
391341,261.0,1192.614990234375,456.94061279296875
366455,597.0,1782.16015625,298.519287109375
399935,1695.0,608.23876953125,35.88429260253906
366474,220.0,1194.16845703125,542.8038330078125
366487,506.0,1481.54833984375,292.7961120605469
366490,603.0,949.62548828125,157.48348999023438
341532,321.0,1128.302490234375,351.49609375
366498,1584.0,2708.01171875,170.9603271484375
391398,1061.0,4473.6982421875,421.64923095703125
391402,520.0,1194.4041748046875,229.69309997558594
399991,1785.0,1445.908447265625,81.0032730102539
341552,692.0,2114.511962890625,305.5653076171875
341560,720.0,2302.554443359375,319.7992248535156
366531,598.0,2897.486328125,484.52947998046875
366537,941.0,641.4317626953125,68.16490173339844
366546,1453.0,300.1981201171875,20.660573959350586
366556,318.0,1878.15625,590.6151733398438
341597,1752.0,2807.345703125,160.23663330078125
341606,560.0,2562.981689453125,457.6753234863281
366603,909.0,1261.036865234375,138.72792053222656
341621,821.0,919.714599609375,112.02369689941406
341629,1023.0,760.67138671875,74.35693359375
341639,381.0,1559.438720703125,409.301513671875
341646,911.0,1896.76318359375,208.20672607421875
341655,331.0,947.301513671875,286.19378662109375
366647,711.0,882.26806640625,124.08833312988281
341669,1030.0,1680.1376953125,163.1201629638672
366664,469.0,1465.712158203125,312.5185852050781
391547,680.0,2067.805908203125,304.0890808105469
391567,299.0,1381.2708740234375,461.9635009765625
391588,760.0,1627.6083984375,214.1589813232422
391609,520.0,2345.163818359375,450.9930725097656
391629,2012.0,514.044921875,25.548952102661133
391653,1383.0,1928.67431640625,139.45584106445312
429809,370.0,1209.993896484375,327.0253601074219
422359,901.0,2522.031005859375,279.9146423339844
433544,197.0,1450.9560546875,736.5259399414062
429815,633.0,1776.9501953125,280.7188415527344
437266,921.0,2183.70166015625,237.1011505126953
440994,908.0,1808.433349609375,199.1666717529297
433562,563.0,1509.00537109375,268.0293884277344
433567,555.0,1409.4296875,253.9512939453125
400024,1411.0,863.529296875,61.199806213378906
418640,239.0,1374.5140380859375,575.1104736328125
418642,480.0,1209.8951416015625,252.06149291992188
400033,1674.0,4198.3359375,250.79664611816406
414938,193.0,1136.91845703125,589.076904296875
426107,547.0,2354.4873046875,430.4364318847656
437278,771.0,1695.11962890625,219.85986328125
400045,760.0,2059.7412109375,271.0185852050781
418650,1251.0,2069.80224609375,165.45181274414062
437284,409.0,2037.510009765625,498.168701171875
433600,965.0,1874.31591796875,194.22962951660156
403770,429.0,2492.80078125,581.0724487304688
426125,682.0,2328.619873046875,341.43988037109375
403772,950.0,3261.5615234375,343.322265625
433610,522.0,1988.01220703125,380.84527587890625
426130,855.0,2423.693359375,283.472900390625
437301,415.0,1062.6575927734375,256.06207275390625
411220,1269.0,280.8525390625,22.131799697875977
422404,330.0,863.12841796875,261.5540771484375
433622,1232.0,1123.6162109375,91.2026138305664
429878,239.0,867.0189208984375,362.7694091796875
426139,853.0,1879.12890625,220.29647827148438
441031,620.0,2823.14990234375,455.3467712402344
429885,401.0,1926.18359375,480.3450622558594
407500,932.0,2031.9228515625,218.01748657226562
441039,470.0,698.935302734375,148.7096405029297
429893,279.0,2569.33642578125,920.9091186523438
403796,650.0,1887.371826171875,290.3648986816406
411237,958.0,1360.311767578125,141.99496459960938
433648,1351.0,2625.949951171875,194.37083435058594
411240,1341.0,318.960693359375,23.785287857055664
403801,2665.0,3032.240234375,113.78012084960938
437329,1197.0,2572.166259765625,214.8843994140625
422435,280.0,1085.3023681640625,387.60797119140625
429914,293.0,1184.142333984375,404.1441345214844
441062,570.0,877.49658203125,153.94676208496094
415022,830.0,3191.647705078125,384.5358581542969
411250,1196.0,2678.179443359375,223.92803955078125
429924,563.0,972.9329833984375,172.81224060058594
426172,1093.0,1644.29150390625,150.43838500976562
418711,342.0,668.295166015625,195.40794372558594
411257,196.0,907.973388671875,463.2517395019531
400112,395.0,693.8621826171875,175.66131591796875
422454,784.0,2191.259033203125,279.4973449707031
433672,1631.0,2987.49609375,183.16958618164062
400120,101.0,952.091064453125,942.6644287109375
415038,601.0,958.765380859375,159.52835083007812
433680,430.0,1935.11181640625,450.0260009765625
422462,1555.0,597.024658203125,38.39387130737305
407534,2034.0,106.279052734375,5.225125312805176
407539,652.0,1825.5517578125,279.99261474609375
400137,537.0,1846.484130859375,343.851806640625
400140,328.0,250.95947265625,76.51203155517578
441090,200.0,1136.62548828125,568.312744140625
403864,933.0,2723.4638671875,291.9039611816406
433691,271.0,1009.543701171875,372.5253601074219
422474,1123.0,3057.1015625,272.226318359375
426210,2038.0,2313.580078125,113.52208709716797
415051,440.0,1326.048583984375,301.3746643066406
418738,1782.0,4127.6787109375,231.63180541992188
411294,1492.0,2482.6123046875,166.39492797851562
441099,406.0,3369.08642578125,829.8242797851562
433709,132.0,1397.1588134765625,1058.45361328125
411299,1078.0,2850.123779296875,264.38995361328125
426224,567.0,533.5693359375,94.10393524169922
415065,360.0,1045.862548828125,290.5173645019531
422495,1537.0,1059.22314453125,68.91497039794922
400171,1059.0,1002.78466796875,94.69165802001953
426233,751.0,2633.384521484375,350.650390625
441114,332.0,1998.455078125,601.9442749023438
400177,1202.0,808.6195068359375,67.27283477783203
437410,1052.0,636.3865966796875,60.49302291870117
418763,751.0,2110.73974609375,281.0572204589844
437413,1221.0,2307.581298828125,188.9910888671875
441123,924.0,1973.015869140625,213.52984619140625
441125,1122.0,1516.984130859375,135.20358276367188
418771,710.0,2433.2421875,342.7101745605469
407599,924.0,1958.236083984375,211.93032836914062
407601,420.0,1537.65966796875,366.10943603515625
426257,187.0,1177.45703125,629.6561889648438
400197,1180.0,1201.383544921875,101.8121566772461
433746,163.0,855.7225341796875,524.983154296875
403917,752.0,1456.839599609375,193.72866821289062
433753,349.0,916.6956787109375,262.66351318359375
411324,528.0,1872.31396484375,354.60491943359375
433762,1062.0,1104.353759765625,103.98811340332031
441143,229.0,1090.361328125,476.14031982421875
430101,580.0,1855.410888671875,319.8984375
422542,242.0,951.404541015625,393.1423645019531
433777,872.0,1912.323974609375,219.30320739746094
403932,2319.0,296.84716796875,12.800654411315918
411337,361.0,1209.568359375,335.06048583984375
441156,552.0,817.469970703125,148.09239196777344
433791,766.0,2449.70361328125,319.8046569824219
422551,763.0,478.5814208984375,62.72364807128906
411342,2137.0,2019.17626953125,94.48648834228516
422553,773.0,1294.23681640625,167.4303741455078
426299,786.0,1625.695556640625,206.8314971923828
415127,430.0,1770.7626953125,411.8052978515625
433812,562.0,1184.707763671875,210.80210876464844
437455,522.0,262.835693359375,50.35166931152344
433821,1524.0,1030.9970703125,67.65072631835938
403964,247.0,1479.9208984375,599.1582641601562
426314,1051.0,1270.28955078125,120.8648452758789
422583,772.0,350.193603515625,45.36186599731445
407664,635.0,1841.26171875,289.9624938964844
437468,402.0,1050.789794921875,261.3905029296875
403976,557.0,90.57342529296875,16.26093864440918
400248,841.0,3282.43408203125,390.30133056640625
407671,246.0,1251.802490234375,508.86279296875
418868,960.0,1771.99365234375,184.58267211914062
407675,521.0,1016.02587890625,195.01455688476562
441194,652.0,2569.30322265625,394.0649108886719
426339,242.0,1024.6627197265625,423.4143371582031
422600,199.0,983.7540283203125,494.3487548828125
400260,149.0,1677.7587890625,1126.0125732421875
407685,463.0,2839.76318359375,613.3397827148438
433861,1091.0,2462.24853515625,225.68731689453125
422608,1012.0,941.19921875,93.00387573242188
415155,2717.0,1333.638427734375,49.0849609375
422615,308.0,1344.518310546875,436.53192138671875
430181,1151.0,1875.266845703125,162.9250030517578
430182,1701.0,1055.251220703125,62.037109375
430183,1570.0,1393.861328125,88.78097534179688
415161,647.0,2005.970703125,310.0418395996094
407712,1111.0,2332.311767578125,209.92906188964844
430190,457.0,2053.404296875,449.3226013183594
426361,673.0,2005.966064453125,298.06329345703125
433900,334.0,1178.0859375,352.7203369140625
400282,180.0,793.9436645507812,441.0798034667969
422638,971.0,1978.600341796875,203.76934814453125
404030,604.0,2193.8994140625,363.2283630371094
418911,430.0,1439.850830078125,334.8490295410156
437518,909.0,2464.525390625,271.1249084472656
433920,1159.0,3005.58203125,259.3254699707031
407731,696.0,1394.22900390625,200.3202667236328
404040,1664.0,1930.8974609375,116.03951263427734
441226,1032.0,1587.12109375,153.79080200195312
404042,1797.0,167.4365234375,9.317558288574219
430212,886.0,2105.3291015625,237.6217803955078
426389,676.0,780.418212890625,115.44648742675781
426392,290.0,991.997802734375,342.0682067871094
418933,1152.0,2394.483642578125,207.8544921875
418936,369.0,1231.13671875,333.6413879394531
418939,50.0,1013.0125732421875,2026.025146484375
415196,632.0,2831.18017578125,447.9715270996094
422666,1229.0,232.0810546875,18.883729934692383
426411,912.0,2252.108642578125,246.9417266845703
400314,2746.0,371.002197265625,13.510641098022461
433960,1434.0,51.85302734375,3.615971326828003
422673,888.0,3183.56689453125,358.509765625
422676,371.0,1274.4990234375,343.5307312011719
411428,1073.0,1480.30615234375,137.95956420898438
400323,1577.0,1226.51220703125,77.77503204345703
430254,2469.0,2124.376953125,86.04199981689453
400327,1352.0,2482.6708984375,183.62950134277344
437599,1011.0,1079.197509765625,106.74555206298828
426436,773.0,1674.6220703125,216.6393280029297
404099,492.0,2389.46044921875,485.6626892089844
404103,945.0,521.684326171875,55.204689025878906
422692,189.0,967.42626953125,511.8657531738281
404112,677.0,1055.70556640625,155.93878173828125
441265,1132.0,2526.00439453125,223.145263671875
411444,717.0,2037.66552734375,284.1932373046875
400342,972.0,2063.5703125,212.3014678955078
430272,280.0,1127.854248046875,402.8050842285156
418981,450.0,1737.994873046875,386.2210693359375
437618,600.0,2359.97998046875,393.33001708984375
411450,730.0,2428.566650390625,332.68035888671875
426476,1046.0,1803.669677734375,172.43496704101562
434014,892.0,3123.712158203125,350.19195556640625
426482,356.0,1168.8233642578125,328.3211669921875
426485,604.0,1196.141845703125,198.03672790527344
407806,1129.0,1589.49365234375,140.78775024414062
422707,177.0,1271.6148681640625,718.4264526367188
422711,138.0,976.060546875,707.290283203125
407810,270.0,796.1075439453125,294.8546447753906
434037,1879.0,1333.705810546875,70.97955322265625
419002,219.0,1194.639892578125,545.4976806640625
419005,480.0,1845.03955078125,384.38323974609375
419008,181.0,2307.361328125,1274.7852783203125
434052,893.0,2075.448974609375,232.41310119628906
407818,862.0,2452.696533203125,284.5355529785156
422725,1431.0,3544.306640625,247.68040466308594
441305,400.0,1729.091796875,432.27294921875
437654,465.0,805.154296875,173.15145874023438
419019,442.0,1039.0296630859375,235.0745849609375
411519,661.0,2185.08056640625,330.5719299316406
430307,1572.0,2377.845703125,151.262451171875
404188,641.0,1264.16015625,197.2168731689453
434090,518.0,2086.7919921875,402.8555908203125
404192,221.0,1672.806884765625,756.9262084960938
419027,2344.0,357.662353515625,15.25863265991211
407839,430.0,1551.9168701171875,360.910888671875
441324,1214.0,1059.6474609375,87.2856216430664
437667,492.0,1642.9736328125,333.937744140625
411532,1012.0,1803.94384765625,178.2553253173828
430319,801.0,2209.677001953125,275.86480712890625
441332,310.0,1191.983154296875,384.51068115234375
411537,1183.0,1068.1513671875,90.291748046875
422760,1393.0,1249.470703125,89.6963882446289
441341,410.0,983.8958740234375,239.97459411621094
441343,539.0,1250.1201171875,231.93324279785156
437679,1640.0,2137.023681640625,130.3063201904297
434133,1200.0,2084.437255859375,173.70310974121094
411547,884.0,1863.41357421875,210.79339599609375
419056,1246.0,1645.960205078125,132.0995330810547
411550,1313.0,2654.47802734375,202.16891479492188
400412,855.0,2564.64501953125,299.95849609375
426554,1027.0,2255.8310546875,219.65248107910156
407880,916.0,1815.056640625,198.15028381347656
426556,2294.0,2846.5048828125,124.08478546142578
415364,1302.0,463.99462890625,35.63706970214844
400422,682.0,1682.3359375,246.67681884765625
434160,631.0,2258.111328125,357.8623352050781
430342,129.0,1162.231201171875,900.9544677734375
430344,703.0,907.5281982421875,129.0936279296875
400431,720.0,2224.021484375,308.8918762207031
400435,137.0,1325.961181640625,967.8548583984375
411575,944.0,759.254638671875,80.42951965332031
407920,925.0,1835.21240234375,198.40133666992188
441368,259.0,1244.919921875,480.6640625
419082,1185.0,1429.086181640625,120.59799194335938
415397,291.0,1266.2913818359375,435.15167236328125
407932,388.0,1174.7239990234375,302.763916015625
437714,353.0,1686.409912109375,477.73651123046875
441375,1028.0,887.10595703125,86.29434967041016
404258,689.0,2395.233642578125,347.6391296386719
434183,289.0,1022.3157958984375,353.74249267578125
441381,1112.0,2070.861083984375,186.228515625
400477,1004.0,2390.772216796875,238.12472534179688
404264,391.0,2246.23974609375,574.4859008789062
441386,735.0,850.47021484375,115.71023559570312
441389,144.0,1362.529541015625,946.2010498046875
437733,1198.0,1470.03076171875,122.70707702636719
411605,931.0,1417.251953125,152.22900390625
426600,270.0,1142.5078125,423.15106201171875
434209,825.0,1794.018310546875,217.45677185058594
419115,270.0,885.6566162109375,328.0209655761719
400496,2172.0,2594.35546875,119.44546508789062
434222,259.0,1307.73876953125,504.9184265136719
407963,602.0,906.8262939453125,150.63560485839844
422816,200.0,1036.6705322265625,518.3352661132812
411621,702.0,972.3909912109375,138.51724243164062
400504,1331.0,1226.426025390625,92.14320373535156
430411,1590.0,2987.439453125,187.8892822265625
415438,415.0,630.37353515625,151.89724731445312
426621,971.0,1500.86376953125,154.56887817382812
441420,963.0,2688.693359375,279.19970703125
411635,213.0,1177.8936767578125,553.001708984375
411638,513.0,2165.4853515625,422.1219177246094
400519,398.0,1180.5626220703125,296.623779296875
415451,199.0,2106.60693359375,1058.596435546875
422832,412.0,1534.3486328125,372.4147033691406
419144,321.0,964.162109375,300.3620300292969
407989,1342.0,3500.6728515625,260.85491943359375
437775,808.0,1783.819580078125,220.76974487304688
407996,1449.0,2130.18701171875,147.01083374023438
400530,399.0,960.5537109375,240.7402801513672
411650,512.0,1009.46337890625,197.1608123779297
430452,3216.0,347.50048828125,10.805363655090332
400535,618.0,1412.643798828125,228.58314514160156
411659,501.0,3024.259033203125,603.64453125
404330,345.0,1485.6875,430.6340637207031
404333,1552.0,2774.6044921875,178.77606201171875
404337,827.0,1708.5712890625,206.5987091064453
408023,404.0,704.3209228515625,174.3368682861328
404343,219.0,913.354736328125,417.05694580078125
426657,1461.0,1749.909423828125,119.77477264404297
408028,1060.0,1705.337646484375,160.8809051513672
400550,1333.0,3989.2197265625,299.26629638671875
400552,174.0,918.6873779296875,527.9812622070312
415482,470.0,872.668212890625,185.67408752441406
408037,677.0,2421.4521484375,357.67388916015625
437808,438.0,608.05322265625,138.82493591308594
404357,519.0,2013.060546875,387.8729248046875
408041,1106.0,2148.234619140625,194.23460388183594
415490,537.0,1612.082275390625,300.2015380859375
400564,393.0,251.0284423828125,63.87492370605469
419194,420.0,654.037353515625,155.72317504882812
400569,119.0,1122.8843994140625,943.600341796875
419198,461.0,860.061279296875,186.56427001953125
422882,1332.0,1344.13037109375,100.91069030761719
430492,570.0,1039.732666015625,182.40924072265625
441482,573.0,1727.25537109375,301.44073486328125
437830,602.0,2515.603271484375,417.8742980957031
426688,1042.0,4014.44921875,385.26385498046875
422893,602.0,1966.7177734375,326.6972961425781
430502,329.0,773.38525390625,235.07151794433594
422897,331.0,1119.9847412109375,338.3639831542969
422899,481.0,1429.3280029296875,297.1575927734375
422901,671.0,2423.735595703125,361.21246337890625
400591,1321.0,4215.248046875,319.09521484375
400594,310.0,1965.7568359375,634.1151123046875
419221,727.0,2563.2451171875,352.57843017578125
441505,160.0,954.36962890625,596.4810180664062
434358,572.0,1918.16455078125,335.34344482421875
404398,1523.0,85.4013671875,5.607443809509277
430516,460.0,1509.673583984375,328.1899108886719
411733,1013.0,1703.18896484375,168.13316345214844
411736,149.0,1646.07373046875,1104.7474365234375
422914,452.0,953.11279296875,210.86566162109375
437878,356.0,1503.5330810546875,422.34075927734375
411741,190.0,1681.255859375,884.8714599609375
430527,1935.0,3334.2626953125,172.31332397460938
434376,811.0,1718.92578125,211.95140075683594
419255,902.0,972.6651611328125,107.83428192138672
408099,342.0,952.8646240234375,278.6153869628906
434382,1233.0,1545.3662109375,125.33383178710938
411750,1311.0,4694.146484375,358.0584716796875
411753,512.0,1866.02783203125,364.45855712890625
426741,442.0,1134.054931640625,256.5735168457031
422934,1192.0,559.521240234375,46.939701080322266
422938,422.0,1501.228759765625,355.74139404296875
426744,889.0,1959.7255859375,220.4415740966797
419281,2275.0,717.703125,31.547391891479492
404434,178.0,887.2794189453125,498.4715881347656
437910,540.0,1656.98046875,306.8482360839844
437912,800.0,2254.821044921875,281.8526306152344
408148,800.0,2007.103515625,250.887939453125
434403,799.0,745.9146728515625,93.35603332519531
441543,541.0,1772.6318359375,327.65838623046875
426758,503.0,2328.332763671875,462.8891906738281
426760,641.0,1278.569091796875,199.4647674560547
408165,564.0,1485.9287109375,263.4625549316406
426762,1939.0,1548.0859375,79.83939361572266
408172,1035.0,3105.59619140625,300.0576171875
419302,640.0,1807.55322265625,282.4302062988281
408181,343.0,993.418212890625,289.6263122558594
419309,1182.0,3782.2412109375,319.986572265625
422965,712.0,2413.2783203125,338.9435729980469
400665,723.0,2100.55126953125,290.5326843261719
430617,356.0,1212.298095703125,340.5331726074219
411819,1847.0,2157.672119140625,116.82035827636719
404472,501.0,687.595947265625,137.2447052001953
434433,990.0,2544.471435546875,257.017333984375
411823,199.0,963.43017578125,484.1357727050781
408226,985.0,1864.376953125,189.27685546875
437946,1113.0,2148.4599609375,193.0332489013672
411827,941.0,1800.2001953125,191.30714416503906
419332,691.0,1637.973876953125,237.04397583007812
434445,2163.0,2103.6064453125,97.25411224365234
404492,364.0,615.4202880859375,169.07150268554688
426803,520.0,1452.204345703125,279.27008056640625
415601,1712.0,1701.62353515625,99.3938980102539
408259,631.0,2526.92578125,400.46368408203125
430641,430.0,874.30126953125,203.32586669921875
426811,293.0,913.72509765625,311.8515625
404515,898.0,1946.5498046875,216.7650146484375
404521,820.0,787.1419677734375,95.992919921875
404526,371.0,1181.666259765625,318.5084228515625
430651,1350.0,2476.384033203125,183.43585205078125
404535,469.0,1640.441162109375,349.77423095703125
408291,432.0,1455.266357421875,336.8672180175781
408296,1010.0,2980.846923828125,295.13336181640625
422994,494.0,1145.31640625,231.84542846679688
426828,661.0,2547.446533203125,385.392822265625
422999,474.0,1432.9866943359375,302.31787109375
408309,964.0,1282.426513671875,133.03179931640625
408312,839.0,1787.744384765625,213.08038330078125
408316,552.0,1270.3905029296875,230.14321899414062
437988,742.0,1823.159912109375,245.70889282226562
411859,1230.0,1750.98974609375,142.3568878173828
426844,379.0,1568.8272705078125,413.9385681152344
400717,870.0,1675.806884765625,192.62147521972656
430679,763.0,2439.81787109375,319.76641845703125
434496,498.0,1360.761962890625,273.2453918457031
408337,1432.0,1459.976318359375,101.95365142822266
415635,490.0,829.826416015625,169.35232543945312
441588,588.0,1630.89013671875,277.3622741699219
441592,340.0,983.321044921875,289.21209716796875
404570,3578.0,5636.390625,157.52908325195312
411877,822.0,2459.1728515625,299.16943359375
411879,550.0,2575.477783203125,468.2686767578125
400733,710.0,1643.451171875,231.47198486328125
408354,681.0,1049.7384033203125,154.1466064453125
434528,422.0,1485.8402099609375,352.0948486328125
408357,416.0,1072.03662109375,257.70111083984375
419408,129.0,1067.14453125,827.2437744140625
411888,388.0,2113.356201171875,544.679443359375
430699,708.0,1456.20068359375,205.6780548095703
400743,779.0,2428.342529296875,311.7256164550781
400746,931.0,1432.06884765625,153.82049560546875
423041,993.0,2593.160400390625,261.14404296875
434544,691.0,2205.74755859375,319.2109375
415666,249.0,1163.251220703125,467.16912841796875
404590,1524.0,4862.77734375,319.0798645019531
419425,273.0,1309.595947265625,479.7054748535156
441631,480.0,830.335693359375,172.98660278320312
441634,855.0,3918.673828125,458.3244323730469
430757,310.0,2002.37109375,645.9261474609375
411907,489.0,2819.228271484375,576.529296875
419434,1169.0,1612.3291015625,137.9237823486328
400762,887.0,1059.1219482421875,119.40496063232422
426898,420.0,952.40234375,226.76246643066406
408392,856.0,2181.947998046875,254.90045166015625
426902,871.0,1709.94677734375,196.3199462890625
404618,1106.0,1259.09375,113.84210205078125
438049,839.0,2704.94970703125,322.4016418457031
441649,962.0,2397.0771484375,249.17640686035156
430777,799.0,2111.117919921875,264.22003173828125
400775,1176.0,1614.216796875,137.26333618164062
400777,520.0,995.314697265625,191.4066619873047
441657,379.0,1175.75146484375,310.2246398925781
441658,1162.0,1479.90576171875,127.3584976196289
438066,881.0,1599.59130859375,181.56541442871094
438069,280.0,1083.554443359375,386.9837341308594
419455,249.0,1189.003662109375,477.5115051269531
441669,409.0,1710.371826171875,418.1838073730469
415727,610.0,954.800048828125,156.52459716796875
438075,751.0,1634.2197265625,217.6058349609375
438078,539.0,1703.0654296875,315.9676208496094
415732,672.0,2206.47119140625,328.3439025878906
408426,1463.0,3131.51171875,214.0472869873047
404653,631.0,2723.035400390625,431.5428771972656
423087,1356.0,1561.83984375,115.179931640625
438090,423.0,1279.8863525390625,302.5736083984375
423090,384.0,626.96923828125,163.2732391357422
400803,1194.0,1648.3994140625,138.05690002441406
438097,794.0,1707.771484375,215.08457946777344
441686,950.0,27.08599853515625,2.8511579036712646
419510,420.0,2014.30126953125,479.59552001953125
404663,297.0,1070.3992919921875,360.40380859375
438104,550.0,1072.82958984375,195.0599365234375
423103,547.0,2659.760986328125,486.2451477050781
400819,590.0,1581.73291015625,268.09033203125
411979,1113.0,923.1060791015625,82.93855285644531
400824,294.0,1605.4512939453125,546.0718383789062
426977,342.0,843.818359375,246.7305145263672
411984,321.0,1903.93115234375,593.1249389648438
438118,1354.0,1211.02978515625,89.44090270996094
434640,574.0,981.093994140625,170.92230224609375
400839,731.0,2033.99560546875,278.2483825683594
415772,349.0,1335.0677490234375,382.5408935546875
419532,674.0,2268.79443359375,336.6163635253906
408469,1231.0,2429.1416015625,197.3307647705078
400856,1704.0,2801.091796875,164.38331604003906
408472,1861.0,1344.958984375,72.27076721191406
438134,847.0,1915.4697265625,226.14755249023438
412006,1042.0,2215.8466796875,212.65322875976562
419544,2374.0,1728.328125,72.8023681640625
438141,896.0,1601.01708984375,178.6849365234375
426997,1303.0,2263.085693359375,173.68270874023438
404700,640.0,1871.952392578125,292.4925537109375
427001,290.0,1323.793212890625,456.48040771484375
419552,812.0,1899.776123046875,233.96258544921875
427007,481.0,2063.25439453125,428.9510192871094
438154,530.0,1639.712890625,309.3797912597656
400894,1384.0,2450.55224609375,177.06301879882812
430859,602.0,2331.493408203125,387.291259765625
438160,564.0,2083.11865234375,369.3472900390625
404715,300.0,1470.327880859375,490.10931396484375
419568,708.0,1367.3193359375,193.12420654296875
419573,239.0,1277.2938232421875,534.4325561523438
408504,634.0,1789.161865234375,282.20220947265625
434692,300.0,1569.3948974609375,523.131591796875
400904,1955.0,68.967041015625,3.5277259349823
438170,1658.0,1717.29345703125,103.57621002197266
408515,1096.0,1959.061279296875,178.7464599609375
404730,311.0,956.2872314453125,307.48785400390625
430877,881.0,2567.4443359375,291.4238586425781
438177,344.0,1291.912841796875,375.5560607910156
404738,660.0,962.474609375,145.82948303222656
434708,183.0,1587.7587890625,867.627685546875
400927,2068.0,2364.796875,114.35188293457031
441783,1915.0,3463.47265625,180.8601837158203
441786,442.0,3275.64208984375,741.0955200195312
434715,422.0,1206.3929443359375,285.8750915527344
404749,381.0,1891.09130859375,496.34942626953125
427039,1104.0,2033.84033203125,184.22467041015625
404754,90.0,1147.7132568359375,1275.2369384765625
423155,220.0,1747.245849609375,794.20263671875
423160,541.0,1865.17236328125,344.7638244628906
404760,608.0,1427.2861328125,234.75100708007812
404762,1240.0,1373.935546875,110.80125427246094
438208,869.0,1285.5712890625,147.93685913085938
430909,1476.0,1466.489013671875,99.35562896728516
430910,2223.0,1851.05029296875,83.26811981201172
438222,893.0,2026.859130859375,226.97190856933594
408554,682.0,1529.01025390625,224.19505310058594
415868,209.0,1371.12646484375,656.0413818359375
438228,1135.0,1676.087890625,147.67294311523438
415873,629.0,1896.31005859375,301.4801330566406
438231,1483.0,3202.47119140625,215.94546508789062
400976,325.0,2049.9423828125,630.7515258789062
441817,249.0,871.2100830078125,349.883544921875
423190,1106.0,1508.232421875,136.3682098388672
404791,1056.0,3548.7509765625,336.05596923828125
404793,343.0,1165.461669921875,339.78472900390625
441833,280.0,872.6207275390625,311.6502380371094
415886,1222.0,1845.125,150.9922332763672
427075,2495.0,1903.716796875,76.30127716064453
423199,886.0,2352.887939453125,265.5629577636719
400997,528.0,2152.50732421875,407.6718444824219
434762,732.0,2613.172119140625,356.99072265625
438258,540.0,1551.5791015625,287.3294677734375
404812,287.0,1389.139404296875,484.0207214355469
415895,340.0,1148.7862548828125,337.8782958984375
438268,1241.0,1178.52880859375,94.96605682373047
438272,442.0,1308.4644775390625,296.0326843261719
430952,1113.0,2644.325927734375,237.58544921875
434780,320.0,623.434326171875,194.82322692871094
412153,530.0,1945.9775390625,367.1655578613281
423218,1216.0,1048.80126953125,86.2500991821289
441863,551.0,1180.852294921875,214.31076049804688
408590,1404.0,3798.37890625,270.539794921875
434789,2210.0,2217.0458984375,100.31881713867188
438300,418.0,951.031005859375,227.5193634033203
441872,652.0,1810.210693359375,277.6396789550781
441875,160.0,1078.212890625,673.883056640625
430967,593.0,1394.0625,235.08641052246094
427110,530.0,2110.1845703125,398.1480407714844
441881,571.0,2486.424072265625,435.4508056640625
408603,69.0,1209.8292236328125,1753.3756103515625
434802,1100.0,3251.93408203125,295.63037109375
408607,621.0,1093.368408203125,176.06576538085938
434806,269.0,1462.470703125,543.66943359375
404846,1058.0,2551.334716796875,241.14694213867188
419705,690.0,855.300048828125,123.95652770996094
419706,1551.0,2383.89013671875,153.7001953125
427130,419.0,2342.1416015625,558.983642578125
415933,928.0,1431.050537109375,154.20802307128906
404868,1009.0,1707.68212890625,169.24501037597656
404871,2286.0,1632.395751953125,71.40839385986328
427136,1372.0,1591.495849609375,115.99824523925781
415942,228.0,1581.96044921875,693.84228515625
404886,998.0,3654.14404296875,366.1466979980469
419722,419.0,1675.28369140625,399.82904052734375
419727,951.0,2664.544921875,280.1834716796875
430993,620.0,1626.97802734375,262.4158020019531
404892,179.0,924.80517578125,516.6509399414062
441900,581.0,1496.9384765625,257.64862060546875
427155,490.0,2109.6962890625,430.55023193359375
441902,1301.0,1599.9833984375,122.98104858398438
419737,802.0,1588.44287109375,198.06019592285156
404901,1302.0,661.5155029296875,50.80764389038086
404903,853.0,750.96337890625,88.03791046142578
401075,494.0,1168.5615234375,236.55093383789062
412225,1240.0,3041.978515625,245.3208465576172
412227,439.0,886.0245361328125,201.82791137695312
401081,601.0,1317.7655029296875,219.26214599609375
438373,1567.0,1607.670654296875,102.59545135498047
404914,130.0,1373.806396484375,1056.774169921875
441919,1311.0,1984.259033203125,151.35462951660156
412237,879.0,1896.84521484375,215.7958221435547
404919,862.0,396.01416015625,45.94131851196289
401090,1809.0,304.29443359375,16.82114028930664
404924,461.0,1923.380859375,417.2192687988281
401095,686.0,2351.857177734375,342.8363342285156
419787,832.0,3167.416015625,380.69903564453125
419789,682.0,2105.2177734375,308.6829528808594
404933,630.0,1598.3115234375,253.70022583007812
401104,861.0,1734.470703125,201.44839477539062
423310,978.0,2238.91357421875,228.9277801513672
441942,1232.0,1875.125732421875,152.20176696777344
415998,1222.0,894.912109375,73.2333984375
401111,651.0,1779.55029296875,273.3564147949219
404951,500.0,315.44317626953125,63.08863830566406
401116,1255.0,2421.493408203125,192.94769287109375
412266,1264.0,1626.004638671875,128.6396026611328
401120,562.0,1867.00927734375,332.20806884765625
427221,1486.0,1059.52880859375,71.30072784423828
419809,1356.0,2640.730712890625,194.74415588378906
412274,1060.0,2074.249755859375,195.68394470214844
427227,412.0,1341.928466796875,325.7107849121094
404969,784.0,2522.8046875,321.78631591796875
408695,276.0,1023.71240234375,370.9102783203125
408696,1079.0,1673.9814453125,155.14193725585938
408699,479.0,2017.265625,421.14105224609375
423342,751.0,2379.172607421875,316.8006286621094
441973,852.0,1683.0078125,197.53611755371094
423345,1436.0,2614.671875,182.08021545410156
408709,764.0,1757.16943359375,229.99598693847656
431080,420.0,1539.4832763671875,366.54364013671875
431083,230.0,1074.2667236328125,467.0724792480469
427247,1087.0,2374.0078125,218.3999786376953
404986,1550.0,1772.23876953125,114.33798217773438
434927,611.0,2132.561279296875,349.0280456542969
419838,177.0,824.873291015625,466.0301208496094
427254,363.0,1901.618408203125,523.86181640625
431143,240.0,622.0355224609375,259.1814880371094
408734,831.0,1440.680419921875,173.36708068847656
431161,701.0,1615.96728515625,230.52316284179688
438490,517.0,1174.5673828125,227.1890411376953
416050,910.0,3292.85107421875,361.8517761230469
431167,911.0,1668.75390625,183.17825317382812
419851,1152.0,1475.163818359375,128.0524139404297
434945,152.0,1088.6405029296875,716.2108154296875
438501,1434.0,1138.773193359375,79.41236114501953
401176,754.0,3785.30859375,502.03033447265625
442004,440.0,1225.248291015625,278.46551513671875
438507,1353.0,1895.455322265625,140.0927734375
431179,671.0,1812.27734375,270.0860595703125
431180,1322.0,1092.1328125,82.6121597290039
412348,494.0,1337.165283203125,270.6812438964844
442013,1162.0,677.973876953125,58.34543228149414
434962,571.0,2290.622314453125,401.1597595214844
412354,1123.0,2436.74365234375,216.9851837158203
438521,759.0,2328.25439453125,306.7528991699219
401202,629.0,2363.908935546875,375.8201904296875
423410,272.0,913.1826171875,335.7289123535156
434971,480.0,1476.1092529296875,307.5227355957031
423414,922.0,2127.952392578125,230.7974395751953
438530,1217.0,2487.3447265625,204.38330078125
401214,180.0,1227.85693359375,682.1427612304688
442034,481.0,1404.112548828125,291.915283203125
442037,763.0,1871.861328125,245.3291473388672
416096,1062.0,2355.9697265625,221.84271240234375
408802,1234.0,2382.641845703125,193.0828094482422
442046,552.0,1429.9888916015625,259.0559387207031
442047,1307.0,2227.828857421875,170.45361328125
405041,926.0,3832.56005859375,413.88336181640625
401233,385.0,3360.988037109375,872.9839477539062
438551,261.0,912.95068359375,349.7895202636719
438552,1201.0,2283.254150390625,190.11276245117188
416110,460.0,2367.42041015625,514.6566162109375
434998,829.0,921.62255859375,111.17280578613281
416114,1035.0,2048.901611328125,197.9615020751953
419910,761.0,2621.048828125,344.4216613769531
408821,396.0,1161.374267578125,293.2763366699219
431233,751.0,2355.4580078125,313.64288330078125
405056,466.0,1882.634521484375,403.9988098144531
408825,1687.0,1831.94970703125,108.59215545654297
416127,746.0,1314.1533203125,176.15997314453125
401266,219.0,1571.97607421875,717.7973022460938
412398,471.0,1865.833740234375,396.14306640625
416134,1130.0,2011.3564453125,177.9961395263672
401278,284.0,2372.7109375,835.4616088867188
408838,338.0,1126.739990234375,333.3550109863281
416140,212.0,1679.641357421875,792.28369140625
405068,434.0,1054.791748046875,243.03958129882812
408845,1647.0,1437.34326171875,87.2703857421875
431257,1409.0,662.5146484375,47.02020263671875
401305,680.0,2024.71826171875,297.752685546875
405076,242.0,1137.545654296875,470.0602111816406
416151,1152.0,1639.15087890625,142.2873992919922
442095,1031.0,1999.85888671875,193.9727325439453
435020,219.0,1150.1383056640625,525.1773071289062
408859,412.0,1959.66259765625,475.6462707519531
431270,489.0,1518.3250732421875,310.49591064453125
431272,433.0,795.9227294921875,183.8158721923828
412425,1321.0,1537.245361328125,116.36981964111328
423519,648.0,1062.2333984375,163.92491149902344
438607,389.0,1639.7159423828125,421.52081298828125
435035,1423.0,4017.423828125,282.3207092285156
442111,696.0,1772.23095703125,254.63087463378906
438616,560.0,3074.06103515625,548.939453125
401333,625.0,2754.9345703125,440.7895202636719
427422,233.0,2455.642822265625,1053.9239501953125
412444,1072.0,2481.135986328125,231.44924926757812
405105,772.0,1971.3232421875,255.35275268554688
416177,1344.0,810.9169921875,60.336082458496094
416179,520.0,810.616943359375,155.88787841796875
408885,1342.0,529.8175048828125,39.47969436645508
419971,1052.0,1019.0751953125,96.87026977539062
427432,1522.0,616.806640625,40.526058197021484
416186,1890.0,4055.357421875,214.56918334960938
427438,259.0,1121.2672119140625,432.92169189453125
416189,709.0,1328.625732421875,187.39431762695312
408898,215.0,1016.8560791015625,472.9563293457031
435062,199.0,1335.9375,671.3253784179688
416196,485.0,1706.683349609375,351.8934631347656
416198,831.0,1925.8076171875,231.74578857421875
423559,994.0,640.860107421875,64.47284698486328
431325,1582.0,1250.20947265625,79.02714538574219
431329,769.0,1281.18896484375,166.6045379638672
427454,581.0,2342.21728515625,403.135498046875
419998,262.0,1081.2926025390625,412.70709228515625
435081,190.0,1223.7744140625,644.091796875
442158,602.0,596.054931640625,99.01244354248047
420003,540.0,1783.992919921875,330.36907958984375
423571,499.0,883.2763671875,177.00929260253906
435087,180.0,1731.87841796875,962.1546630859375
435089,500.0,831.09716796875,166.2194366455078
438675,942.0,2966.44873046875,314.9096374511719
412491,369.0,1052.1015625,285.12237548828125
405159,1127.0,1614.13232421875,143.22381591796875
405162,921.0,1106.995361328125,120.19493865966797
438684,924.0,2413.25439453125,261.1747131347656
416229,1495.0,1288.771240234375,86.20543670654297
420023,271.0,1471.16552734375,542.8655395507812
438691,151.0,1849.664306640625,1224.9432373046875
442180,490.0,2045.2041015625,417.3885803222656
423610,133.0,1394.8541259765625,1048.762451171875
427486,660.0,1579.04638671875,239.24945068359375
423613,1797.0,701.441650390625,39.03403854370117
423615,482.0,832.710693359375,172.76156616210938
401430,325.0,2910.255615234375,895.4632568359375
416236,2131.0,1875.776123046875,88.02328491210938
431387,369.0,2284.375,619.0718383789062
401441,1252.0,1787.20947265625,142.74835205078125
438713,218.0,954.55419921875,437.868896484375
438716,473.0,2078.276611328125,439.3819274902344
435134,1431.0,1807.710693359375,126.32499694824219
401455,1523.0,1657.31201171875,108.81890869140625
431404,434.0,1052.841064453125,242.59011840820312
416251,459.0,1162.18212890625,253.19871520996094
431408,1023.0,2464.8369140625,240.94203186035156
431410,466.0,1049.4522705078125,225.204345703125
420059,1007.0,1681.51904296875,166.98301696777344
431415,397.0,1184.7236328125,298.4190368652344
423652,514.0,1316.291748046875,256.087890625
435155,779.0,912.431884765625,117.12860870361328
438741,321.0,1484.8990478515625,462.5853576660156
420072,620.0,1733.3916015625,279.57928466796875
405221,1062.0,1600.18115234375,150.6761932373047
412550,1657.0,1758.127197265625,106.10302734375
408961,1229.0,1216.728271484375,99.0014877319336
408963,1011.0,3543.62060546875,350.5065002441406
401493,1472.0,554.711181640625,37.68418502807617
438750,1691.0,1854.17626953125,109.64969635009766
435179,761.0,1717.36865234375,225.67262268066406
435181,651.0,1583.3603515625,243.21971130371094
412563,650.0,2722.086181640625,418.782470703125
442198,1974.0,2439.70751953125,123.59207916259766
438758,3059.0,1964.8037109375,64.23026275634766
420090,751.0,2751.380615234375,366.3622741699219
420093,331.0,943.6153564453125,285.0801696777344
416295,752.0,2379.74755859375,316.4557800292969
423685,1042.0,2012.240478515625,193.11329650878906
420103,240.0,1190.994140625,496.2475891113281
420105,1304.0,2057.473876953125,157.78173828125
412575,710.0,2306.163330078125,324.8117370605469
442225,824.0,1924.44140625,233.5487060546875
431463,1274.0,729.9532470703125,57.296173095703125
412581,712.0,1742.0703125,244.6728057861328
431468,260.0,1191.595458984375,458.3059387207031
405296,204.0,892.085205078125,437.29669189453125
416317,509.0,1651.50830078125,324.46136474609375
438766,2071.0,2650.1572265625,127.96510314941406
416324,554.0,2318.3359375,418.4721984863281
427598,710.0,1821.016357421875,256.4811706542969
438770,1051.0,1156.13232421875,110.0030746459961
423702,1243.0,1526.603759765625,122.81607055664062
423705,681.0,2126.570068359375,312.27166748046875
401544,881.0,2689.46044921875,305.2735900878906
423709,521.0,1925.20751953125,369.5216064453125
431499,908.0,528.229248046875,58.175025939941406
401548,2182.0,436.399658203125,19.999984741210938
438788,2005.0,2859.0732421875,142.59716796875
435254,589.0,1504.81201171875,255.4859161376953
412603,1080.0,1811.768310546875,167.75633239746094
435258,594.0,1890.39208984375,318.2478332519531
420159,305.0,1062.8779296875,348.48455810546875
412611,871.0,2083.246826171875,239.17872619628906
438799,1419.0,1341.5712890625,94.5434341430664
401563,1089.0,2806.633544921875,257.72576904296875
405348,962.0,2202.533203125,228.95355224609375
427654,998.0,1504.75634765625,150.77719116210938
423741,693.0,1516.7333984375,218.86485290527344
435276,449.0,1936.22900390625,431.2314147949219
427662,550.0,2998.34375,545.1534423828125
416358,534.0,2596.298828125,486.1982727050781
435282,822.0,1117.0728759765625,135.89694213867188
401574,1980.0,2485.9931640625,125.55520629882812
405367,416.0,1302.1168212890625,313.00885009765625
409063,932.0,2806.44775390625,301.1210021972656
431537,228.0,1186.9306640625,520.5836181640625
409069,557.0,1836.3896484375,329.69293212890625
438821,78.0,1217.95947265625,1561.486572265625
416374,426.0,887.87548828125,208.4214630126953
401587,944.0,710.884033203125,75.30551147460938
431545,1123.0,1706.984375,152.00216674804688
423769,159.0,1464.4661865234375,921.0478515625
431549,906.0,1093.8729248046875,120.73652648925781
412659,239.0,862.6478271484375,360.94049072265625
412662,1222.0,1635.12109375,133.8069610595703
435303,1310.0,978.9794921875,74.73126220703125
431558,120.0,960.5115966796875,800.42626953125
401604,156.0,936.11083984375,600.071044921875
431565,481.0,1398.9482421875,290.84161376953125
420204,973.0,3121.61083984375,320.82330322265625
431569,681.0,2024.71337890625,297.3147277832031
435316,354.0,927.154052734375,261.9079284667969
431573,490.0,2082.169921875,424.9326171875
423794,236.0,1147.7017822265625,486.3143005371094
442321,258.0,1055.485107421875,409.102783203125
442323,1283.0,2170.916748046875,169.206298828125
431583,1399.0,747.9765625,53.465087890625
409113,2123.0,3009.8125,141.77166748046875
416413,972.0,2526.001220703125,259.8766784667969
442330,2365.0,1156.688232421875,48.90859603881836
401623,830.0,905.403564453125,109.08476257324219
427719,1111.0,1834.85791015625,165.1537322998047
435337,786.0,1810.90478515625,230.39500427246094
412698,499.0,1999.460205078125,400.69342041015625
431599,285.0,2027.215087890625,711.3035278320312
405415,535.0,2128.3251953125,397.81781005859375
409137,1196.0,909.04443359375,76.00706481933594
401642,357.0,1816.25927734375,508.756103515625
401647,848.0,1982.59130859375,233.796142578125
409144,566.0,1775.37158203125,313.6698913574219
401656,615.0,1051.817626953125,171.02725219726562
435358,305.0,961.18994140625,315.1442565917969
423830,1244.0,2130.699951171875,171.27813720703125
427738,690.0,1634.04736328125,236.81845092773438
435365,593.0,590.9176025390625,99.64884185791016
431625,640.0,2141.259765625,334.57183837890625
412743,763.0,1785.18115234375,233.96868896484375
442374,1441.0,1399.23193359375,97.10144805908203
420263,239.0,1287.1058349609375,538.5380249023438
435375,800.0,1221.6251220703125,152.70314025878906
401682,850.0,2619.814453125,308.2134704589844
442390,196.0,1010.0836181640625,515.3487548828125
423847,915.0,3203.2548828125,350.0824890136719
409169,1308.0,1351.60546875,103.33374786376953
416460,610.0,2381.534423828125,390.41546630859375
409171,1978.0,1470.508056640625,74.34317779541016
423857,1487.0,1878.10205078125,126.30142211914062
405465,1890.0,1870.41552734375,98.96378326416016
416471,334.0,774.3572998046875,231.84349060058594
412763,731.0,2603.05615234375,356.0952453613281
423863,1284.0,1156.861572265625,90.09825897216797
409179,540.0,2120.987060546875,392.775390625
412770,530.0,3073.6064453125,579.9257202148438
412772,571.0,3060.619873046875,536.010498046875
420289,410.0,1676.97021484375,409.0171203613281
442421,539.0,1728.7080078125,320.7250671386719
416488,665.0,1847.103515625,277.75994873046875
442424,1421.0,996.12646484375,70.10038757324219
405503,1005.0,1741.75927734375,173.30938720703125
442428,661.0,3253.762451171875,492.24847412109375
405509,329.0,1170.33251953125,355.72418212890625
412789,940.0,2558.556396484375,272.1868591308594
423884,951.0,1695.90185546875,178.32827758789062
409202,621.0,1600.53857421875,257.7356872558594
442437,2212.0,3100.7392578125,140.17808532714844
405518,2923.0,2449.318359375,83.794677734375
427793,611.0,1091.8751220703125,178.7029571533203
442445,309.0,998.6519775390625,323.1883544921875
427797,219.0,912.1734619140625,416.5175476074219
431685,579.0,1169.3043212890625,201.952392578125
438939,459.0,1214.63525390625,264.62640380859375
438941,641.0,1807.033203125,281.9084777832031
423905,1179.0,2080.2197265625,176.4393310546875
409214,1231.0,2787.8857421875,226.4732666015625
401749,1210.0,642.6893310546875,53.11481857299805
401751,631.0,2491.705078125,394.8819274902344
420329,922.0,1353.44384765625,146.79434204101562
405560,485.0,928.35009765625,191.41238403320312
435443,441.0,2805.749267578125,636.2243041992188
405569,173.0,1533.6705322265625,886.5147705078125
405575,456.0,960.543212890625,210.6454315185547
405578,169.0,1417.906005859375,838.9976806640625
416544,920.0,1649.33154296875,179.27516174316406
405585,312.0,1032.39404296875,330.8955078125
435451,946.0,1798.268310546875,190.09178161621094
401768,859.0,2034.90771484375,236.8926239013672
412845,551.0,3703.1337890625,672.0750732421875
423933,440.0,1210.77587890625,275.17633056640625
412849,138.0,932.0079345703125,675.3680419921875
442485,419.0,1607.861572265625,383.73785400390625
405604,1258.0,3193.9609375,253.8919677734375
427846,536.0,868.50341796875,162.0342254638672
438992,1130.0,2288.10302734375,202.48699951171875
409246,635.0,2129.582275390625,335.3673095703125
401787,1272.0,1552.5234375,122.0537338256836
401791,404.0,1199.180908203125,296.82696533203125
423945,892.0,1474.02490234375,165.2494354248047
420373,540.0,695.001953125,128.70407104492188
409256,693.0,1546.6953125,223.1883544921875
439005,1029.0,1958.037353515625,190.28546142578125
405621,815.0,2281.382568359375,279.92425537109375
420379,570.0,2548.8203125,447.16143798828125
401819,494.0,986.154052734375,199.62632751464844
405627,272.0,1450.169921875,533.1506958007812
416594,339.0,2489.3798828125,734.3303833007812
420385,693.0,2197.4306640625,317.0895690917969
420386,1021.0,2089.251708984375,204.62799072265625
439020,2218.0,2219.66943359375,100.07527160644531
409272,623.0,3178.716552734375,510.2273864746094
412891,259.0,1019.1400146484375,393.4903564453125
439026,542.0,1167.8236083984375,215.4656219482422
431762,779.0,2361.287353515625,303.11773681640625
416606,110.0,1089.7213134765625,990.6557006835938
420402,590.0,1972.986083984375,334.4044189453125
435506,679.0,1652.69775390625,243.40174865722656
439034,701.0,974.445556640625,139.00791931152344
439035,1372.0,2914.828125,212.45103454589844
427905,715.0,856.7662353515625,119.82744598388672
435510,620.0,2508.960205078125,404.6709899902344
401856,1141.0,2024.06982421875,177.39437866210938
431778,1127.0,3086.7958984375,273.8949279785156
431780,414.0,1129.783203125,272.8945007324219
423990,870.0,2251.49658203125,258.792724609375
401866,631.0,1563.99853515625,247.8603057861328
442554,682.0,1823.7412109375,267.4107360839844
409321,803.0,1525.2880859375,189.94869995117188
409325,1239.0,186.836181640625,15.079595565795898
439053,1563.0,1712.351318359375,109.555419921875
405679,897.0,1906.974609375,212.5947265625
439058,1112.0,1942.87548828125,174.71902465820312
420435,404.0,1961.732666015625,485.577392578125
416636,1152.0,2084.632080078125,180.95765686035156
431798,354.0,1866.38671875,527.2279052734375
401885,1459.0,3405.1650390625,233.3903350830078
442569,410.0,1269.5308837890625,309.64166259765625
401891,361.0,1790.5810546875,496.0058288574219
435544,1299.0,2721.58837890625,209.5141143798828
420448,1882.0,1131.18310546875,60.105369567871094
424024,426.0,1480.989501953125,347.6501159667969
416653,1154.0,1844.328125,159.82046508789062
405695,617.0,3196.505615234375,518.0722045898438
427947,377.0,1630.346923828125,432.4527587890625
431832,501.0,1103.705322265625,220.3004608154297
431834,270.0,1216.478759765625,450.5476989746094
405699,1311.0,2166.787841796875,165.27748107910156
435565,1012.0,2354.320068359375,232.64031982421875
442594,984.0,2738.495849609375,278.30242919921875
401913,2287.0,3009.12109375,131.57504272460938
435571,530.0,926.210693359375,174.75672912597656
424049,819.0,1786.580810546875,218.14175415039062
442600,1656.0,2991.375,180.63858032226562
412963,1453.0,1495.282470703125,102.91000366210938
442605,623.0,1919.5244140625,308.10986328125
416679,761.0,2320.74169921875,304.95947265625
405711,1482.0,3449.447265625,232.7562255859375
409385,1885.0,3882.337890625,205.95956420898438
442611,1147.0,1046.8935546875,91.27232360839844
420484,767.0,1590.52880859375,207.3701171875
420486,854.0,1007.630615234375,117.9895248413086
420489,865.0,2089.7041015625,241.5843048095703
409391,811.0,2777.908935546875,342.5288391113281
405729,803.0,2248.359375,279.99493408203125
442624,2111.0,557.45166015625,26.406993865966797
409399,419.0,2607.980224609375,622.4296875
442627,1901.0,1078.085693359375,56.71150588989258
427990,599.0,776.56494140625,129.6435546875
405735,313.0,1758.0146484375,561.666015625
401945,701.0,932.70849609375,133.0540008544922
416710,233.0,1029.2552490234375,441.740478515625
409409,372.0,1130.377197265625,303.8648376464844
428003,693.0,1595.3310546875,230.20648193359375
428008,273.0,1027.0885009765625,376.222900390625
439159,486.0,420.28192138671875,86.4777603149414
413006,1478.0,2488.141845703125,168.34518432617188
401964,611.0,2079.103515625,340.27880859375
435620,1082.0,3294.55712890625,304.48773193359375
431920,631.0,1886.01513671875,298.8930358886719
401971,552.0,3237.9736328125,586.5894165039062
424128,191.0,838.42431640625,438.9656066894531
409430,468.0,1315.0054931640625,280.98406982421875
424131,993.0,3183.6826171875,320.612548828125
420546,425.0,1161.9720458984375,273.4051818847656
401982,103.0,922.905029296875,896.0242919921875
428026,1246.0,2072.8017578125,166.35647583007812
424136,1212.0,3139.666015625,259.04833984375
413029,637.0,1243.781005859375,195.25604248046875
401990,1912.0,1945.931884765625,101.7746810913086
420560,487.0,1642.8330078125,337.3373718261719
413036,1051.0,3389.86181640625,322.53680419921875
416735,1664.0,3426.7880859375,205.93678283691406
439189,849.0,1477.55029296875,174.03419494628906
442683,2177.0,2881.8876953125,132.37884521484375
409454,920.0,1443.92431640625,156.9482879638672
435654,1683.0,3803.921875,226.0203094482422
402008,253.0,1349.408447265625,533.363037109375
409462,1464.0,1387.876953125,94.80033874511719
435662,661.0,2417.53271484375,365.7386779785156
402015,119.0,896.4024047851562,753.2793579101562
431972,155.0,1170.8421630859375,755.382080078125
428064,1397.0,2175.275146484375,155.71046447753906
439208,676.0,1709.72265625,252.9175567626953
439210,897.0,1514.52978515625,168.84390258789062
424174,601.0,1342.62158203125,223.39791870117188
413065,1262.0,3485.3447265625,276.1763000488281
431981,694.0,3056.010009765625,440.34722900390625
402033,1509.0,1996.927001953125,132.33445739746094
409484,1581.0,2330.212890625,147.38853454589844
442722,1468.0,2429.338134765625,165.4862518310547
424186,290.0,1176.18701171875,405.58172607421875
420614,260.0,960.4554443359375,369.40594482421875
428083,1011.0,2077.41259765625,205.48098754882812
442726,912.0,1164.67041015625,127.70508575439453
416766,1170.0,1760.590087890625,150.477783203125
402048,1203.0,3408.955078125,283.37115478515625
424196,354.0,983.28955078125,277.7654113769531
402052,978.0,1217.45263671875,124.4839096069336
424200,1134.0,1992.51904296875,175.7071533203125
409526,535.0,1443.9129638671875,269.8902893066406
409530,397.0,1371.939453125,345.5766906738281
420634,921.0,2300.494384765625,249.7822265625
405822,419.0,1419.7088623046875,338.8326721191406
416787,286.0,1124.95166015625,393.3397521972656
413098,1353.0,1235.7841796875,91.33659362792969
439240,1181.0,3154.150390625,267.07452392578125
428116,1173.0,1104.419189453125,94.15338897705078
416795,181.0,1321.578857421875,730.1541137695312
405832,2267.0,989.076416015625,43.629310607910156
435718,1215.0,1993.749755859375,164.09461975097656
416803,854.0,2133.4462890625,249.8180694580078
420656,611.0,1783.2802734375,291.862548828125
442759,911.0,489.4510498046875,53.72678756713867
402077,960.0,2143.76953125,223.309326171875
413114,662.0,968.770263671875,146.3399200439453
416812,1385.0,137.4617919921875,9.925039291381836
424224,472.0,1268.245849609375,268.6961669921875
402084,1313.0,3576.88818359375,272.4210205078125
413121,1032.0,2616.69287109375,253.55551147460938
420672,1223.0,2027.6552734375,165.79356384277344
413125,480.0,1136.667724609375,236.80577087402344
428150,696.0,2211.068115234375,317.68218994140625
428153,249.0,1365.0164794921875,548.1993408203125
424233,943.0,1907.237060546875,202.2520751953125
413132,521.0,1801.42724609375,345.7633972167969
416825,1293.0,2204.71142578125,170.51132202148438
432073,621.0,1423.797607421875,229.27499389648438
409622,469.0,1904.888671875,406.1596374511719
402103,189.0,774.6459350585938,409.8655700683594
424246,410.0,1082.539794921875,264.03411865234375
409633,760.0,1370.935302734375,180.38621520996094
442788,685.0,2833.927978515625,413.7121276855469
420691,400.0,1070.5362548828125,267.6340637207031
439292,250.0,1354.1396484375,541.6558837890625
413154,1410.0,591.1034545898438,41.9222297668457
409648,441.0,760.8441162109375,172.52700805664062
442799,738.0,2594.723876953125,351.5885925292969
439299,1182.0,2259.0615234375,191.12196350097656
442803,1567.0,2540.857421875,162.14788818359375
428180,270.0,2075.14404296875,768.5718383789062
405894,1055.0,2075.900146484375,196.7677764892578
442810,982.0,1908.912841796875,194.3903045654297
405898,545.0,813.39599609375,149.24696350097656
435788,948.0,2592.909423828125,273.5136413574219
432107,1674.0,2534.21240234375,151.3866424560547
413180,540.0,2230.985595703125,413.1455078125
439319,711.0,1905.69287109375,268.0299377441406
420717,704.0,1808.3662109375,256.8702087402344
435800,1090.0,2219.6591796875,203.63845825195312
409674,1476.0,386.196533203125,26.165077209472656
409677,781.0,1099.5948486328125,140.79319763183594
432120,159.0,864.9590454101562,543.9993896484375
424289,951.0,1597.73779296875,168.00607299804688
435811,1034.0,1739.2158203125,168.2026824951172
424294,790.0,783.14990234375,99.13290405273438
428211,520.0,1671.925537109375,321.5241394042969
402146,615.0,2449.673095703125,398.3208312988281
409698,455.0,2399.675537109375,527.4011840820312
420739,698.0,3345.2919921875,479.2682189941406
405929,494.0,1321.96630859375,267.6045227050781
442847,1029.0,2261.576171875,219.78387451171875
424313,1064.0,1638.11083984375,153.95777893066406
409712,572.0,2014.707763671875,352.22161865234375
413210,511.0,1822.598876953125,356.6729736328125
435834,663.0,927.5555419921875,139.90280151367188
413219,132.0,1257.541748046875,952.6831665039062
442859,660.0,728.362548828125,110.35796356201172
439359,188.0,1338.80517578125,712.1304321289062
409725,533.0,1160.58056640625,217.7449493408203
442867,359.0,1187.4014892578125,330.75250244140625
405941,1255.0,1787.90673828125,142.46267700195312
442871,701.0,1444.62353515625,206.08038330078125
442873,429.0,1885.84033203125,439.58984375
420768,1093.0,1875.9033203125,171.62884521484375
416938,510.0,1994.09423828125,390.9988708496094
428246,571.0,2932.715087890625,513.6103515625
439381,278.0,669.3333129882812,240.7673797607422
405962,311.0,1169.463623046875,376.0333251953125
432196,1637.0,5256.40625,321.0999450683594
420776,1171.0,2058.408203125,175.78208923339844
413257,113.0,902.6333618164062,798.7905883789062
432200,1780.0,658.1434326171875,36.97434997558594
402184,561.0,1808.5244140625,322.3751220703125
435870,821.0,1065.657470703125,129.79994201660156
442914,586.0,1623.41064453125,277.03253173828125
402191,634.0,1617.932373046875,255.1943817138672
402195,1031.0,1860.348388671875,180.441162109375
409761,602.0,822.2548828125,136.58718872070312
413274,199.0,1185.85205078125,595.905517578125
439415,373.0,1541.88427734375,413.3738098144531
420798,966.0,2588.90380859375,268.0024719238281
402214,432.0,2488.77783203125,576.10595703125
439422,402.0,1010.727783203125,251.42481994628906
420804,889.0,2923.83544921875,328.890380859375
416967,786.0,1259.1536865234375,160.1976776123047
402221,990.0,2363.049072265625,238.69183349609375
420809,140.0,1228.0191650390625,877.1565551757812
442933,1017.0,2259.983642578125,222.22061157226562
409780,1413.0,1974.0927734375,139.70933532714844
442938,637.0,2425.10693359375,380.70751953125
406010,777.0,1161.8502197265625,149.5302734375
413297,440.0,1642.2275390625,373.2335205078125
413300,1340.0,1522.345458984375,113.60787200927734
406018,210.0,873.27490234375,415.84521484375
432233,1776.0,1327.62060546875,74.75341033935547
402241,1036.0,2603.412109375,251.29461669921875
406030,402.0,1826.390625,454.3260192871094
442957,759.0,2020.718017578125,266.2342529296875
428308,500.0,1931.8447265625,386.36895751953125
432244,169.0,909.8499755859375,538.3727416992188
428313,872.0,1931.239013671875,221.47235107421875
435918,273.0,1330.961181640625,487.53155517578125
402254,1714.0,3328.8017578125,194.2124786376953
439476,1072.0,1673.122802734375,156.07489013671875
435924,1311.0,1789.864990234375,136.5266876220703
409813,552.0,1399.1451416015625,253.46832275390625
439482,1052.0,1134.42724609375,107.83529663085938
442971,550.0,1289.326416015625,234.42298889160156
406073,416.0,2026.640625,487.1732177734375
439489,490.0,1159.6376953125,236.66073608398438
413325,594.0,2172.68408203125,365.771728515625
409829,345.0,1425.1536865234375,413.0880432128906
439494,1382.0,503.04833984375,36.4000244140625
409834,1363.0,83.69970703125,6.140844345092773
417006,419.0,1802.59716796875,430.214111328125
435948,650.0,1809.435546875,278.37469482421875
402283,463.0,1078.79833984375,233.00180053710938
442992,1227.0,1698.025390625,138.38836669921875
406093,552.0,735.47119140625,133.23753356933594
442996,1021.0,1859.7919921875,182.15396118164062
402292,1112.0,893.3236083984375,80.33485412597656
406100,514.0,1351.6932373046875,262.975341796875
402295,662.0,1409.65673828125,212.93910217285156
439517,1047.0,1202.66650390625,114.86786651611328
409869,302.0,1186.2646484375,392.8028564453125
424439,686.0,2073.651611328125,302.28155517578125
443011,1053.0,1596.1064453125,151.57705688476562
424448,525.0,2048.28515625,390.1495361328125
417034,284.0,1562.6082763671875,550.2141723632812
417036,277.0,890.73291015625,321.564208984375
443018,368.0,1336.49853515625,363.178955078125
409882,582.0,2194.05029296875,376.9845886230469
432305,1326.0,2304.112060546875,173.7641143798828
428368,550.0,1492.5460205078125,271.37200927734375
424470,1316.0,2384.90478515625,181.2237548828125
443027,307.0,783.85107421875,255.32608032226562
424474,973.0,1495.6005859375,153.71023559570312
428376,243.0,1033.2117919921875,425.1900329589844
409895,893.0,2244.34912109375,251.32688903808594
424480,934.0,1268.583984375,135.8227081298828
443042,233.0,1125.536376953125,483.0628356933594
402339,337.0,1181.675537109375,350.64556884765625
424487,519.0,872.866943359375,168.1824493408203
409906,582.0,1764.97607421875,303.260498046875
417064,641.0,2383.533935546875,371.8461608886719
409909,974.0,1312.2041015625,134.72320556640625
409911,1114.0,2054.25244140625,184.4032745361328
439566,613.0,2069.1494140625,337.5447692871094
439567,2515.0,1805.7353515625,71.79862213134766
428416,711.0,2395.259033203125,336.88592529296875
417078,1111.0,1881.053466796875,169.31173706054688
420939,842.0,1535.3779296875,182.3489227294922
432379,179.0,966.19873046875,539.77587890625
439575,1335.0,1466.18701171875,109.82674407958984
409930,2167.0,1017.938720703125,46.97455978393555
432387,1084.0,1926.859619140625,177.75457763671875
402374,491.0,1849.5126953125,376.6828308105469
417090,1313.0,3476.033203125,264.7397766113281
409941,1276.0,2000.663818359375,156.7918243408203
436035,620.0,2804.316162109375,452.30902099609375
406167,291.0,763.628662109375,262.41534423828125
417098,180.0,1028.236083984375,571.2423095703125
424518,1170.0,1175.145751953125,100.43981170654297
443083,1192.0,1259.69140625,105.6788101196289
406184,1030.0,1828.84033203125,177.55731201171875
402389,522.0,1457.7432861328125,279.26116943359375
406191,632.0,1890.97265625,299.20452880859375
443088,860.0,1287.18310546875,149.67245483398438
428449,1391.0,2613.128662109375,187.85971069335938
439602,1043.0,2204.11474609375,211.32452392578125
420977,410.0,1547.158203125,377.3556823730469
428454,1286.0,2121.846923828125,164.99588012695312
409973,579.0,2077.75439453125,358.85223388671875
420981,978.0,408.2232666015625,41.74061965942383
406208,1120.0,4463.7080078125,398.54534912109375
417126,1262.0,1140.7578125,90.39285278320312
420985,493.0,1590.296875,322.575439453125
417130,872.0,1018.8724365234375,116.8431625366211
402416,951.0,2296.68408203125,241.5019989013672
439616,1304.0,725.9443359375,55.67057800292969
417137,560.0,2247.609375,401.3587951660156
439623,786.0,2290.415283203125,291.40142822265625
420999,1044.0,1891.311279296875,181.1600799560547
409990,1331.0,2067.114501953125,155.3053741455078
428474,328.0,1469.8992919921875,448.1400451660156
443125,531.0,1374.533447265625,258.8575134277344
417149,740.0,1216.04736328125,164.33071899414062
413510,202.0,1674.59912109375,829.0094604492188
436089,934.0,493.646240234375,52.8529167175293
417154,461.0,1490.6942138671875,323.3609924316406
410005,1829.0,2447.07470703125,133.7930450439453
402438,550.0,2339.5341796875,425.3698425292969
432473,560.0,906.792236328125,161.92718505859375
432476,272.0,581.1919555664062,213.67352294921875
413518,1537.0,226.897705078125,14.762374877929688
410020,1131.0,749.689208984375,66.2855224609375
432486,973.0,2350.275146484375,241.54934692382812
406260,1077.0,1456.6669921875,135.2522735595703
410030,298.0,915.4932861328125,307.2125244140625
402457,478.0,1335.958740234375,279.4892883300781
410035,502.0,560.65625,111.68450927734375
428498,1096.0,1319.78369140625,120.418212890625
432507,833.0,1736.998291015625,208.52320861816406
421031,1805.0,710.34814453125,39.354469299316406
443152,740.0,4441.9755859375,600.2669677734375
417199,207.0,1179.034423828125,569.5818481445312
443156,843.0,2302.349853515625,273.1138610839844
421035,1493.0,723.50390625,48.459739685058594
424620,422.0,2593.9736328125,614.6856689453125
443161,408.0,868.019287109375,212.74981689453125
413546,427.0,666.6817626953125,156.13156127929688
439669,701.0,2312.621337890625,329.9031982421875
413549,1031.0,2652.412353515625,257.2659912109375
436129,509.0,1067.20361328125,209.66673278808594
406325,140.0,949.3197021484375,678.0855102539062
406326,1183.0,2216.17431640625,187.33511352539062
406328,701.0,1689.87646484375,241.06655883789062
439676,1773.0,903.44482421875,50.955711364746094
421052,1973.0,2558.3427734375,129.6676483154297
410071,1799.0,3313.3876953125,184.17941284179688
402535,692.0,2917.325439453125,421.5788269042969
439685,671.0,2327.103515625,346.8112487792969
406339,487.0,1763.47021484375,362.10888671875
413571,851.0,1388.27685546875,163.134765625
421060,1009.0,1042.8486328125,103.35466766357422
406345,1044.0,1188.7548828125,113.86540985107422
436157,1084.0,1748.53466796875,161.30393981933594
432563,219.0,1850.021484375,844.7587280273438
436161,633.0,2062.68701171875,325.8589172363281
406353,1736.0,1651.638916015625,95.14049530029297
436166,228.0,2071.8681640625,908.714111328125
443194,1203.0,2008.746826171875,166.97811889648438
436170,1136.0,1670.465087890625,147.04798889160156
432575,852.0,1223.926025390625,143.65328979492188
432577,811.0,1429.2734375,176.23593139648438
428579,923.0,440.0107421875,47.67180252075195
410101,710.0,1879.20068359375,264.6761474609375
417285,109.0,1414.18798828125,1297.420166015625
421075,2587.0,1840.7587890625,71.15418243408203
443213,399.0,984.18994140625,246.6641387939453
424678,441.0,1796.794189453125,407.4363098144531
406377,1064.0,1349.89892578125,126.87020111083984
428594,1256.0,1835.586669921875,146.14544677734375
439736,432.0,1083.59619140625,250.83245849609375
421087,611.0,882.0633544921875,144.3638916015625
436196,213.0,1557.7288818359375,731.328125
424687,1372.0,1869.74658203125,136.27890014648438
432598,729.0,1924.397705078125,263.9777526855469
432604,199.0,759.400634765625,381.6083679199219
432606,310.0,1141.289794921875,368.15802001953125
413623,1028.0,1978.329833984375,192.4445343017578
428610,1906.0,1536.037841796875,80.58960723876953
417314,229.0,1421.7509765625,620.8519287109375
421101,290.0,1348.80517578125,465.1052551269531
436212,199.0,1417.432373046875,712.2775268554688
424703,801.0,2237.06396484375,279.28387451171875
432620,539.0,1407.7298583984375,261.17437744140625
436219,430.0,2221.0,516.5116577148438
432624,832.0,1626.52197265625,195.49542236328125
443256,389.0,1371.763916015625,352.6385192871094
439782,1253.0,1469.767822265625,117.2999038696289
417331,463.0,2000.086181640625,431.9840393066406
436231,409.0,1175.818115234375,287.4861145019531
443265,985.0,1634.42578125,165.93154907226562
402615,893.0,1591.18212890625,178.1838836669922
439792,1323.0,1508.543212890625,114.02442169189453
417340,690.0,887.8056640625,128.66748046875
443271,671.0,1611.43603515625,240.15440368652344
421129,379.0,1579.0665283203125,416.6402282714844
428646,585.0,1735.60595703125,296.6847839355469
406426,1221.0,1461.3095703125,119.6813735961914
428651,440.0,896.67041015625,203.78872680664062
436248,1207.0,1217.24951171875,100.84917449951172
421139,1137.0,1680.135498046875,147.76918029785156
413659,611.0,2211.664306640625,361.9745178222656
432657,600.0,1299.7216796875,216.6202850341797
402651,465.0,1504.3565673828125,323.5175476074219
410164,1202.0,1777.5263671875,147.8807373046875
410166,541.0,3039.643310546875,561.8563842773438
428662,442.0,1487.270263671875,336.4864807128906
439814,811.0,778.567138671875,96.0008773803711
436266,548.0,951.1414794921875,173.5659637451172
402658,827.0,1866.5712890625,225.7039031982422
413676,1359.0,1301.698974609375,95.7835922241211
439822,400.0,2245.34033203125,561.3350830078125
413678,2425.0,112.34033203125,4.632591247558594
439824,2053.0,1473.00146484375,71.74873352050781
432679,688.0,1436.360107421875,208.77328491210938
413685,374.0,1634.414306640625,437.0091857910156
413687,588.0,945.077392578125,160.72744750976562
424769,302.0,781.3931884765625,258.7394714355469
413691,663.0,1140.36181640625,172.00027465820312
406512,572.0,907.47314453125,158.64913940429688
413695,380.0,1429.221435546875,376.11090087890625
443316,450.0,1533.49853515625,340.7774353027344
432694,422.0,2028.5361328125,480.6957702636719
424782,528.0,1647.38037109375,312.00384521484375
432697,978.0,1203.36865234375,123.04383850097656
406526,1543.0,1259.42236328125,81.62167358398438
443323,1503.0,1598.684814453125,106.36625671386719
428706,920.0,1165.65869140625,126.70203399658203
436306,547.0,2850.594970703125,521.1325073242188
439858,671.0,1626.45458984375,242.39263916015625
428714,821.0,2622.666259765625,319.4477844238281
406544,1069.0,2535.062255859375,237.14332580566406
424823,1027.0,1581.83203125,154.0245361328125
421251,139.0,957.3541259765625,688.7439575195312
432722,976.0,1134.336181640625,116.22296905517578
406552,486.0,2334.798095703125,480.4111328125
410250,787.0,854.5291748046875,108.58057403564453
428729,700.0,2331.1611328125,333.02301025390625
439874,1564.0,1039.83251953125,66.4854507446289
406559,2127.0,2672.1748046875,125.63116455078125
406561,1368.0,2601.807373046875,190.1905975341797
428737,647.0,1749.544677734375,270.40875244140625
428738,1583.0,1690.83837890625,106.81227111816406
410262,1045.0,1394.981689453125,133.49107360839844
428740,2361.0,2666.2919921875,112.93061828613281
436334,859.0,2095.7783203125,243.97885131835938
402759,691.0,2077.32861328125,300.6264343261719
421278,1380.0,2079.448486328125,150.68467712402344
421279,1809.0,2538.2578125,140.31275939941406
443361,1372.0,884.671875,64.48046112060547
436343,340.0,970.1865234375,285.3489990234375
424856,552.0,2404.726806640625,435.638916015625
432755,395.0,1476.5714111328125,373.8155517578125
402780,1501.0,2261.9228515625,150.69439697265625
428759,467.0,1480.4652099609375,317.01611328125
406587,186.0,1240.58056640625,666.978759765625
436354,1504.0,599.2197265625,39.841739654541016
402788,518.0,1249.81640625,241.27728271484375
417459,214.0,680.5877075195312,318.0316467285156
439916,421.0,2403.01904296875,570.7883911132812
421304,439.0,488.51312255859375,111.27861785888672
436363,321.0,1992.12744140625,620.6004638671875
402795,1975.0,1276.58349609375,64.63713836669922
436367,440.0,1511.451171875,343.5116271972656
421311,634.0,3621.46826171875,571.2095336914062
402801,390.0,895.5020751953125,229.6159210205078
413772,534.0,2341.42333984375,438.4687805175781
410306,530.0,2160.99755859375,407.7353820800781
436379,290.0,1199.0079345703125,413.45098876953125
432774,179.0,908.042724609375,507.28643798828125
439943,1073.0,1739.80712890625,162.14418029785156
406639,725.0,2621.920654296875,361.64422607421875
432779,909.0,624.4873046875,68.70047760009766
424884,379.0,1493.062744140625,393.9479675292969
421328,514.0,2890.92822265625,562.4373779296875
406646,1842.0,573.413818359375,31.129955291748047
439965,540.0,794.0457763671875,147.04551696777344
439968,1596.0,2638.7001953125,165.33209228515625
421338,570.0,2094.276611328125,367.4169616699219
417531,250.0,1246.577392578125,498.6309509277344
406659,476.0,1666.06982421875,350.0146484375
406663,1383.0,1908.638916015625,138.0071563720703
432797,375.0,849.852783203125,226.6273956298828
417538,511.0,1439.337158203125,281.670654296875
421352,772.0,2863.0771484375,370.86492919921875
406681,1496.0,1102.30224609375,73.68330383300781
432808,128.0,1441.8892822265625,1126.4759521484375
413809,346.0,1380.225830078125,398.9092102050781
406689,1356.0,792.14453125,58.4177360534668
406692,1754.0,1862.97802734375,106.21311950683594
436422,481.0,2259.839111328125,469.8210144042969
406701,1193.0,5111.4130859375,428.45037841796875
410344,200.0,1518.79150390625,759.395751953125
424908,688.0,1342.67724609375,195.1565704345703
406710,938.0,1290.8388671875,137.6160888671875
406714,623.0,2042.069580078125,327.780029296875
432823,329.0,2452.5791015625,745.4647827148438
440007,659.0,1782.130126953125,270.4294738769531
410366,1246.0,1869.6650390625,150.05337524414062
440013,1971.0,2573.2802734375,130.55709838867188
440017,236.0,1057.59423828125,448.1331481933594
440021,907.0,2902.947021484375,320.060302734375
443482,2137.0,1671.180908203125,78.20219421386719
443485,809.0,999.79638671875,123.58422088623047
421384,1106.0,1831.674560546875,165.61253356933594
402880,1645.0,190.8187255859375,11.599922180175781
432836,1108.0,1403.63623046875,126.68196868896484
443498,530.0,1388.4686279296875,261.9752197265625
410398,1277.0,2890.1123046875,226.32046508789062
432841,812.0,1639.97705078125,201.96762084960938
428885,2572.0,1916.5810546875,74.51715087890625
443509,1238.0,2339.089599609375,188.94100952148438
436452,1393.0,1453.37451171875,104.33413696289062
406754,767.0,1179.0147705078125,153.7176971435547
410425,485.0,1182.64501953125,243.84434509277344
432853,632.0,3177.0302734375,502.69464111328125
410433,1362.0,3172.86083984375,232.9560089111328
443534,541.0,3282.10693359375,606.674072265625
436467,1260.0,1140.609375,90.52455139160156
432861,993.0,1538.40576171875,154.925048828125
421412,359.0,1313.13330078125,365.7752990722656
443552,222.0,775.2932739257812,349.231201171875
410455,185.0,799.7874755859375,432.3175354003906
432871,249.0,1115.138427734375,447.84674072265625
432874,921.0,1054.8577880859375,114.5339584350586
406779,1101.0,1102.09423828125,100.0993881225586
443572,471.0,1308.0972900390625,277.7276611328125
421420,112.0,992.387451171875,886.0602416992188
440075,501.0,1232.063720703125,245.9208984375
402919,1225.0,1470.61279296875,120.0500259399414
417664,1545.0,2819.46826171875,182.48985290527344
410491,373.0,1809.412841796875,485.0972595214844
443588,2199.0,999.719482421875,45.462459564208984
402926,752.0,1764.59521484375,234.6536102294922
443595,344.0,784.860595703125,228.15713500976562
443602,320.0,1023.70703125,319.908447265625
432900,401.0,1174.67041015625,292.9352722167969
428934,951.0,1583.2177734375,166.47926330566406
440094,262.0,1984.591064453125,757.4775390625
410516,564.0,2529.513916015625,448.4953918457031
402945,757.0,1342.88720703125,177.39593505859375
436495,286.0,679.0020751953125,237.41331481933594
413930,731.0,2016.022216796875,275.7896423339844
402956,1608.0,3276.8642578125,203.7850799560547
421448,425.0,1040.685546875,244.8671875
443625,1684.0,1862.585205078125,110.60482025146484
402966,814.0,2219.871337890625,272.7114562988281
443631,402.0,2906.828857421875,723.0917358398438
413937,1315.0,1141.13232421875,86.77812194824219
417717,969.0,3463.2314453125,357.40264892578125
410549,217.0,896.200927734375,412.9958190917969
413943,891.0,1963.63818359375,220.38587951660156
410554,1261.0,2079.12646484375,164.87918090820312
424974,1012.0,1735.7548828125,171.51727294921875
428952,431.0,1768.65380859375,410.36053466796875
443652,725.0,2176.346923828125,300.185791015625
417727,890.0,1854.9814453125,208.4248809814453
436520,1075.0,2266.180908203125,210.8075408935547
428961,139.0,1101.663818359375,792.5639038085938
410576,1152.0,1451.46240234375,125.99500274658203
428966,801.0,1755.7744140625,219.1977996826172
440139,589.0,1935.7255859375,328.6461181640625
424989,530.0,1246.63427734375,235.21401977539062
402996,770.0,2323.029296875,301.692138671875
417746,332.0,1046.9156494140625,315.3360290527344
432992,930.0,445.72900390625,47.92784881591797
432994,1555.0,2349.362548828125,151.08441162109375
428981,728.0,1277.824462890625,175.5253448486328
413968,437.0,1351.3690185546875,309.2377624511719
440156,271.0,889.592041015625,328.2627258300781
406854,642.0,1749.130126953125,272.4501953125
417759,1013.0,2283.948486328125,225.4638214111328
413973,660.0,1509.62646484375,228.7312774658203
410596,700.0,656.4410400390625,93.77729034423828
436552,354.0,867.041259765625,244.92691040039062
436554,921.0,1410.75048828125,153.1759490966797
410600,2168.0,981.27392578125,45.261714935302734
417775,550.0,2011.5380859375,365.73419189453125
436557,1437.0,3135.796875,218.2183074951172
425022,1331.0,3726.0654296875,279.9447937011719
443693,179.0,1211.50390625,676.81787109375
440178,2000.0,1869.9365234375,93.496826171875
436565,868.0,923.796630859375,106.42818450927734
413990,1063.0,2174.04541015625,204.51979064941406
440184,333.0,1024.8341064453125,307.75799560546875
406898,743.0,1984.029296875,267.0295104980469
440187,328.0,892.00146484375,271.95166015625
403038,176.0,875.87841796875,497.658203125
433067,1517.0,2342.12451171875,154.39186096191406
406911,295.0,925.478759765625,313.72161865234375
406913,1638.0,288.867919921875,17.63540267944336
433073,825.0,1457.099609375,176.61813354492188
413999,761.0,1728.884033203125,227.18582153320312
436584,571.0,1692.182861328125,296.3542785644531
425061,601.0,1237.7293701171875,205.9449920654297
410656,482.0,1385.4234619140625,287.4322509765625
406936,370.0,1331.4769287109375,359.858642578125
440209,325.0,717.21630859375,220.6819305419922
436592,429.0,1838.7041015625,428.60235595703125
436595,590.0,2247.611328125,380.9510803222656
403059,199.0,1173.665283203125,589.7815551757812
425069,1273.0,1781.736083984375,139.96356201171875
417817,1174.0,1198.479736328125,102.08515930175781
433110,1418.0,1263.275146484375,89.08851623535156
417824,304.0,966.297119140625,317.86090087890625
406951,952.0,2167.20849609375,227.64794921875
410672,902.0,2469.485595703125,273.7789001464844
440226,380.0,1373.8558349609375,361.541015625
421599,1846.0,3785.78125,205.0802459716797
410678,491.0,1138.167236328125,231.80593872070312
425082,1714.0,2806.724609375,163.7528839111328
433135,1468.0,3224.966796875,219.68438720703125
433140,623.0,1925.46826171875,309.0639343261719
406966,802.0,1163.24267578125,145.042724609375
443756,410.0,1257.17431640625,306.6278991699219
425087,1212.0,2821.782470703125,232.82034301757812
443761,134.0,1005.23681640625,750.1766967773438
433151,792.0,1451.86767578125,183.31661987304688
417844,247.0,839.068115234375,339.70367431640625
410699,348.0,1692.0450439453125,486.2198486328125
425093,511.0,1136.7899169921875,222.46377563476562
410704,350.0,1042.483642578125,297.85247802734375
403099,240.0,1310.9932861328125,546.2471923828125
414060,338.0,1405.20751953125,415.74188232421875
403108,748.0,2897.298828125,387.33941650390625
436641,1518.0,1253.695556640625,82.5886459350586
421630,393.0,1478.633544921875,376.2426452636719
403122,238.0,1154.4727783203125,485.0726013183594
421634,461.0,1847.38525390625,400.73431396484375
440259,1301.0,215.398681640625,16.556394577026367
403137,515.0,897.7457275390625,174.31954956054688
410716,900.0,1396.560546875,155.17340087890625
421640,652.0,938.7470703125,143.9796142578125
414075,337.0,1031.3369140625,306.0346984863281
440274,302.0,707.6937866210938,234.33567810058594
425117,990.0,1646.115478515625,166.2742919921875
403149,511.0,808.2327880859375,158.16688537597656
425120,1012.0,1569.166015625,155.05592346191406
425122,691.0,3256.194580078125,471.22930908203125
407007,250.0,1087.67626953125,435.0705261230469
429112,782.0,2938.908447265625,375.8194885253906
410730,634.0,664.9644775390625,104.88399505615234
440298,1393.0,1187.662841796875,85.25935363769531
410732,1678.0,2310.72900390625,137.70733642578125
443833,751.0,2061.291015625,274.47283935546875
440303,220.0,2353.06396484375,1069.5745849609375
417892,792.0,1397.427734375,176.44290161132812
410745,255.0,1634.8929443359375,641.134521484375
410749,1096.0,551.673583984375,50.335182189941406
433238,1127.0,1614.448974609375,143.2519073486328
410754,505.0,895.0704345703125,177.24166870117188
414107,1293.0,2149.156494140625,166.2147216796875
436726,416.0,2329.0244140625,559.8616333007812
436730,338.0,1859.9658203125,550.2857666015625
425151,824.0,2098.025634765625,254.61476135253906
436734,976.0,2260.92626953125,231.65228271484375
421671,280.0,1699.881591796875,607.1005859375
410778,983.0,1602.7978515625,163.05166625976562
407047,580.0,1461.1043701171875,251.91455078125
417911,1009.0,1682.1484375,166.71441650390625
433255,239.0,1389.860595703125,581.5316162109375
436747,446.0,2677.924072265625,600.431396484375
403201,410.0,2493.01171875,608.0516357421875
433259,2461.0,1795.24169921875,72.9476547241211
440339,449.0,1880.142578125,418.739990234375
436754,843.0,2478.0849609375,293.96026611328125
421685,780.0,1750.03759765625,224.36380004882812
403210,1156.0,1812.251708984375,156.76918029785156
414130,394.0,828.6505126953125,210.31739807128906
429167,980.0,2218.901123046875,226.41847229003906
425180,190.0,1540.484130859375,810.7811279296875
429172,389.0,1443.54638671875,371.09161376953125
436764,219.0,1310.3203125,598.3197631835938
417933,514.0,1492.68603515625,290.4058532714844
421694,971.0,1823.97119140625,187.8446044921875
414138,1329.0,1808.62353515625,136.08905029296875
421697,670.0,2139.856689453125,319.381591796875
433296,1066.0,325.9693603515625,30.578739166259766
436781,802.0,1191.32275390625,148.5439910888672
440367,611.0,1463.290283203125,239.49102783203125
417946,961.0,890.0736083984375,92.61952209472656
417948,714.0,3352.43994140625,469.5293884277344
433309,815.0,1889.85009765625,231.88345336914062
414150,999.0,1703.683837890625,170.53892517089844
433313,1492.0,1991.45703125,133.47567749023438
436805,769.0,1905.99755859375,247.85403442382812
436810,587.0,2927.502197265625,498.7226867675781
421733,1446.0,2804.63671875,193.95828247070312
414157,936.0,2863.333251953125,305.91168212890625
410888,607.0,2697.9462890625,444.47222900390625
433331,835.0,1582.30078125,189.49710083007812
410897,1025.0,2226.7958984375,217.24839782714844
410899,402.0,1721.264404296875,428.1752014160156
443905,1904.0,2320.603515625,121.88043212890625
443906,1232.0,740.045166015625,60.068599700927734
429207,1233.0,469.976806640625,38.11653137207031
421747,742.0,2862.72900390625,385.8125305175781
414173,538.0,512.439453125,95.24897003173828
403258,930.0,1654.72412109375,177.9273223876953
429211,1283.0,1007.480224609375,78.52534484863281
440411,740.0,958.24560546875,129.49264526367188
433365,514.0,1149.7515869140625,223.68707275390625
433371,916.0,1995.420166015625,217.8406219482422
440417,1136.0,1002.280029296875,88.22887420654297
440418,1325.0,3344.244140625,252.39576721191406
403269,823.0,826.07373046875,100.37348175048828
417977,831.0,2021.33935546875,243.24180603027344
410949,237.0,1085.8359375,458.15863037109375
433391,1227.0,1291.737060546875,105.27604675292969
417984,480.0,2679.18310546875,558.1631469726562
436889,995.0,1177.91259765625,118.3831787109375
417987,845.0,1089.4071044921875,128.92391967773438
433399,594.0,1915.443359375,322.4652099609375
436897,1877.0,1839.157470703125,97.98388671875
410958,598.0,1636.2900390625,273.6270751953125
443934,1193.0,2319.739501953125,194.44589233398438
410960,170.0,999.245361328125,587.7913818359375
425249,813.0,2917.38916015625,358.8424377441406
436918,299.0,802.9774169921875,268.5543212890625
440451,587.0,2860.997802734375,487.39312744140625
425255,981.0,2263.36474609375,230.7201690673828
433427,423.0,1234.592041015625,291.86572265625
436935,406.0,1424.6204833984375,350.8917236328125
436940,332.0,905.3140869140625,272.6849670410156
433441,527.0,2347.82421875,445.5074462890625
407179,1304.0,955.1103515625,73.24465942382812
436952,1576.0,610.963623046875,38.766727447509766
425281,271.0,847.5557861328125,312.751220703125
425283,943.0,1763.9794921875,187.06039428710938
407193,341.0,1704.2418212890625,499.77764892578125
403309,1259.0,1842.836669921875,146.373046875
429256,1290.0,820.302734375,63.589359283447266
403313,2179.0,2449.5234375,112.41502380371094
425293,621.0,3151.886962890625,507.55023193359375
418025,1292.0,203.65869140625,15.763055801391602
418028,271.0,1156.511474609375,426.7569885253906
440480,698.0,842.6864013671875,120.72870635986328
444026,502.0,2481.719482421875,494.36639404296875
433497,451.0,1301.71337890625,288.62823486328125
414250,1463.0,1004.93798828125,68.69022369384766
433506,271.0,954.986083984375,352.3934020996094
433511,691.0,1566.86181640625,226.7528076171875
425309,654.0,2513.341796875,384.3030090332031
436991,360.0,897.602294921875,249.333984375
414256,940.0,1622.787109375,172.63693237304688
444039,259.0,900.2313232421875,347.5796813964844
425318,750.0,1967.0283203125,262.27044677734375
444045,1182.0,1901.484130859375,160.87005615234375
407217,641.0,1541.7294921875,240.51942443847656
444050,571.0,1140.640625,199.76193237304688
425326,621.0,1512.19970703125,243.51040649414062
414269,1542.0,1518.61572265625,98.48350524902344
403349,989.0,3950.146484375,399.40814208984375
444061,69.0,1170.6026611328125,1696.525634765625
403354,715.0,1934.0068359375,270.4904479980469
421843,696.0,979.951171875,140.79757690429688
444066,621.0,2157.04443359375,347.35015869140625
437034,657.0,511.3236083984375,77.82703399658203
421851,230.0,1386.4609375,602.80908203125
437041,999.0,1736.215576171875,173.79534912109375
425345,460.0,921.2408447265625,200.26974487304688
444071,958.0,561.222412109375,58.58271789550781
425348,590.0,1288.616943359375,218.40965270996094
440540,790.0,2235.590087890625,282.986083984375
429320,580.0,954.09033203125,164.49832153320312
411040,280.0,1601.787841796875,572.0670776367188
440550,252.0,1189.44482421875,472.0019226074219
407252,213.0,1429.09375,670.93603515625
403378,630.0,2813.2255859375,446.5437316894531
421871,1032.0,2991.047607421875,289.8301696777344
411055,942.0,890.705322265625,94.55470275878906
418093,781.0,3231.17626953125,413.7229309082031
411059,1263.0,1555.8017578125,123.18303680419922
425371,445.0,2767.22314453125,621.847900390625
429343,2381.0,1544.05517578125,64.8490219116211
440581,1105.0,2962.28857421875,268.0804138183594
437080,2997.0,2446.294921875,81.62478637695312
414317,1529.0,2645.56640625,173.0259246826172
429353,1032.0,1881.855712890625,182.35035705566406
418108,429.0,2778.368408203125,647.6383056640625
411079,138.0,720.497802734375,522.099853515625
421899,531.0,1075.484619140625,202.5394744873047
414335,264.0,1129.4259033203125,427.8128662109375
440596,2504.0,2335.3408203125,93.264404296875
414344,368.0,2169.632568359375,589.5740356445312
440599,1543.0,3658.6982421875,237.1158905029297
418142,950.0,1682.53759765625,177.10922241210938
444122,280.0,1595.6259765625,569.8663940429688
403423,829.0,2684.177734375,323.7850341796875
437106,1503.0,1564.1552734375,104.06887817382812
425405,711.0,3193.157958984375,449.1080322265625
444133,440.0,1169.3243408203125,265.7555236816406
444137,890.0,1665.951171875,187.18553161621094
429388,360.0,1094.486083984375,304.0238952636719
425415,632.0,1559.69189453125,246.78668212890625
418156,1081.0,1581.55517578125,146.30482482910156
437118,2580.0,2789.1416015625,108.10626983642578
429414,420.0,801.168701171875,190.75445556640625
440634,350.0,905.5889892578125,258.7397155761719
414412,592.0,2545.835693359375,430.0398254394531
411119,1782.0,270.54736328125,15.182230949401855
411122,1060.0,4390.3857421875,414.1873474121094
418169,395.0,2744.18994140625,694.7316284179688
429475,158.0,1081.61474609375,684.5662841796875
411132,899.0,1988.82568359375,221.22642517089844
440654,260.0,1948.460693359375,749.407958984375
414425,955.0,955.240234375,100.02515411376953
421952,504.0,1366.0101318359375,271.03375244140625
414429,703.0,1524.13232421875,216.8040313720703
421959,401.0,3631.046142578125,905.4978637695312
429485,911.0,1785.955078125,196.04336547851562
407319,1045.0,2244.909423828125,214.82386779785156
440669,1514.0,2672.044921875,176.4890899658203
403493,341.0,1089.72900390625,319.5686340332031
403495,894.0,2024.051025390625,226.4039306640625
440675,902.0,1869.38916015625,207.24935913085938
421972,1493.0,874.164306640625,58.55085754394531
425474,620.0,2840.493896484375,458.1441955566406
425476,759.0,2284.821533203125,301.030517578125
418223,580.0,1213.2554931640625,209.18197631835938
414450,263.0,1121.699951171875,426.50189208984375
414453,350.0,546.9978637695312,156.2851104736328
444211,1050.0,1605.1494140625,152.87136840820312
414457,681.0,1474.3330078125,216.49530029296875
403511,1446.0,2089.885498046875,144.5287322998047
440700,198.0,1565.747802734375,790.78173828125
414462,289.0,1010.9281005859375,349.8021240234375
407362,1043.0,1318.4248046875,126.406982421875
418239,1832.0,2192.0888671875,119.65550231933594
411171,842.0,1736.821044921875,206.27330017089844
414472,1573.0,684.453125,43.512596130371094
422003,160.0,1162.646728515625,726.6541748046875
440717,339.0,687.439697265625,202.78456115722656
440719,611.0,2879.25439453125,471.2364196777344
440721,721.0,1016.2232666015625,140.9463653564453
407387,872.0,1005.7196044921875,115.33482360839844
411178,231.0,796.0440673828125,344.6078186035156
440731,660.0,1950.61572265625,295.5478515625
407393,1243.0,734.1676025390625,59.06416702270508
407397,270.0,983.822021484375,364.3785095214844
414496,377.0,2526.69970703125,670.2120971679688
425515,249.0,1345.06103515625,540.1851806640625
444269,738.0,1486.279052734375,201.392822265625
418272,534.0,1107.05419921875,207.31350708007812
440776,1404.0,2300.19287109375,163.83140563964844
440779,831.0,2105.17529296875,253.33035278320312
407409,640.0,2275.935546875,355.61492919921875
429557,902.0,1336.21875,148.13954162597656
440787,1143.0,1433.583251953125,125.42285919189453
407416,541.0,1632.453125,301.7473449707031
407418,1113.0,1463.450927734375,131.487060546875
403589,678.0,1572.19482421875,231.88714599609375
418294,277.0,1074.0711669921875,387.7513122558594
429570,651.0,1352.0699462890625,207.6912384033203
429573,973.0,1033.68359375,106.23675537109375
418300,431.0,1476.5040283203125,342.5763244628906
407440,1154.0,2378.611572265625,206.1188507080078
440809,355.0,1046.9754638671875,294.92266845703125
425559,861.0,2704.451171875,314.1058349609375
414543,480.0,1293.01904296875,269.37896728515625
403610,837.0,2952.76318359375,352.77935791015625
429595,1031.0,2284.498046875,221.58079528808594
418317,469.0,1137.2613525390625,242.48643493652344
440825,826.0,763.369384765625,92.4176025390625
444310,244.0,1390.6915283203125,569.95556640625
429604,762.0,1570.27001953125,206.0721893310547
418331,259.0,1113.407470703125,429.8870544433594
422149,723.0,1564.3837890625,216.37396240234375
429619,318.0,947.4346923828125,297.9354248046875
403629,1111.0,1602.487060546875,144.23825073242188
429626,540.0,2691.148681640625,498.3608703613281
422162,511.0,879.061279296875,172.02764892578125
403638,400.0,377.3345947265625,94.33364868164062
444335,370.0,1007.458251953125,272.2860107421875
425602,741.0,3399.1962890625,458.7309265136719
444339,500.0,2780.33837890625,556.067626953125
429641,332.0,1013.689453125,305.3281555175781
444344,861.0,1769.88037109375,205.56101989746094
403656,533.0,2204.65478515625,413.63128662109375
429652,1402.0,2379.58837890625,169.72811889648438
425619,651.0,1235.5103759765625,189.7865447998047
414613,351.0,1990.8232421875,567.1860961914062
425623,1547.0,1415.66796875,91.51053619384766
422199,600.0,2727.922119140625,454.6536865234375
414620,1002.0,613.857666015625,61.263240814208984
418377,790.0,2949.8037109375,373.39288330078125
429663,530.0,2077.094970703125,391.90472412109375
429667,1020.0,2994.129150390625,293.5420837402344
429671,278.0,1580.440185546875,568.503662109375
429673,1338.0,187.26025390625,13.99553394317627
414635,420.0,1203.31103515625,286.50262451171875
422227,349.0,543.9733276367188,155.86627197265625
440928,329.0,1505.1502685546875,457.49249267578125
418401,822.0,2201.977783203125,267.8805236816406
444390,679.0,1146.439208984375,168.84230041503906
422235,1243.0,3422.525390625,275.3439636230469
429719,254.0,1372.55419921875,540.3756713867188
403703,857.0,2687.81298828125,313.6304626464844
403708,251.0,1078.6334228515625,429.73443603515625
444403,2945.0,2239.8818359375,76.0571060180664
440952,635.0,1254.12158203125,197.4994659423828
429731,677.0,2095.808837890625,309.57293701171875
403725,481.0,2094.463134765625,435.4393005371094
444414,901.0,553.666015625,61.450164794921875
444419,471.0,2539.50341796875,539.1726684570312
444424,1312.0,2130.067138671875,162.35267639160156
418446,941.0,1440.822265625,153.11607360839844
444432,1094.0,1859.952392578125,170.01393127441406
422274,3268.0,792.577880859375,24.252689361572266
422277,530.0,2236.3505859375,421.9529724121094
422279,622.0,2918.84375,469.2674560546875
425694,1088.0,1424.94287109375,130.96900939941406
422288,820.0,1669.183349609375,203.55894470214844
422293,1403.0,2060.85009765625,146.88880920410156
425704,889.0,1201.76220703125,135.1813507080078
414725,670.0,1845.4765625,275.44427490234375
425714,788.0,1437.623779296875,182.43955993652344
429790,219.0,1002.894287109375,457.94256591796875
414737,810.0,2569.528564453125,317.2257385253906
418488,702.0,2280.987060546875,324.9269104003906
414745,741.0,4047.140625,546.1727905273438
414750,2417.0,995.052734375,41.168914794921875
425736,710.0,2890.47998046875,407.1098327636719
444529,321.0,933.490478515625,290.8070068359375
422331,1864.0,1306.343017578125,70.08277893066406
422336,581.0,929.766357421875,160.0286407470703
425752,1603.0,357.92724609375,22.32858657836914
425756,1228.0,1436.457275390625,116.975341796875
444550,648.0,2045.686767578125,315.6924133300781
444553,1249.0,2154.90869140625,172.5307159423828
418571,220.0,1124.933349609375,511.33331298828125
425774,640.0,1529.152587890625,238.93008422851562
425780,724.0,2468.181640625,340.9090881347656
414809,890.0,1830.318603515625,205.65379333496094
418588,742.0,1061.034912109375,142.9966278076172
444597,912.0,3259.12353515625,357.3600158691406
444604,1215.0,999.265380859375,82.24406433105469
444612,697.0,2119.62451171875,304.1068115234375
425818,219.0,1084.171142578125,495.0552978515625
418617,661.0,1493.611572265625,225.96241760253906
418621,830.0,1434.662109375,172.85086059570312
414852,2122.0,1705.43994140625,80.36946105957031
425849,1242.0,2495.347412109375,200.9136505126953
444645,591.0,1642.37890625,277.8982849121094
444654,1065.0,1498.13818359375,140.67025756835938
425870,1842.0,2676.02734375,145.27835083007812
444671,206.0,1434.6165771484375,696.4158325195312
425883,290.0,874.1328125,301.42510986328125
444698,1138.0,1422.0576171875,124.96112823486328
425900,390.0,1901.0,487.4359130859375
425924,381.0,1668.631591796875,437.9610595703125
425949,1624.0,1148.4345703125,70.71641540527344
425972,2265.0,2428.27197265625,107.20848083496094
425993,942.0,1406.78369140625,149.340087890625
426015,554.0,1519.019287109375,274.19122314453125
426037,1198.0,2107.0869140625,175.8837127685547
426059,1213.0,1256.511474609375,103.58708953857422
426080,475.0,1472.8367919921875,310.0708923339844
400883,1179.0,2188.48876953125,185.62245178222656
428504,320.0,1405.0343017578125,439.0732421875
446929,351.0,1433.911376953125,408.5217590332031
405572,1054.0,987.6424560546875,93.70421600341797
405574,1164.0,619.2183837890625,53.19745635986328
405576,1004.0,2782.185302734375,277.110107421875
400897,667.0,1903.0205078125,285.3104248046875
405579,1084.0,4131.9970703125,381.1805419921875
451562,502.0,1721.94287109375,343.0165100097656
442366,412.0,1040.421142578125,252.52940368652344
419283,802.0,2359.685302734375,294.22509765625
428520,246.0,1073.3602294921875,436.3253173828125
446945,533.0,1213.5972900390625,227.69178771972656
432959,1280.0,2148.323486328125,167.8377685546875
428527,340.0,1437.1058349609375,422.6781921386719
423873,214.0,1580.5966796875,738.5965576171875
419299,407.0,1969.677001953125,483.95013427734375
432969,77.0,1076.365234375,1397.876953125
451580,871.0,2083.146728515625,239.167236328125
446963,685.0,1723.14990234375,251.5547332763672
423889,420.0,1126.602783203125,268.23876953125
419316,672.0,2114.8349609375,314.70758056640625
446966,1381.0,2283.2646484375,165.3341522216797
428561,500.0,1761.943115234375,352.38861083984375
414716,621.0,2830.54736328125,455.8047180175781
442394,616.0,2521.654052734375,409.3594055175781
432984,829.0,1457.59326171875,175.8254852294922
405617,582.0,1309.458740234375,224.992919921875
451597,1173.0,1357.8505859375,115.7587890625
419341,1260.0,826.776123046875,65.61714935302734
414727,669.0,2677.357421875,400.202880859375
419348,487.0,1227.890869140625,252.13365173339844
446997,209.0,1539.131103515625,736.4263305664062
419356,2116.0,2587.16552734375,122.26680755615234
437839,992.0,1368.0556640625,137.90884399414062
437841,630.0,1811.578369140625,287.5521240234375
447005,801.0,3759.85400390625,469.39501953125
419369,2456.0,3867.7685546875,157.48243713378906
419374,629.0,1222.761474609375,194.39768981933594
419376,523.0,1493.3544921875,285.5362548828125
400966,246.0,1547.9097900390625,629.2316284179688
414747,286.0,2301.452880859375,804.7037963867188
400972,266.0,1360.050048828125,511.2969970703125
423940,870.0,2462.202392578125,283.01177978515625
447029,140.0,1351.638671875,965.4561767578125
428600,1453.0,2251.453125,154.95204162597656
419393,1022.0,1596.951904296875,156.2575225830078
447036,772.0,1399.77587890625,181.318115234375
400984,279.0,1357.095947265625,486.4143371582031
423957,946.0,2016.858154296875,213.19854736328125
437871,494.0,1217.705810546875,246.49916076660156
400989,310.0,1732.4107666015625,558.8421630859375
437876,94.0,1265.612548828125,1346.3963623046875
405674,429.0,1096.630615234375,255.62484741210938
400994,851.0,772.672119140625,90.79578399658203
414775,1548.0,1674.7978515625,108.19107055664062
423974,340.0,1345.736328125,395.8048095703125
423975,1437.0,2855.6982421875,198.7263946533203
414781,426.0,1366.8299560546875,320.85211181640625
423977,2075.0,1353.411865234375,65.22466278076172
405707,489.0,2133.48486328125,436.29547119140625
423980,781.0,1859.82275390625,238.13352966308594
447066,991.0,3564.302734375,359.6672668457031
401005,389.0,1342.46728515625,345.1072692871094
405721,617.0,1308.8255615234375,212.12733459472656
414795,1650.0,1245.56884765625,75.48902130126953
442465,2105.0,1152.48681640625,54.74996566772461
423991,500.0,2380.4482421875,476.08966064453125
423993,289.0,1064.4364013671875,368.3171081542969
451626,761.0,2486.418701171875,326.7304382324219
419449,1548.0,1351.551513671875,87.30952453613281
405742,299.0,1034.304931640625,345.92138671875
442479,561.0,1684.94189453125,300.3461608886719
433044,312.0,1532.64697265625,491.2330017089844
401026,1161.0,2577.1806640625,221.97938537597656
419472,509.0,995.243408203125,195.52914428710938
401030,871.0,2134.291015625,245.03915405273438
447104,405.0,1732.506103515625,427.779296875
447108,467.0,1489.2418212890625,318.89544677734375
405757,916.0,3566.7373046875,389.38177490234375
447114,575.0,1414.240966796875,245.95494079589844
405762,732.0,3166.01904296875,432.5162353515625
414825,676.0,1828.81787109375,270.5351867675781
447121,401.0,1499.836669921875,374.02410888671875
447124,1254.0,1752.888671875,139.78378295898438
419506,551.0,1854.53759765625,336.5766906738281
410131,1222.0,1929.80224609375,157.921630859375
442500,757.0,1188.113037109375,156.9501953125
414838,824.0,1360.506103515625,165.10997009277344
437983,672.0,1516.69580078125,225.6987762451172
451663,1453.0,1112.8447265625,76.5894546508789
442509,277.0,1323.781005859375,477.8992614746094
428685,260.0,2001.422119140625,769.7777099609375
442512,660.0,4399.9091796875,666.6528930664062
447159,310.0,1608.98583984375,519.0277099609375
414859,648.0,3055.040283203125,471.4568176269531
414863,505.0,1648.538818359375,326.4433288574219
401060,299.0,1197.272216796875,400.42547607421875
424045,662.0,2503.970703125,378.2433166503906
437997,270.0,2707.577392578125,1002.8064575195312
414879,732.0,2739.999267578125,374.31683349609375
405798,280.0,3482.562255859375,1243.772216796875
442528,755.0,3269.827392578125,433.0897216796875
401067,952.0,1022.2296142578125,107.37706756591797
451684,261.0,1405.65380859375,538.564697265625
428707,309.0,1388.941162109375,449.4955139160156
438011,444.0,2492.431884765625,561.3585205078125
419540,1530.0,1679.84130859375,109.79354095458984
451690,420.0,1833.8017578125,436.6194763183594
447212,2079.0,3766.7216796875,181.17950439453125
438017,1354.0,349.19921875,25.790193557739258
414895,1122.0,1231.46142578125,109.75592041015625
419548,809.0,2992.4814453125,369.8988342285156
414898,565.0,2923.93994140625,517.5115356445312
424072,592.0,1116.405029296875,188.58192443847656
410197,320.0,876.544189453125,273.9200439453125
419559,1104.0,2673.919677734375,242.202880859375
419563,1007.0,2085.797607421875,207.12985229492188
451711,284.0,1288.33203125,453.6380310058594
410208,2100.0,157.9151611328125,7.519769668579102
447271,1124.0,2742.417236328125,243.9873046875
442585,1020.0,1601.77001953125,157.03628540039062
442586,1283.0,543.1005859375,42.33052062988281
428736,631.0,1220.3426513671875,193.39820861816406
438040,757.0,3242.156005859375,428.2900695800781
414913,479.0,2249.478515625,469.6197509765625
410231,755.0,1365.720703125,180.89015197753906
442593,1100.0,1949.83447265625,177.25767517089844
401106,629.0,2227.74267578125,354.172119140625
442598,170.0,1148.011962890625,675.3011474609375
428748,1412.0,2813.93359375,199.28707885742188
442601,1279.0,1459.32763671875,114.09910583496094
442603,970.0,2250.5615234375,232.01666259765625
447309,630.0,2132.15234375,338.4368896484375
447310,1242.0,2234.783447265625,179.9342498779297
410254,1921.0,76.06201171875,3.959500789642334
401121,1528.0,1395.700439453125,91.3416519165039
433140,400.0,1055.756103515625,263.93902587890625
447315,621.0,2422.1767578125,390.0445556640625
428762,570.0,2991.260498046875,524.7825927734375
442621,681.0,584.7666015625,85.86881256103516
414963,713.0,1541.17626953125,216.1537628173828
401137,1208.0,2025.998046875,167.71507263183594
428766,1121.0,1927.91259765625,171.98150634765625
447331,311.0,1204.3255615234375,387.2429504394531
442625,880.0,2285.169677734375,259.6783752441406
451757,440.0,707.2374267578125,160.73577880859375
442630,390.0,1433.715087890625,367.6192626953125
451763,823.0,2354.92626953125,286.1392822265625
442635,510.0,3103.286376953125,608.4874877929688
405899,1080.0,2012.36669921875,186.3302459716797
405901,413.0,2290.74365234375,554.6594848632812
405903,713.0,1792.641845703125,251.42242431640625
405905,1044.0,1530.08447265625,146.559814453125
401162,146.0,1339.1708984375,917.2403564453125
438095,613.0,598.59716796875,97.65043640136719
410284,1045.0,1090.498046875,104.3538818359375
424144,1775.0,454.672119140625,25.615331649780273
405915,1012.0,1387.0068359375,137.05601501464844
442655,982.0,1854.82080078125,188.8819580078125
424149,654.0,2055.0,314.2201843261719
419647,741.0,2467.23388671875,332.96002197265625
424152,632.0,2919.9560546875,462.0183410644531
438108,1574.0,294.6580810546875,18.7203369140625
410301,916.0,2519.8916015625,275.09735107421875
410302,1561.0,2304.546875,147.6327362060547
401189,1611.0,636.4326171875,39.50543975830078
438116,1405.0,29.95166015625,2.1317906379699707
410306,1557.0,476.4757080078125,30.60216522216797
410308,905.0,2358.44921875,260.60211181640625
419664,279.0,1596.02197265625,572.0509033203125
401202,1314.0,2120.953369140625,161.41197204589844
401206,974.0,1946.0224609375,199.79696655273438
438126,1175.0,1198.4853515625,101.9987564086914
401210,2735.0,550.5634765625,20.130290985107422
438128,298.0,1897.090087890625,636.607421875
438131,760.0,3304.060302734375,434.7447814941406
419681,570.0,2357.98681640625,413.681884765625
405955,865.0,2296.340576171875,265.472900390625
410324,1021.0,1350.72412109375,132.2942352294922
442692,1162.0,1283.16943359375,110.42766571044922
428893,1263.0,1329.75146484375,105.28515625
442696,1745.0,1487.402587890625,85.23796844482422
438141,1282.0,2665.240966796875,207.89710998535156
433223,772.0,1977.63671875,256.1705627441406
405965,350.0,1514.6077880859375,432.7450866699219
419702,320.0,1462.656982421875,457.080322265625
451835,1151.0,2195.0419921875,190.70738220214844
424194,713.0,2514.947021484375,352.72747802734375
428910,581.0,3062.497802734375,527.1080322265625
415068,634.0,2583.817626953125,407.542236328125
433233,822.0,2281.763427734375,277.5867919921875
405985,833.0,1588.66064453125,190.71556091308594
442731,404.0,1135.130859375,280.9729919433594
451846,120.0,835.8070068359375,696.505859375
410348,241.0,1249.56884765625,518.4933471679688
406000,545.0,1554.93701171875,285.3095397949219
419725,321.0,1024.2562255859375,319.0829162597656
401255,1081.0,1586.445556640625,146.75721740722656
415084,262.0,823.8358154296875,314.441162109375
406017,488.0,951.1519775390625,194.90818786621094
419733,522.0,1067.179443359375,204.44049072265625
433252,576.0,3426.34619140625,594.851806640625
428944,460.0,2019.008056640625,438.9147644042969
406022,1125.0,2141.45458984375,190.3515167236328
438170,824.0,485.81201171875,58.957767486572266
410365,1583.0,2727.25,172.28363037109375
410369,313.0,1004.361328125,320.8822326660156
442760,1012.0,1387.81591796875,137.13595581054688
415102,278.0,2183.8720703125,785.5654907226562
428960,118.0,1282.822021484375,1087.1373291015625
424224,742.0,2451.6865234375,330.41595458984375
401286,481.0,1266.947021484375,263.3985595703125
447488,1481.0,2150.558837890625,145.2099151611328
401291,1522.0,2243.34326171875,147.39442443847656
433275,1299.0,1433.520263671875,110.35567474365234
415116,379.0,1719.81982421875,453.7783203125
451882,813.0,1893.570068359375,232.91143798828125
433280,329.0,1437.6875,436.987060546875
433282,367.0,1825.45703125,497.3997497558594
410391,214.0,1281.8975830078125,599.017578125
401317,624.0,2260.114990234375,362.19793701171875
433285,2033.0,989.1298828125,48.65370559692383
419794,959.0,1385.45849609375,144.46908569335938
451892,612.0,1664.37451171875,271.95660400390625
406061,933.0,1431.520263671875,153.4319610595703
410400,293.0,1514.3680419921875,516.8491821289062
401348,923.0,1425.5,154.44203186035156
428993,390.0,1749.6064453125,448.6170349121094
406074,1196.0,1552.169921875,129.78009033203125
442790,441.0,1071.881591796875,243.05706787109375
419813,1347.0,1496.45703125,111.09555053710938
406083,1743.0,1337.9677734375,76.7623519897461
401374,1291.0,2864.455078125,221.8787841796875
401377,633.0,1739.486083984375,274.8003234863281
419819,605.0,2303.4931640625,380.74267578125
451918,1421.0,1208.07666015625,85.01595306396484
451920,850.0,3658.5703125,430.4200134277344
433310,1253.0,713.744384765625,56.96284103393555
401400,271.0,1421.9879150390625,524.7188110351562
451927,774.0,2285.543212890625,295.2898254394531
438255,601.0,2918.05615234375,485.5334777832031
429019,470.0,1361.0582275390625,289.58685302734375
429022,711.0,3267.60107421875,459.5782165527344
451932,2090.0,507.517578125,24.283138275146484
406120,481.0,1341.69677734375,278.93902587890625
429028,233.0,1194.904541015625,512.8345336914062
438264,1102.0,1862.8505859375,169.04270935058594
401425,461.0,849.18408203125,184.2047882080078
451939,1017.0,439.0537109375,43.17145538330078
433330,1073.0,2413.1884765625,224.9010772705078
415188,229.0,1077.5338134765625,470.538818359375
442832,150.0,1155.538818359375,770.3592529296875
410441,640.0,1648.54150390625,257.5846252441406
447547,710.0,1387.70068359375,195.45079040527344
451951,370.0,1113.0982666015625,300.8373718261719
433344,260.0,1323.41943359375,509.0074462890625
419878,534.0,2741.8662109375,513.4581298828125
442840,1854.0,2049.479248046875,110.54364776611328
438277,1070.0,1212.1162109375,113.28189086914062
433355,652.0,2312.725830078125,354.7125549316406
406151,269.0,1845.45068359375,686.0411376953125
410461,400.0,712.6658935546875,178.16647338867188
433363,656.0,2418.054443359375,368.6058654785156
419894,1611.0,893.926025390625,55.4888916015625
429062,173.0,1642.010009765625,949.1387329101562
429065,129.0,1001.67529296875,776.492431640625
438321,360.0,1585.188232421875,440.330078125
442862,490.0,1109.929443359375,226.51622009277344
438325,971.0,1135.392578125,116.93023681640625
429075,603.0,1572.0537109375,260.7054138183594
415221,919.0,1611.788330078125,175.38502502441406
406165,402.0,1914.4609375,476.23406982421875
424360,651.0,1738.53564453125,267.05615234375
401465,1331.0,2391.5654296875,179.68185424804688
410492,370.0,1537.7296142578125,415.60260009765625
406175,420.0,1340.1705322265625,319.0882263183594
415235,510.0,1993.203125,390.82415771484375
438344,553.0,1422.8714599609375,257.3004455566406
433400,601.0,2060.0537109375,342.77099609375
410508,1218.0,3186.8095703125,261.642822265625
415239,1433.0,3112.68359375,217.21449279785156
442874,814.0,3121.396484375,383.46392822265625
415242,1252.0,1988.01953125,158.78750610351562
424379,852.0,2475.361328125,290.5353698730469
438357,299.0,1374.3109130859375,459.6357421875
442883,775.0,2259.823974609375,291.5901794433594
401485,1082.0,1379.4677734375,127.49240112304688
410531,422.0,1385.733154296875,328.372802734375
419944,764.0,2754.3662109375,360.5191345214844
419946,971.0,1880.16845703125,193.63217163085938
406218,1712.0,2363.2158203125,138.03829956054688
447616,838.0,2065.92333984375,246.5302276611328
433425,226.0,1486.85498046875,657.9004516601562
452019,379.0,2460.04638671875,649.0887451171875
452022,1081.0,1963.646240234375,181.65089416503906
401501,490.0,1289.7464599609375,263.21356201171875
447626,430.0,2386.582275390625,555.0191650390625
415265,2233.0,363.57666015625,16.281982421875
401507,741.0,1802.654541015625,243.27320861816406
447633,796.0,2974.482177734375,373.67864990234375
429143,530.0,866.251220703125,163.44361877441406
438387,608.0,3618.46142578125,595.1417236328125
419965,1643.0,857.757080078125,52.20676040649414
406238,757.0,1443.69091796875,190.71214294433594
429149,314.0,1068.8271484375,340.39080810546875
452040,580.0,1976.83935546875,340.8343811035156
442916,1160.0,990.0830078125,85.35198211669922
447656,491.0,1412.710205078125,287.72100830078125
415285,1514.0,2676.1376953125,176.75941467285156
415287,501.0,1264.480712890625,252.391357421875
415290,1024.0,2852.4580078125,278.56036376953125
429162,1122.0,1973.46435546875,175.88809204101562
438411,358.0,1392.951904296875,389.09271240234375
442930,509.0,1904.5224609375,374.16943359375
406258,809.0,2382.333740234375,294.47882080078125
452057,1291.0,2035.627197265625,157.67832946777344
401542,586.0,2102.9287109375,358.861572265625
401544,551.0,1732.87255859375,314.49591064453125
438423,1151.0,2060.135009765625,178.98654174804688
406267,513.0,2308.82177734375,450.0627136230469
424478,199.0,1314.298828125,660.45166015625
410628,390.0,2350.32666015625,602.6478881835938
410630,899.0,2693.46044921875,299.60626220703125
447686,434.0,2923.23486328125,673.556396484375
433492,779.0,1770.74951171875,227.3105926513672
433494,641.0,1832.36328125,285.860107421875
433495,1652.0,1128.451904296875,68.3082275390625
424497,612.0,1071.274169921875,175.0447998046875
410651,226.0,1009.6629638671875,446.7535095214844
415324,139.0,883.1348876953125,635.3488159179688
433501,219.0,908.6844482421875,414.92437744140625
424501,916.0,3118.63916015625,340.4627685546875
401568,1506.0,1143.73828125,75.9454345703125
406293,1781.0,2987.77734375,167.7584228515625
433507,379.0,1331.492919921875,351.3173828125
406299,532.0,510.2958984375,95.92028045654297
452095,731.0,2907.269775390625,397.7113342285156
452098,209.0,1540.536376953125,737.0987548828125
438463,499.0,1875.00341796875,375.752197265625
424514,603.0,1526.1640625,253.09519958496094
415347,740.0,1469.294921875,198.55337524414062
420028,564.0,1483.9990234375,263.1203918457031
406309,656.0,1727.20556640625,263.29351806640625
429221,1841.0,796.3897705078125,43.258541107177734
410710,953.0,1829.87548828125,192.01211547851562
433521,1642.0,2697.0048828125,164.25120544433594
420038,906.0,1197.662353515625,132.1923065185547
429230,1491.0,2053.626708984375,137.73484802246094
420041,1019.0,2020.503662109375,198.28298950195312
420042,1318.0,2035.4755859375,154.4366912841797
429233,931.0,2865.226318359375,307.7579345703125
447742,380.0,1927.05615234375,507.1200256347656
429240,259.0,979.24462890625,378.08673095703125
438497,1124.0,973.894287109375,86.64540100097656
447750,357.0,2072.8837890625,580.6397094726562
420052,160.0,1030.983642578125,644.3648071289062
442999,762.0,1325.10205078125,173.8979034423828
406337,161.0,1067.943115234375,663.3186645507812
438513,514.0,2295.7734375,446.6485595703125
415394,1119.0,346.30322265625,30.94756317138672
415398,371.0,1344.8037109375,362.48077392578125
433553,741.0,2491.883056640625,336.2865295410156
406349,1220.0,1030.54443359375,84.47085571289062
433558,531.0,2273.6220703125,428.1773986816406
443012,1295.0,918.3857421875,70.91781616210938
438535,860.0,1365.08056640625,158.7303009033203
433565,1449.0,1849.425537109375,127.63460540771484
452148,349.0,1131.294921875,324.1532897949219
424566,291.0,1352.218505859375,464.6799011230469
438542,180.0,928.8258056640625,516.0143432617188
401632,307.0,997.404541015625,324.887451171875
443027,467.0,2300.5302734375,492.618896484375
406377,683.0,1344.5382080078125,196.8577117919922
443033,630.0,3199.54638671875,507.8645324707031
406389,697.0,1249.4501953125,179.2611541748047
443038,350.0,1677.6767578125,479.3362121582031
424583,650.0,2952.52783203125,454.2350158691406
452170,1280.0,1466.978515625,114.6076889038086
406404,340.0,1450.997802734375,426.7640686035156
433591,228.0,1519.4521484375,666.4263916015625
415444,2565.0,607.248779296875,23.674415588378906
447767,1154.0,2282.68212890625,197.8060760498047
424590,1022.0,2596.5087890625,254.06153869628906
415455,612.0,2034.79443359375,332.4827575683594
415458,998.0,2534.960693359375,254.0040740966797
420104,1951.0,2017.456787109375,103.40629577636719
415468,802.0,1799.0400390625,224.31919860839844
433602,501.0,3499.7734375,698.5575561523438
410793,624.0,2345.896728515625,375.94500732421875
401665,1093.0,2237.387451171875,204.7014923095703
406442,706.0,1536.552490234375,217.64199829101562
452196,701.0,1503.4287109375,214.46914672851562
452198,870.0,1777.900390625,204.35635375976562
447784,316.0,1105.423828125,349.8176574707031
447785,1458.0,1240.027099609375,85.04986572265625
438576,911.0,1626.825439453125,178.57579040527344
401691,1614.0,899.41748046875,55.725990295410156
452207,980.0,53.56634521484375,5.465953350067139
415496,838.0,2370.106201171875,282.82891845703125
443080,1137.0,2019.202880859375,177.5904083251953
406473,1233.0,1445.466796875,117.231689453125
452213,701.0,2200.9931640625,313.97906494140625
406483,876.0,2510.6220703125,286.6006774902344
443084,2092.0,2771.1884765625,132.4659881591797
429328,709.0,2702.482421875,381.1681823730469
401712,1011.0,1794.448486328125,177.492431640625
410822,925.0,2295.78125,248.19256591796875
424630,502.0,928.0064697265625,184.86184692382812
424631,1249.0,1873.76416015625,150.02114868164062
433672,201.0,845.8878173828125,420.8396911621094
420154,1673.0,1119.18701171875,66.89701080322266
433676,919.0,1911.99853515625,208.05206298828125
401728,351.0,1377.756103515625,392.5231018066406
406509,441.0,1182.255859375,268.085205078125
443106,2073.0,1606.630859375,77.50269317626953
415528,1823.0,730.72802734375,40.08382034301758
433685,734.0,2572.208740234375,350.4371643066406
424648,1396.0,902.14892578125,64.62384796142578
443115,291.0,1150.9921875,395.52996826171875
424652,571.0,1150.787353515625,201.5389404296875
406522,641.0,1399.5052490234375,218.33155822753906
438617,1141.0,2079.3681640625,182.24085998535156
415539,450.0,859.5751953125,191.01670837402344
401764,389.0,1744.41455078125,448.4356384277344
415543,487.0,2187.879150390625,449.25653076171875
415545,763.0,2307.3896484375,302.4101867675781
447844,501.0,1862.4072265625,371.73797607421875
410853,837.0,2654.37451171875,317.12957763671875
410855,568.0,1764.92236328125,310.72576904296875
443132,1492.0,1613.4716796875,108.14153289794922
438635,1867.0,2498.833984375,133.8422088623047
410861,810.0,1906.9892578125,235.43077087402344
415567,670.0,2010.41357421875,300.0617370605469
443139,319.0,905.784423828125,283.9449768066406
406559,691.0,2064.972412109375,298.8382568359375
447858,1252.0,1328.8369140625,106.13713073730469
415575,1313.0,2387.56201171875,181.8402099609375
443149,248.0,1110.293701171875,447.6990661621094
406568,495.0,1774.3466796875,358.453857421875
415586,1351.0,1043.92724609375,77.27070617675781
452291,741.0,3466.7568359375,467.84844970703125
433752,481.0,832.438232421875,173.06407165527344
401794,461.0,2615.6767578125,567.3919067382812
438662,983.0,3245.3525390625,330.14776611328125
420224,613.0,1006.688232421875,164.22320556640625
433766,382.0,1531.9287109375,401.0284423828125
401800,1643.0,972.38427734375,59.1834602355957
424690,239.0,1226.0341796875,512.9849853515625
424691,1220.0,1693.994140625,138.8519744873047
424694,226.0,1767.9200439453125,782.2655029296875
438679,460.0,2206.82470703125,479.7444763183594
424698,732.0,1643.18505859375,224.4788360595703
433777,508.0,1849.162109375,364.0082702636719
433779,1448.0,700.54296875,48.38003921508789
415617,752.0,3894.3935546875,517.8714599609375
401814,822.0,1960.568603515625,238.51199340820312
443180,871.0,1314.8212890625,150.9553680419922
429451,457.0,2806.40283203125,614.092529296875
410934,671.0,2204.00927734375,328.46636962890625
420243,627.0,2532.593017578125,403.9223327636719
401825,520.0,3358.1630859375,645.8005981445312
415640,1514.0,670.9365234375,44.31549072265625
443189,792.0,1775.96923828125,224.23854064941406
401831,791.0,1905.97900390625,240.95816040039062
415650,960.0,2133.203125,222.2086639404297
420261,359.0,996.0322265625,277.4462890625
415656,863.0,2375.155517578125,275.2207946777344
438711,541.0,1104.939697265625,204.24024963378906
429471,821.0,2117.362548828125,257.9004211425781
429473,461.0,1509.094970703125,327.3525085449219
410948,390.0,1807.028076171875,463.34051513671875
410949,1317.0,1335.70703125,101.42042541503906
420283,354.0,1542.614990234375,435.7669372558594
410952,1067.0,995.023193359375,93.25428009033203
429483,410.0,1355.144775390625,330.5231018066406
433814,1090.0,1485.05615234375,136.24368286132812
415691,312.0,1253.621337890625,401.8017272949219
447928,2314.0,2569.9765625,111.06208801269531
420307,1113.0,3122.3759765625,280.53692626953125
443233,94.0,951.98046875,1012.7451782226562
424743,421.0,1350.9915771484375,320.9006042480469
429498,971.0,2344.2470703125,241.42605590820312
429500,631.0,2403.424560546875,380.891357421875
447938,700.0,2302.364501953125,328.9092102050781
429505,611.0,2481.791748046875,406.18524169921875
420326,538.0,1603.70703125,298.0868225097656
452341,1531.0,1218.2890625,79.5747299194336
410968,625.0,1534.0185546875,245.44296264648438
452343,170.0,1611.1658935546875,947.74462890625
420338,444.0,2213.62255859375,498.5636291503906
433839,539.0,2687.6689453125,498.6398620605469
410977,481.0,2596.125,539.7349243164062
424762,942.0,3431.0439453125,364.229736328125
406692,1246.0,968.93505859375,77.7636489868164
447958,944.0,1733.981689453125,183.68450927734375
433845,545.0,1819.75244140625,333.8995361328125
447961,1425.0,2128.136474609375,149.34291076660156
443295,331.0,1321.218017578125,399.1595153808594
443297,1037.0,2303.422119140625,222.12364196777344
406701,1320.0,1473.0537109375,111.59497833251953
410992,1211.0,1718.818359375,141.9337921142578
401895,1096.0,2113.183349609375,192.80870056152344
406708,494.0,2150.8134765625,435.3873291015625
420381,1059.0,1340.84130859375,126.6139144897461
411001,186.0,1096.674072265625,589.6097412109375
401902,363.0,1103.149169921875,303.8978271484375
415736,431.0,696.5577392578125,161.61431884765625
452378,800.0,2644.82666015625,330.60333251953125
420402,933.0,3131.5087890625,335.638671875
420405,900.0,2169.08740234375,241.00970458984375
433906,502.0,1376.2308349609375,274.1495666503906
452387,922.0,1122.4212646484375,121.73765563964844
420413,1225.0,163.097412109375,13.314074516296387
411016,1499.0,2941.6181640625,196.23870849609375
443358,1144.0,2187.435791015625,191.2094268798828
420423,809.0,1820.732177734375,225.05960083007812
401920,454.0,2888.9501953125,636.3326416015625
411026,1969.0,3944.634765625,200.3369598388672
429563,180.0,1382.470703125,768.0392456054688
411030,790.0,1311.26904296875,165.98342895507812
452400,89.0,790.7842407226562,888.5216064453125
401930,1318.0,3024.47607421875,229.47467041015625
452403,952.0,21.240478515625,2.23114275932312
443382,1360.0,530.7412109375,39.025089263916016
443384,699.0,2283.5283203125,326.6850280761719
406748,358.0,986.755126953125,275.6299133300781
429592,1092.0,2618.750732421875,239.8123321533203
406756,295.0,1413.3935546875,479.116455078125
401938,300.0,923.15185546875,307.71728515625
420466,185.0,1379.38623046875,745.6141967773438
443401,1798.0,841.96923828125,46.82809829711914
448012,1964.0,2516.181640625,128.1151580810547
406775,621.0,2336.45703125,376.2410583496094
443412,555.0,1631.101806640625,293.8922119140625
411062,1956.0,423.8096923828125,21.66716194152832
429605,913.0,2077.7373046875,227.57254028320312
424825,961.0,2090.74853515625,217.55967712402344
429608,420.0,1373.990478515625,327.1405944824219
406796,1245.0,1248.59423828125,100.28868865966797
401958,641.0,2014.29833984375,314.24310302734375
406798,1767.0,2299.282958984375,130.12355041503906
415820,198.0,596.6121826171875,301.31927490234375
401963,1492.0,1844.7021484375,123.63955688476562
448029,1031.0,2805.1220703125,272.0777893066406
415831,766.0,1822.1533203125,237.87901306152344
415834,1055.0,1872.70166015625,177.50726318359375
448033,306.0,1135.382080078125,371.0398864746094
438852,791.0,4541.4306640625,574.1378784179688
415844,904.0,1316.96435546875,145.68190002441406
438854,1580.0,2731.6171875,172.8871612548828
448039,1002.0,1428.9736328125,142.6121368408203
433965,311.0,1524.4439697265625,490.1749267578125
424848,741.0,2417.82275390625,326.2918701171875
415862,502.0,1177.556884765625,234.5730743408203
438862,530.0,2306.73583984375,435.233154296875
443485,428.0,1953.1572265625,456.3451232910156
420515,1219.0,2846.7099609375,233.52830505371094
433974,199.0,1205.4549560546875,605.7562866210938
433975,1122.0,1870.56982421875,166.7174530029297
443501,543.0,1981.365966796875,364.8924255371094
438872,259.0,1666.502197265625,643.4371337890625
429647,440.0,922.324462890625,209.6191864013672
420533,447.0,875.1376953125,195.78024291992188
411107,1279.0,1594.07763671875,124.63468170166016
443521,495.0,2186.755859375,441.7688293457031
438880,1458.0,1361.8515625,93.40545654296875
452462,289.0,1210.9036865234375,418.997802734375
406862,403.0,1889.2919921875,468.80694580078125
420544,433.0,1035.1959228515625,239.07528686523438
438888,672.0,1751.5693359375,260.65020751953125
415900,777.0,2060.2978515625,265.1606140136719
443544,613.0,1787.92529296875,291.6680908203125
420548,1347.0,1742.658935546875,129.37335205078125
448070,2077.0,2161.275390625,104.05754852294922
402025,425.0,818.838134765625,192.6678009033203
415916,429.0,1739.94384765625,405.5813293457031
402027,1005.0,2214.031494140625,220.30165100097656
411128,192.0,1661.4703369140625,865.34912109375
448080,402.0,2547.77001953125,633.7736206054688
420561,491.0,1993.857177734375,406.0809020996094
434015,1531.0,1258.33349609375,82.19029998779297
415927,499.0,1950.15869140625,390.8133850097656
411139,582.0,4169.8896484375,716.4758911132812
424896,584.0,2307.649658203125,395.1454772949219
438912,911.0,1938.8359375,212.82501220703125
402043,456.0,2336.24462890625,512.3343505859375
402046,624.0,1870.51611328125,299.76220703125
420570,1853.0,280.495361328125,15.137364387512207
438921,541.0,2122.8916015625,392.4013977050781
443590,528.0,1898.2685546875,359.52056884765625
448102,489.0,1185.0777587890625,242.34719848632812
420577,828.0,802.5546875,96.92689514160156
443593,2110.0,786.26953125,37.26395797729492
424914,1626.0,2580.88720703125,158.7261505126953
411156,760.0,2186.192626953125,287.65692138671875
402067,889.0,2861.71728515625,321.9029541015625
402070,1327.0,1101.8564453125,83.03364562988281
411160,889.0,1763.28125,198.34434509277344
402077,820.0,1336.49853515625,162.9876251220703
406942,1680.0,1241.5126953125,73.89956665039062
438940,650.0,2202.19140625,338.7986755371094
434054,1294.0,662.411376953125,51.19099044799805
429726,767.0,2482.7265625,323.6931457519531
429730,570.0,1461.291015625,256.3668518066406
402095,1435.0,2619.612060546875,182.55136108398438
411171,691.0,2012.59033203125,291.25762939453125
420619,453.0,2052.239013671875,453.0328674316406
415982,1259.0,1901.120849609375,151.00245666503906
429738,920.0,1540.941162109375,167.4936065673828
420631,612.0,2752.386474609375,449.7363586425781
448132,1351.0,1579.666259765625,116.92570495605469
443632,322.0,2058.61572265625,639.3216552734375
402121,767.0,2397.452392578125,312.57525634765625
434069,311.0,1668.6846923828125,536.5545654296875
443642,653.0,920.441650390625,140.95584106445312
443645,730.0,3333.892822265625,456.6976623535156
452540,410.0,2027.9833984375,494.6300964355469
434072,2617.0,295.326416015625,11.284921646118164
434073,1572.0,1454.565673828125,92.52962493896484
434075,905.0,2111.850830078125,233.3536834716797
411194,808.0,1283.590576171875,158.86021423339844
448153,208.0,1350.93994140625,649.4903564453125
420671,568.0,1503.56689453125,264.71246337890625
402142,986.0,1523.2744140625,154.4903106689453
424965,520.0,1299.17236328125,249.84083557128906
448168,1722.0,3158.29833984375,183.40872192382812
416024,745.0,2204.9951171875,295.9725036621094
402148,1472.0,1223.53564453125,83.1206283569336
429774,1949.0,1222.983154296875,62.749267578125
452564,821.0,1820.586669921875,221.75233459472656
438984,515.0,2477.8837890625,481.1424865722656
438986,198.0,1178.6475830078125,595.2765502929688
420707,826.0,3389.2109375,410.31610107421875
448185,560.0,1947.40380859375,347.7507019042969
411223,783.0,3240.5966796875,413.8692932128906
416043,293.0,1512.7587890625,516.2999267578125
402158,1602.0,4686.0810546875,292.514404296875
452579,146.0,1437.6025390625,984.6593017578125
416054,617.0,2168.848388671875,351.51513671875
402163,175.0,1409.0321044921875,805.1611938476562
402165,166.0,1311.496826171875,790.058349609375
443709,808.0,1442.85009765625,178.570556640625
402171,279.0,1548.341552734375,554.9611206054688
443714,388.0,1470.8736572265625,379.0911560058594
439003,762.0,1050.46435546875,137.85621643066406
434124,656.0,2561.727294921875,390.5072326660156
425030,372.0,1855.51611328125,498.7946472167969
407010,1459.0,2296.759033203125,157.4200897216797
452602,202.0,877.95263671875,434.6300048828125
411247,398.0,2103.34375,528.4783325195312
411249,546.0,2319.900146484375,424.89013671875
407017,555.0,1303.283447265625,234.8258514404297
439020,470.0,1006.259765625,214.09783935546875
420755,1427.0,1879.792236328125,131.73036193847656
439025,440.0,1881.22998046875,427.5522766113281
448219,1201.0,1557.843017578125,129.712158203125
434142,334.0,889.144775390625,266.21099853515625
448222,480.0,2501.2412109375,521.0919189453125
407027,803.0,2160.08935546875,269.0024108886719
425050,821.0,1932.311767578125,235.36074829101562
439037,712.0,1775.91796875,249.4266815185547
439039,580.0,3005.40625,518.1735229492188
434155,1044.0,2522.68115234375,241.63613891601562
439043,449.0,1675.234130859375,373.1033935546875
452625,929.0,1981.185546875,213.260009765625
402212,321.0,1283.08740234375,399.7156982421875
443786,719.0,2696.41845703125,375.0234375
439048,592.0,2084.19287109375,352.0596008300781
439053,414.0,1236.712890625,298.722900390625
452633,554.0,2563.25244140625,462.68096923828125
425068,410.0,1473.5142822265625,359.3937072753906
429853,642.0,1705.11328125,265.5939636230469
402231,1124.0,1628.5361328125,144.88755798339844
402235,376.0,1138.88720703125,302.8955078125
429858,948.0,2429.44140625,256.27020263671875
434179,465.0,1493.24853515625,321.12872314453125
420790,821.0,3725.2333984375,453.743408203125
411300,408.0,2755.031005859375,675.252685546875
443841,1527.0,538.40380859375,35.25892639160156
439086,401.0,1757.375,438.24810791015625
434190,335.0,1375.9774169921875,410.739501953125
420798,841.0,1566.2802734375,186.24021911621094
443858,153.0,1491.774658203125,975.01611328125
407071,428.0,1176.7723388671875,274.9468078613281
443865,927.0,2197.09765625,237.01162719726562
420808,771.0,3383.56298828125,438.85382080078125
439096,1121.0,1796.264892578125,160.23773193359375
452659,215.0,1841.157958984375,856.3525390625
402260,400.0,1732.289306640625,433.07232666015625
402261,992.0,515.3616943359375,51.9517822265625
452663,557.0,2501.187744140625,449.0462646484375
452664,1189.0,3359.978515625,282.5885925292969
448287,350.0,1032.7783203125,295.07952880859375
443900,689.0,1617.984130859375,234.83078002929688
402270,1139.0,1866.850341796875,163.902587890625
420827,857.0,1854.68603515625,216.4160919189453
443913,519.0,1492.67431640625,287.6058349609375
402275,1233.0,2622.501953125,212.69277954101562
420830,3104.0,256.30322265625,8.25719165802002
452681,642.0,2816.130615234375,438.64959716796875
402282,888.0,992.898193359375,111.81285095214844
439128,499.0,1888.88720703125,378.5345153808594
448302,239.0,1361.0701904296875,569.4854125976562
429935,321.0,816.700927734375,254.42398071289062
416191,703.0,3092.90380859375,439.9578552246094
443950,268.0,1818.15087890625,678.4144897460938
434229,1420.0,1697.707275390625,119.55685424804688
443959,1030.0,2451.595947265625,238.01901245117188
402296,230.0,1380.344970703125,600.1499633789062
416199,1443.0,1092.25244140625,75.69316864013672
448314,901.0,1065.29150390625,118.23434448242188
425145,537.0,2745.749755859375,511.31280517578125
407123,591.0,1566.33154296875,265.0307312011719
402310,275.0,1333.857177734375,485.03900146484375
434241,611.0,1153.150146484375,188.7316131591797
439153,1702.0,278.16552734375,16.34345054626465
443975,311.0,1921.66552734375,617.8988647460938
416211,1260.0,2067.8720703125,164.11683654785156
407132,714.0,2649.10888671875,371.0236511230469
411366,1184.0,447.8460693359375,37.82483673095703
443982,611.0,2769.470947265625,453.2685852050781
402338,323.0,1229.78466796875,380.73828125
448335,2155.0,911.72705078125,42.307518005371094
434258,1170.0,1368.83203125,116.99418640136719
452722,1222.0,469.87255859375,38.451107025146484
425161,447.0,905.052978515625,202.47271728515625
429981,286.0,1642.76513671875,574.3934326171875
416232,339.0,1324.8074951171875,390.7986755371094
416234,641.0,1878.552734375,293.0659484863281
448356,942.0,2171.78759765625,230.55068969726562
444000,316.0,2233.1015625,706.677734375
402357,2062.0,1216.8232421875,59.01179885864258
452731,349.0,1706.06591796875,488.8441162109375
416243,630.0,2900.7236328125,460.4323425292969
439183,1123.0,2035.4677734375,181.25270080566406
425178,256.0,1443.927978515625,564.0343627929688
434279,567.0,2430.380126953125,428.6384582519531
439190,321.0,910.9525146484375,283.78582763671875
434283,398.0,1991.25244140625,500.3146667480469
448381,173.0,965.7379150390625,558.2300415039062
402381,1698.0,23.415283203125,1.378991961479187
444016,821.0,2182.487060546875,265.8327941894531
416260,584.0,2192.05322265625,375.3515625
402391,361.0,1490.7496337890625,412.9500427246094
402395,1382.0,1605.23876953125,116.15331268310547
411407,989.0,1981.767578125,200.38095092773438
448395,1025.0,2839.48876953125,277.0232849121094
425196,935.0,2250.029052734375,240.64480590820312
425198,852.0,2914.28466796875,342.05218505859375
407200,349.0,877.443359375,251.41644287109375
452760,992.0,866.086669921875,87.30712890625
416290,244.0,1268.343505859375,519.8129272460938
425204,1192.0,2273.667724609375,190.7439422607422
448410,332.0,2024.45556640625,609.7757568359375
452768,281.0,1295.597412109375,461.0666809082031
452771,360.0,2286.8271484375,635.2297973632812
407211,420.0,1165.5938720703125,277.5223388671875
452777,470.0,1955.69384765625,416.1050720214844
411427,1116.0,3071.74267578125,275.2457580566406
420950,408.0,2507.661865234375,614.623046875
407221,551.0,1093.185546875,198.40028381347656
434326,981.0,1535.510986328125,156.5250701904297
448429,906.0,1335.91357421875,147.4518280029297
411434,922.0,1775.2373046875,192.54200744628906
444060,293.0,1372.1212158203125,468.30078125
434335,269.0,1504.486083984375,559.2885131835938
420963,722.0,2190.749755859375,303.4279479980469
407246,266.0,1181.370361328125,444.1241760253906
420965,1763.0,1258.271728515625,71.37105560302734
434341,289.0,1690.60400390625,584.9840698242188
434343,682.0,1773.955078125,260.1107177734375
444082,364.0,1360.38037109375,373.7308654785156
416336,969.0,2462.92724609375,254.17205810546875
430069,963.0,771.8212890625,80.14759063720703
439248,1002.0,2235.89404296875,223.14312744140625
444094,834.0,1984.16455078125,237.90940856933594
425233,460.0,1426.9312744140625,310.20245361328125
411464,1923.0,2601.74951171875,135.29638671875
430077,751.0,1609.921142578125,214.3703155517578
448456,212.0,1218.849609375,574.9290771484375
452842,207.0,1334.8984375,644.8784790039062
407283,361.0,1021.240966796875,282.8922119140625
452845,930.0,2648.988037109375,284.83740234375
439263,1450.0,2548.48974609375,175.75790405273438
439265,469.0,1475.7508544921875,314.6590270996094
420992,612.0,1943.281005859375,317.5295715332031
425247,642.0,1862.89599609375,290.17071533203125
430089,968.0,1605.51416015625,165.85890197753906
439269,611.0,1801.51708984375,294.8473205566406
407300,950.0,2006.29052734375,211.1884765625
430095,913.0,1897.25244140625,207.80419921875
425258,1082.0,2834.917724609375,262.0072021484375
416363,531.0,1873.697265625,352.86199951171875
421004,370.0,1430.92822265625,386.7373352050781
407310,449.0,858.1612548828125,191.12722778320312
444152,475.0,1446.733642578125,304.57550048828125
421011,490.0,3792.30615234375,773.9400634765625
411508,1290.0,1251.123779296875,96.98634338378906
444163,339.0,1941.101806640625,572.596435546875
425271,642.0,2414.165771484375,376.0382995605469
411515,1005.0,2618.298583984375,260.5272216796875
407319,2732.0,1138.861572265625,41.68600082397461
425282,620.0,1760.863525390625,284.01025390625
421027,555.0,1500.61083984375,270.3803405761719
430118,586.0,2469.390869140625,421.39776611328125
407327,600.0,1016.9241943359375,169.48736572265625
416386,382.0,2355.94580078125,616.73974609375
430126,137.0,1577.43212890625,1151.4102783203125
439305,340.0,1469.686767578125,432.26080322265625
402518,465.0,1524.857177734375,327.92626953125
425298,980.0,2334.657470703125,238.2303466796875
448516,1655.0,1380.673828125,83.42440032958984
452905,1131.0,2279.298583984375,201.52951049804688
452906,1382.0,1732.85791015625,125.3876953125
421051,335.0,1205.993408203125,359.998046875
448522,853.0,1934.3818359375,226.77395629882812
402530,1076.0,2325.677001953125,216.1409912109375
421057,626.0,1233.0328369140625,196.97010803222656
402533,1465.0,2465.289794921875,168.2791748046875
416410,782.0,1465.45068359375,187.39779663085938
444214,1355.0,2024.971923828125,149.44442749023438
411555,1115.0,2419.9384765625,217.0348358154297
444218,591.0,1309.198486328125,221.52259826660156
444220,1167.0,1270.80810546875,108.89530181884766
421068,845.0,1587.0244140625,187.81353759765625
452939,2311.0,1154.552734375,49.95901107788086
402549,260.0,1571.7303466796875,604.51171875
411567,241.0,1110.2470703125,460.6834411621094
452947,738.0,1806.42041015625,244.7724151611328
444234,1427.0,1747.38525390625,122.45166015625
434480,719.0,3097.045654296875,430.7434997558594
425340,551.0,1874.0478515625,340.1175842285156
434485,211.0,1254.2342529296875,594.423828125
448595,572.0,3426.71337890625,599.0757446289062
430168,1398.0,1137.39697265625,81.35887145996094
452968,1500.0,735.94580078125,49.063053131103516
439372,421.0,1192.7396240234375,283.31109619140625
416439,1316.0,1278.771240234375,97.17106628417969
430176,744.0,2373.20458984375,318.9791259765625
444258,245.0,1620.6456298828125,661.488037109375
439381,560.0,1431.4388427734375,255.6140899658203
434504,408.0,1802.5888671875,441.81097412109375
448613,843.0,2293.417236328125,272.0542297363281
444277,917.0,2035.666748046875,221.9920196533203
452984,609.0,2272.542724609375,373.15972900390625
434511,481.0,1775.39794921875,369.1055908203125
430189,337.0,2117.029052734375,628.1985473632812
448629,498.0,1184.3231201171875,237.81588745117188
421107,401.0,3697.982421875,922.1900634765625
425384,1774.0,1418.065185546875,79.93603515625
444298,708.0,2162.784912109375,305.47808837890625
416465,838.0,1165.3199462890625,139.05966186523438
444305,430.0,2761.74560546875,642.2664184570312
444309,235.0,1536.5701904296875,653.8596801757812
448654,804.0,2390.575439453125,297.3352355957031
453002,582.0,1293.407958984375,222.2350311279297
453005,341.0,1242.37939453125,364.3341369628906
448665,635.0,2985.438232421875,470.14776611328125
407412,571.0,2263.82177734375,396.4661560058594
444326,530.0,1160.4306640625,218.9491729736328
407417,994.0,1609.18115234375,161.88946533203125
402605,306.0,1843.273193359375,602.3768310546875
439407,1166.0,1928.801025390625,165.4203338623047
448677,1038.0,1816.427734375,174.9930419921875
453021,701.0,3057.273681640625,436.1303405761719
416496,1635.0,1114.71435546875,68.1782455444336
425443,350.0,1106.710205078125,316.20294189453125
439415,1409.0,905.989501953125,64.30017852783203
448684,870.0,898.8291015625,103.31368255615234
448686,841.0,1345.330078125,159.9678955078125
430230,299.0,927.34033203125,310.1472473144531
425449,430.0,990.701904296875,230.3957977294922
444377,724.0,2282.376220703125,315.2453308105469
444382,222.0,1332.828369140625,600.3731079101562
402630,1407.0,904.40380859375,64.27887725830078
421143,1721.0,610.651123046875,35.48234558105469
439431,330.0,1071.95556640625,324.83502197265625
434565,692.0,1352.96240234375,195.51480102539062
439441,711.0,1818.452880859375,255.75990295410156
434568,1196.0,2001.571044921875,167.35543823242188
444406,706.0,2343.797119140625,331.9825744628906
444412,631.0,2149.64990234375,340.67352294921875
421156,579.0,1744.68017578125,301.32647705078125
402646,298.0,1264.900390625,424.4632263183594
448712,720.0,1761.74658203125,244.68702697753906
448714,529.0,3447.12109375,651.6296997070312
439457,550.0,2129.2607421875,387.1383056640625
416550,438.0,1561.3787841796875,356.4791564941406
402653,849.0,2134.9482421875,251.4662322998047
402655,549.0,2766.040771484375,503.83258056640625
425484,661.0,2206.41552734375,333.79962158203125
448732,1544.0,1218.131103515625,78.89450073242188
411677,965.0,961.44873046875,99.63199615478516
444445,551.0,1125.59423828125,204.28207397460938
448746,278.0,1146.6866455078125,412.4772033691406
448748,1488.0,1326.58984375,89.15254211425781
421179,208.0,1308.4560546875,629.0654296875
439477,613.0,2311.21484375,377.0334167480469
453071,1870.0,3077.841796875,164.59046936035156
421184,1052.0,2215.613037109375,210.60960388183594
439482,791.0,2198.18017578125,277.8988952636719
407496,1439.0,1867.781005859375,129.79714965820312
407502,536.0,1104.6885986328125,206.0986328125
434606,413.0,1539.43798828125,372.7452697753906
425508,772.0,1790.768310546875,231.9647979736328
444469,721.0,2094.523193359375,290.5025329589844
434612,1325.0,2133.727783203125,161.0360565185547
407523,944.0,2804.70263671875,297.10833740234375
439498,640.0,1770.337890625,276.61529541015625
411713,1473.0,2358.86181640625,160.13998413085938
448780,519.0,1918.231201171875,369.60137939453125
439504,361.0,2663.34228515625,737.7679443359375
448783,1072.0,2730.00732421875,254.6648712158203
411719,611.0,1837.17236328125,300.6828918457031
434627,679.0,2500.9287109375,368.3252868652344
453089,700.0,2657.217529296875,379.6025085449219
416625,239.0,1172.24609375,490.4795227050781
434635,430.0,1149.378662109375,267.29736328125
425532,942.0,2678.47998046875,284.3396911621094
407549,958.0,1886.994140625,196.9722442626953
430324,496.0,1832.787109375,369.5135498046875
411737,1507.0,2868.69580078125,190.35804748535156
444518,944.0,2408.030029296875,255.08792114257812
425539,591.0,2249.598388671875,380.6427001953125
416643,470.0,839.1488037109375,178.54229736328125
448813,861.0,1626.85498046875,188.94947814941406
402708,624.0,2095.368408203125,335.79620361328125
402710,261.0,2549.396728515625,976.7803344726562
448820,1423.0,2337.2373046875,164.24717712402344
448822,893.0,1985.135009765625,222.29954528808594
421240,881.0,2728.833251953125,309.7427062988281
444532,620.0,2234.10009765625,360.3387451171875
411785,963.0,2512.14453125,260.86651611328125
444535,1463.0,1330.875,90.96890258789062
407571,521.0,1716.92822265625,329.5447692871094
430354,1105.0,2021.257080078125,182.919189453125
416663,534.0,1572.1103515625,294.4027099609375
407578,760.0,3205.19677734375,421.7364196777344
453136,434.0,2525.89013671875,582.0023803710938
430361,994.0,734.7276611328125,73.916259765625
453140,1698.0,1520.94580078125,89.57278442382812
453141,1812.0,2001.698486328125,110.46900939941406
407586,1112.0,2430.24365234375,218.54708862304688
430367,467.0,1874.05908203125,401.29742431640625
453146,412.0,1850.0986328125,449.05303955078125
416679,1142.0,2758.154296875,241.51963806152344
434679,1274.0,2122.054443359375,166.5662841796875
402751,418.0,1231.4779052734375,294.6119384765625
453156,850.0,2000.3818359375,235.33905029296875
453158,824.0,2109.69384765625,256.0307922363281
425589,322.0,1172.300537109375,364.0684814453125
448890,679.0,1312.3541259765625,193.27749633789062
448896,802.0,2513.489013671875,313.4026184082031
444579,653.0,2022.63818359375,309.7455139160156
434693,312.0,2629.41796875,842.76220703125
416695,1310.0,1786.038330078125,136.33880615234375
434698,361.0,1153.51806640625,319.5340881347656
434700,720.0,2452.763916015625,340.6616516113281
402789,364.0,1117.408203125,306.98028564453125
421293,600.0,758.048583984375,126.34142303466797
411863,350.0,2420.08203125,691.4520263671875
402798,758.0,2065.626953125,272.5101318359375
416706,1030.0,2461.81103515625,239.0107879638672
439583,532.0,1169.276123046875,219.7887420654297
448940,1235.0,893.36669921875,72.3373794555664
425615,1394.0,1766.489501953125,126.72090148925781
425616,1763.0,647.18896484375,36.70952606201172
411877,400.0,1985.658203125,496.41455078125
425620,293.0,1507.981201171875,514.6693725585938
444615,178.0,1173.442138671875,659.2371215820312
448966,556.0,1210.01171875,217.6280059814453
453202,749.0,2684.845458984375,358.45733642578125
439600,192.0,1312.089111328125,683.3797607421875
411890,764.0,1969.62255859375,257.8039855957031
439604,698.0,979.46044921875,140.32383728027344
439607,421.0,2405.490966796875,571.37548828125
407638,591.0,1481.3779296875,250.6561737060547
407641,711.0,2035.44921875,286.27978515625
444646,402.0,1460.808349609375,363.3851623535156
430424,2545.0,1238.19287109375,48.6519775390625
434742,950.0,2240.4609375,235.83798217773438
407649,246.0,1052.2479248046875,427.7430419921875
444661,802.0,3711.44482421875,462.7736511230469
402840,561.0,1635.70068359375,291.5687561035156
434750,722.0,2613.18310546875,361.93670654296875
430433,310.0,1145.08740234375,369.3830261230469
449003,300.0,961.73876953125,320.57958984375
444678,731.0,2469.59130859375,337.8373718261719
402850,1743.0,1316.08544921875,75.50690460205078
434760,209.0,1546.2691650390625,739.8416748046875
439640,440.0,1677.496826171875,381.2492980957031
430443,812.0,2639.51904296875,325.0639343261719
421367,1107.0,949.14599609375,85.7403793334961
430446,1152.0,1011.875244140625,87.83638763427734
430449,851.0,2655.95947265625,312.0986328125
430453,781.0,2126.727783203125,272.30828857421875
411950,566.0,1641.7861328125,290.0682067871094
407674,536.0,1920.948486328125,358.38592529296875
416764,959.0,1245.187255859375,129.84225463867188
416769,324.0,1037.523193359375,320.22320556640625
402873,1019.0,1146.67626953125,112.5295639038086
453264,581.0,2070.78759765625,356.4178161621094
421383,1621.0,1583.4208984375,97.68173217773438
453269,532.0,2035.00732421875,382.5201721191406
402881,771.0,2371.1748046875,307.5453796386719
407687,650.0,2215.837158203125,340.89801025390625
416793,512.0,1576.235107421875,307.8584289550781
444713,370.0,1227.341552734375,331.71392822265625
416803,257.0,1150.33349609375,447.6006164550781
439673,339.0,1190.0859375,351.05780029296875
449045,1353.0,175.4560546875,12.967927932739258
453284,330.0,1936.75634765625,586.8958740234375
407712,1592.0,2276.96630859375,143.0255126953125
402898,349.0,900.360107421875,257.98284912109375
416816,1444.0,525.4239501953125,36.38669967651367
444728,951.0,1693.6787109375,178.09451293945312
453290,1067.0,2180.302001953125,204.33946228027344
411984,631.0,1612.8486328125,255.6020050048828
407730,731.0,1408.90771484375,192.73703002929688
449056,1996.0,4587.1611328125,229.8177032470703
449058,427.0,1479.939208984375,346.5899658203125
416830,419.0,1182.813720703125,282.29443359375
439696,1750.0,1496.797119140625,85.53126525878906
412002,1160.0,1684.66748046875,145.22996520996094
444742,709.0,2704.865234375,381.5042724609375
412007,2542.0,2030.43212890625,79.87538146972656
430504,862.0,1968.675048828125,228.3845672607422
430505,992.0,1989.763427734375,200.5810089111328
444748,720.0,2128.502685546875,295.6253662109375
421431,891.0,3123.860107421875,350.6015625
412023,1216.0,1227.2724609375,100.92700958251953
421434,2054.0,2135.7783203125,103.9814224243164
425712,620.0,2176.76953125,351.09185791015625
430516,772.0,2057.631103515625,266.53253173828125
453321,481.0,2308.8447265625,480.0093078613281
434849,281.0,1652.269775390625,587.996337890625
425719,1236.0,2144.173095703125,173.47679138183594
434853,1615.0,1614.70654296875,99.98182678222656
402952,322.0,1573.379150390625,488.6270446777344
434857,520.0,2000.47998046875,384.70770263671875
425727,792.0,1623.662109375,205.00784301757812
449095,544.0,1707.905517578125,313.9532165527344
407792,1192.0,568.0615234375,47.65616989135742
416900,373.0,1362.921875,365.3946228027344
416904,1048.0,1048.115234375,100.01099395751953
416910,1165.0,2606.568115234375,223.73974609375
402972,821.0,2059.785400390625,250.8873748779297
412069,231.0,1129.322998046875,488.8843994140625
439753,851.0,1535.361328125,180.41848754882812
402979,2024.0,447.01025390625,22.085485458374023
430545,249.0,1143.8525390625,459.3785400390625
439759,592.0,2750.6083984375,464.6297912597656
434880,540.0,1746.32275390625,323.3930969238281
439766,631.0,2497.373046875,395.78021240234375
412084,1167.0,530.266357421875,45.438419342041016
407820,691.0,2733.0244140625,395.51727294921875
449122,872.0,1209.703125,138.72743225097656
439775,708.0,2561.059814453125,361.7315979003906
444800,1613.0,2652.5380859375,164.44749450683594
434906,167.0,765.5763549804688,458.428955078125
412095,2186.0,1936.4453125,88.5839614868164
439782,1543.0,3393.5869140625,219.93434143066406
439784,794.0,1990.802001953125,250.73072814941406
416940,310.0,1539.0535888671875,496.4688720703125
407833,1095.0,2376.06591796875,216.99232482910156
449136,501.0,2496.484130859375,498.30023193359375
403018,426.0,1380.540283203125,324.0704650878906
444817,150.0,2239.48779296875,1492.9918212890625
439793,952.0,1456.65478515625,153.00994873046875
444824,950.0,1862.85546875,196.09005737304688
434929,431.0,853.5831298828125,198.047119140625
449146,591.0,2078.349609375,351.6665954589844
407848,814.0,1749.279296875,214.89918518066406
439803,341.0,3671.841552734375,1076.786376953125
403031,925.0,1764.292236328125,190.73428344726562
416972,245.0,1543.695556640625,630.079833984375
449157,557.0,2571.24951171875,461.6246643066406
449159,1277.0,2086.758056640625,163.41098022460938
425797,159.0,1200.2919921875,754.900634765625
412139,721.0,1771.373046875,245.6828155517578
425805,189.0,1088.2835693359375,575.8114624023438
453397,1401.0,1023.96142578125,73.08789825439453
439851,1333.0,2964.630859375,222.4029083251953
453409,1360.0,867.87548828125,63.81437301635742
412151,984.0,870.2293701171875,88.43794250488281
444871,526.0,2140.943603515625,407.0234680175781
403046,1415.0,1578.282470703125,111.53939819335938
434964,307.0,960.391357421875,312.8310546875
444878,1156.0,1389.0830078125,120.16289520263672
421534,1023.0,1731.09375,169.21737670898438
425819,2274.0,365.89892578125,16.09054183959961
449185,859.0,1600.552001953125,186.32736206054688
421540,1463.0,1969.253173828125,134.60377502441406
412165,793.0,2458.2060546875,309.9881591796875
412166,1634.0,3501.8427734375,214.31105041503906
444900,1239.0,300.73876953125,24.272701263427734
425828,1253.0,1908.796875,152.338134765625
453449,925.0,3408.16162109375,368.44989013671875
421549,311.0,1307.853271484375,420.5316162109375
421551,371.0,1408.1448974609375,379.55389404296875
444920,482.0,2348.841796875,487.3115539550781
425838,412.0,2247.103515625,545.4135131835938
453458,797.0,623.473876953125,78.22758483886719
403083,1926.0,1018.16845703125,52.864410400390625
453462,535.0,3287.244384765625,614.4381713867188
453464,617.0,1561.83935546875,253.13441467285156
425847,702.0,2235.764404296875,318.4849548339844
444935,1126.0,3369.041015625,299.204345703125
449207,1585.0,1527.2587890625,96.35702514648438
407908,310.0,2259.95166015625,729.0166625976562
407910,271.0,1117.537109375,412.37530517578125
449214,224.0,1167.7021484375,521.2955932617188
407913,701.0,2723.904296875,388.5740661621094
430661,219.0,1538.441162109375,702.4845581054688
412200,1281.0,1597.78662109375,124.72962951660156
444949,450.0,1676.38720703125,372.5304870605469
435019,642.0,1929.85302734375,300.60015869140625
425868,180.0,1978.23681640625,1099.0205078125
435023,633.0,2444.27587890625,386.14154052734375
449232,752.0,1699.91796875,226.0529327392578
430674,1021.0,432.794921875,42.38931655883789
412228,453.0,1274.260498046875,281.293701171875
417099,1724.0,1192.169677734375,69.15137481689453
412236,791.0,1915.270263671875,242.13278198242188
430683,221.0,1036.3179931640625,468.92218017578125
425878,1721.0,2250.423828125,130.76255798339844
435032,1305.0,1248.48486328125,95.66934204101562
435033,1766.0,1075.958251953125,60.92628860473633
435035,591.0,2048.7177734375,346.6527404785156
439930,76.0,1542.3197021484375,2029.3680419921875
449260,129.0,1387.3363037109375,1075.4544677734375
412256,760.0,1684.03515625,221.58358764648438
403157,601.0,1499.20166015625,249.45118713378906
407973,521.0,1906.6435546875,365.9584655761719
425893,161.0,1466.8612060546875,911.0938720703125
430704,430.0,3003.4814453125,698.4840087890625
417130,1069.0,1896.7353515625,177.43080139160156
439946,760.0,2565.97216796875,337.6278991699219
435088,1313.0,2698.123779296875,205.4930419921875
430712,1131.0,2220.93212890625,196.36888122558594
403170,701.0,1025.74365234375,146.3257598876953
417149,312.0,800.6585693359375,256.621337890625
435095,133.0,891.936767578125,670.629150390625
449286,900.0,1814.73193359375,201.6368865966797
430719,1714.0,204.9747314453125,11.958852767944336
453534,968.0,1875.2021484375,193.71923828125
449293,159.0,1243.7044677734375,782.2040405273438
425921,700.0,2409.752685546875,344.2503967285156
439967,340.0,1450.384765625,426.5837707519531
439969,1011.0,2733.6328125,270.3890075683594
412284,279.0,1038.1884765625,372.1105651855469
412287,480.0,1937.5908203125,403.66473388671875
445030,990.0,2071.894287109375,209.28225708007812
435115,648.0,2606.116455078125,402.178466796875
403196,1183.0,2031.872314453125,171.7559051513672
445036,1377.0,1401.65625,101.79058074951172
412293,1762.0,1490.30078125,84.58007049560547
453554,2096.0,822.053466796875,39.22010803222656
445041,1193.0,886.29541015625,74.29132080078125
435126,923.0,2166.560546875,234.73028564453125
417189,865.0,1104.1778564453125,127.65061950683594
417191,236.0,1161.87060546875,492.31805419921875
421675,563.0,2927.525390625,519.9866943359375
439999,651.0,1194.543212890625,183.4935760498047
449331,383.0,1131.36865234375,295.3965148925781
412304,1172.0,1537.0810546875,131.15025329589844
421680,143.0,1222.03857421875,854.5723876953125
449336,531.0,1757.89306640625,331.0533142089844
453579,1481.0,1108.46240234375,74.84553527832031
421686,371.0,1067.172119140625,287.6474609375
403228,429.0,1902.217529296875,443.4073486328125
417208,1418.0,1513.58544921875,106.7408676147461
417210,564.0,2346.771484375,416.0942687988281
435155,381.0,1816.74267578125,476.8353576660156
435157,1123.0,804.190185546875,71.61087799072266
408050,492.0,1545.8343505859375,314.1939697265625
440082,1257.0,2776.930419921875,220.91729736328125
421700,192.0,1318.571044921875,686.7557373046875
408057,149.0,1256.633544921875,843.3782348632812
417225,990.0,2495.546875,252.075439453125
430783,858.0,3047.232177734375,355.1552734375
453600,1148.0,2358.654052734375,205.45765686035156
449361,430.0,2082.5478515625,484.3134460449219
435173,469.0,2517.6845703125,536.8197631835938
435176,291.0,1424.7000732421875,489.587646484375
440093,782.0,747.5126953125,95.58985900878906
445092,210.0,819.7144775390625,390.3402404785156
412344,1156.0,1611.17041015625,139.37460327148438
449373,890.0,342.4599609375,38.4786491394043
453617,379.0,982.3388671875,259.19232177734375
445098,602.0,1381.6741943359375,229.51397705078125
453621,1043.0,3391.2587890625,325.1446533203125
440106,739.0,1740.4697265625,235.51687622070312
426012,1122.0,1008.33935546875,89.86981201171875
421729,1390.0,1426.728515625,102.642333984375
449389,1463.0,202.1005859375,13.814120292663574
430810,736.0,1559.291748046875,211.8603057861328
417257,471.0,2830.068115234375,600.8637084960938
453636,600.0,2296.113037109375,382.68548583984375
417263,250.0,1353.8780517578125,541.5512084960938
453641,701.0,2601.383056640625,371.09600830078125
417266,842.0,1890.92626953125,224.5755615234375
453646,409.0,2018.15576171875,493.4366149902344
412375,1071.0,2111.223388671875,197.12635803222656
453651,742.0,2627.0009765625,354.04327392578125
426033,1492.0,436.188720703125,29.23516845703125
426036,780.0,2933.809326171875,376.1294250488281
435218,580.0,908.817138671875,156.69261169433594
440138,239.0,1200.540771484375,502.3183288574219
417284,521.0,1261.49755859375,242.13003540039062
412389,366.0,1572.3671875,429.6085205078125
403329,805.0,1997.3330078125,248.1158905029297
412396,1968.0,2639.6240234375,134.12722778320312
421762,310.0,1098.377197265625,354.31524658203125
449422,1040.0,1479.126953125,142.22373962402344
430844,570.0,2636.053466796875,462.46551513671875
403339,599.0,2053.82568359375,342.875732421875
403341,180.0,1331.05322265625,739.4739990234375
403344,1049.0,1679.6748046875,160.12152099609375
449427,959.0,1949.740966796875,203.30979919433594
421772,569.0,1604.76123046875,282.0318603515625
417304,852.0,1923.0439453125,225.7093963623047
426072,418.0,2909.49609375,696.0516967773438
453684,911.0,1795.13134765625,197.05064392089844
453687,568.0,2220.673828125,390.96368408203125
435251,1633.0,1880.66015625,115.16596221923828
417312,572.0,1639.091796875,286.55450439453125
449439,921.0,1404.52001953125,152.4994659423828
430873,1401.0,751.50390625,53.64053726196289
403366,771.0,2579.33544921875,334.5441589355469
426085,1453.0,748.3818359375,51.505977630615234
426087,1022.0,2367.386962890625,231.64256286621094
453708,696.0,1459.488525390625,209.69662475585938
449449,1765.0,270.7679443359375,15.340959548950195
408158,1214.0,2135.54443359375,175.90975952148438
445179,635.0,2524.6298828125,397.5794982910156
412459,1295.0,749.2335205078125,57.85586929321289
430892,1482.0,4963.5400390625,334.9217529296875
440183,635.0,1847.234619140625,290.903076171875
440185,1163.0,1307.945556640625,112.46306610107422
417357,356.0,978.3782958984375,274.8253479003906
449464,702.0,1889.909423828125,269.2178649902344
453729,533.0,1827.926025390625,342.9504699707031
449470,770.0,2053.055419921875,266.6305847167969
417368,599.0,2047.443359375,341.81024169921875
417374,435.0,1730.56005859375,397.82989501953125
412478,882.0,1870.29248046875,212.05130004882812
449478,630.0,1267.6390380859375,201.21255493164062
421814,1233.0,454.26806640625,36.84250259399414
403413,1379.0,1803.7060546875,130.79811096191406
453743,500.0,1102.4246826171875,220.48495483398438
417393,573.0,2664.378173828125,464.9874572753906
426119,1082.0,3518.0751953125,325.14556884765625
417399,873.0,1443.11474609375,165.3052520751953
440217,1027.0,1813.0478515625,176.5382537841797
445213,467.0,1917.83349609375,410.6709899902344
412497,450.0,2291.86474609375,509.30328369140625
417414,380.0,1646.9398193359375,433.40521240234375
403448,449.0,1368.8548583984375,304.8674621582031
421828,1203.0,1753.9443359375,145.79754638671875
426134,722.0,3251.840087890625,450.3933410644531
408207,638.0,1538.59716796875,241.15943908691406
449506,352.0,1399.5477294921875,397.5987854003906
421835,792.0,2255.998046875,284.8482360839844
408218,1921.0,2200.40234375,114.54463195800781
449511,767.0,2100.4150390625,273.8481140136719
408226,630.0,2191.4775390625,347.85357666015625
412517,545.0,1228.4769287109375,225.40859985351562
445234,691.0,935.42529296875,135.3726806640625
417437,963.0,2900.055419921875,301.14801025390625
449521,582.0,1802.8095703125,309.7611083984375
435323,504.0,1096.6751708984375,217.5942840576172
453783,299.0,1500.6517333984375,501.8902282714844
435330,832.0,1308.344970703125,157.2530059814453
435332,1053.0,1426.978515625,135.51551818847656
435336,590.0,2819.67724609375,477.911376953125
440255,846.0,2556.782958984375,302.22021484375
453799,456.0,1347.29833984375,295.46014404296875
449549,757.0,1494.17333984375,197.38088989257812
421860,805.0,2321.18603515625,288.3460998535156
449554,414.0,2198.5205078125,531.0435791015625
435377,287.0,2206.29833984375,768.7451171875
421866,730.0,2318.40380859375,317.5895690917969
440267,1095.0,2725.7890625,248.9304962158203
435383,136.0,1317.039306640625,968.4112548828125
426172,1050.0,1971.748779296875,187.7855987548828
430964,1398.0,2114.05615234375,151.22003173828125
421877,254.0,1399.425048828125,550.9547119140625
449573,702.0,2265.94189453125,322.78375244140625
440296,831.0,1552.5234375,186.82591247558594
412565,501.0,1061.53857421875,211.8839569091797
445275,940.0,3374.7626953125,359.0173034667969
453848,1556.0,1943.782470703125,124.9217529296875
435398,1916.0,1388.552001953125,72.47139739990234
412575,487.0,2035.3955078125,417.9456787109375
417479,270.0,898.156494140625,332.6505432128906
421899,531.0,2150.9130859375,405.0683898925781
435403,871.0,1798.55859375,206.49351501464844
403536,661.0,2289.8173828125,346.41717529296875
408283,739.0,916.07373046875,123.96125793457031
412587,925.0,1552.61376953125,167.8501434326172
453863,912.0,2450.712646484375,268.7184753417969
430992,355.0,1558.3179931640625,438.9627990722656
403548,227.0,1437.263916015625,633.1559448242188
449603,460.0,2141.102294921875,465.4570007324219
408291,1561.0,751.96484375,48.171993255615234
449606,1129.0,2683.2421875,237.66539001464844
440361,741.0,1211.2242431640625,163.45806884765625
426220,921.0,1680.0703125,182.41806030273438
453877,581.0,2504.5859375,431.0819091796875
431002,1353.0,1308.243408203125,96.69204711914062
431005,602.0,1339.2698974609375,222.4700927734375
421936,389.0,1043.091064453125,268.14678955078125
421938,972.0,2502.378662109375,257.44635009765625
403568,1200.0,1090.740478515625,90.8950424194336
445327,1342.0,1849.3017578125,137.8019256591797
431014,556.0,2403.555908203125,432.2942199707031
431017,306.0,2350.594482421875,768.1680908203125
403576,1447.0,867.577880859375,59.95700454711914
408320,831.0,1863.985595703125,224.3063201904297
421954,1323.0,664.696533203125,50.241615295410156
408324,1112.0,2598.7529296875,233.7008056640625
421959,142.0,1393.138916015625,981.0838012695312
412627,890.0,2363.850830078125,265.6011962890625
421967,931.0,1103.509521484375,118.52948760986328
440396,716.0,1599.6552734375,223.41554260253906
421977,1206.0,1783.472900390625,147.88331604003906
453912,493.0,2166.8857421875,439.53057861328125
453915,421.0,2017.08056640625,479.1165466308594
421985,649.0,1280.7164306640625,197.33688354492188
403592,1490.0,691.35205078125,46.39946365356445
417554,489.0,1752.525390625,358.3896484375
408346,204.0,1229.873291015625,602.8790283203125
453925,935.0,1360.505859375,145.50865173339844
417560,785.0,2885.16943359375,367.5375061035156
412647,951.0,2210.951171875,232.4869842529297
408351,363.0,1529.0791015625,421.23388671875
408352,1333.0,1878.541748046875,140.9258575439453
422006,830.0,2777.795166015625,334.67413330078125
426279,1312.0,1680.93212890625,128.1198272705078
403619,891.0,1573.46923828125,176.59588623046875
422015,500.0,1209.968994140625,241.99380493164062
417577,707.0,1536.70751953125,217.3560791015625
417579,1264.0,306.43359375,24.2431640625
440442,567.0,1780.908203125,314.0931701660156
426290,250.0,1632.78564453125,653.1142578125
445394,311.0,1174.509033203125,377.6556396484375
453977,1537.0,775.8876953125,50.48065948486328
449671,570.0,2229.115478515625,391.0729064941406
440487,1133.0,2261.350341796875,199.58961486816406
412678,387.0,1860.8369140625,480.8363952636719
412682,758.0,1829.22314453125,241.32229614257812
408388,681.0,3531.05419921875,518.5101318359375
435508,532.0,744.8702392578125,140.01319885253906
408395,1941.0,133.81298828125,6.8940229415893555
412694,1053.0,1805.16455078125,171.43063354492188
453991,602.0,1249.353759765625,207.53384399414062
431109,452.0,1741.068115234375,385.1920471191406
440516,180.0,1706.1251220703125,947.8472900390625
431114,239.0,1570.870849609375,657.2681274414062
454000,530.0,854.465576171875,161.2199249267578
408423,369.0,1169.150634765625,316.8429870605469
454006,1518.0,178.3187255859375,11.746952056884766
449702,983.0,2675.44873046875,272.1717834472656
412711,1514.0,517.110595703125,34.15525817871094
454012,609.0,1655.89892578125,271.90460205078125
417631,169.0,1381.7686767578125,817.6145629882812
417635,789.0,1670.0380859375,211.6651611328125
403677,603.0,2093.04248046875,347.1048889160156
408449,765.0,1225.0760498046875,160.14065551757812
417644,838.0,3074.597412109375,366.8970642089844
408456,664.0,1406.626708984375,211.84136962890625
422066,541.0,1380.786865234375,255.22860717773438
426334,1574.0,2746.29248046875,174.4785614013672
408465,405.0,1606.0604248046875,396.55810546875
412726,1197.0,1999.4521484375,167.03860473632812
422077,542.0,2378.294677734375,438.7997741699219
417669,351.0,1188.128173828125,338.498046875
449734,1548.0,2360.29052734375,152.47354125976562
417677,548.0,1137.537109375,207.5797576904297
445466,783.0,2642.80029296875,337.52239990234375
445468,182.0,1442.714111328125,792.7000732421875
449738,835.0,1511.90771484375,181.06678771972656
403706,861.0,1021.70751953125,118.66522216796875
435559,449.0,1529.5489501953125,340.6567687988281
422093,760.0,2571.081787109375,338.30023193359375
422095,310.0,1898.46875,612.4092407226562
454042,1805.0,172.7427978515625,9.57023811340332
412760,133.0,1215.78564453125,914.1245727539062
422100,770.0,2332.765380859375,302.95654296875
435567,357.0,1323.355224609375,370.687744140625
431167,446.0,1321.17431640625,296.2274169921875
445483,450.0,1209.49951171875,268.7776794433594
449754,450.0,1180.52490234375,262.3388671875
412777,948.0,2099.4775390625,221.4638671875
449757,905.0,612.323974609375,67.66010284423828
454070,667.0,2546.10107421875,381.72430419921875
412785,1072.0,1482.16064453125,138.26126098632812
412787,1181.0,2335.729736328125,197.7755889892578
412789,801.0,1586.71484375,198.0917510986328
412790,1080.0,980.18896484375,90.75823974609375
412793,711.0,1422.99560546875,200.14002990722656
431185,1655.0,1978.9287109375,119.57273864746094
412796,379.0,753.919189453125,198.9232635498047
445498,646.0,1059.90234375,164.0715789794922
449788,622.0,2557.498779296875,411.1734313964844
445502,499.0,1588.029296875,318.2423400878906
449792,1263.0,2348.396240234375,185.9379425048828
422136,399.0,1201.0380859375,301.0120544433594
454113,829.0,2011.210205078125,242.60678100585938
426383,1306.0,380.726318359375,29.15209197998047
426384,1123.0,707.6435546875,63.013671875
417774,413.0,1159.712890625,280.8021545410156
435637,364.0,2190.8203125,601.8737182617188
445515,421.0,1532.5869140625,364.0348815917969
454129,522.0,1884.8271484375,361.0780029296875
403763,818.0,3097.6259765625,378.682861328125
417783,295.0,2722.021484375,922.7191772460938
445520,1755.0,585.49462890625,33.36151885986328
408555,1714.0,208.854736328125,12.185224533081055
422156,340.0,1607.5174560546875,472.79925537109375
454150,630.0,2872.741455078125,455.9906921386719
408566,267.0,1399.8519287109375,524.2891235351562
440627,1306.0,82.6077880859375,6.325251579284668
454158,211.0,1259.37890625,596.862060546875
445534,871.0,2047.889404296875,235.1193389892578
440633,421.0,1730.01025390625,410.9288330078125
403781,695.0,1519.22021484375,218.59283447265625
403784,559.0,2463.75830078125,440.7438659667969
454176,822.0,1876.1494140625,228.2420196533203
454180,747.0,2456.772705078125,328.88525390625
454182,808.0,2148.6015625,265.9160461425781
435688,620.0,1177.7989501953125,189.9675750732422
431226,1171.0,2562.94677734375,218.8682098388672
417806,1876.0,1864.1982421875,99.37091064453125
454190,1205.0,1541.7607421875,127.94694519042969
435693,2486.0,202.42919921875,8.142766952514648
454196,385.0,2122.8173828125,551.3811645507812
417816,545.0,1615.04443359375,296.33843994140625
417818,969.0,1987.044189453125,205.06130981445312
435698,1553.0,577.2152099609375,37.167755126953125
417823,463.0,2335.36328125,504.3981018066406
454210,253.0,1544.6646728515625,610.5393676757812
412852,1813.0,1227.356201171875,67.6975326538086
417833,493.0,994.771240234375,201.77914428710938
417838,184.0,1097.3779296875,596.4010620117188
417841,930.0,1414.6181640625,152.10948181152344
454223,1022.0,1829.8486328125,179.0458526611328
422220,1040.0,2219.317138671875,213.3958740234375
408627,1414.0,2521.95947265625,178.3563995361328
454234,724.0,3195.411865234375,441.355224609375
449869,600.0,1531.53759765625,255.2562713623047
412870,214.0,1227.148193359375,573.4337158203125
408641,730.0,1174.5831298828125,160.90179443359375
408644,507.0,2139.78466796875,422.0482482910156
440677,450.0,579.513916015625,128.78086853027344
412875,921.0,2221.01123046875,241.1521453857422
408654,1626.0,1076.09716796875,66.1806411743164
417881,220.0,1543.796630859375,701.7257080078125
435724,342.0,1189.4111328125,347.7810363769531
426465,301.0,1151.85693359375,382.6767272949219
454253,858.0,1011.6982421875,117.91354370117188
431264,580.0,1911.99267578125,329.6539001464844
449890,420.0,1332.3134765625,317.2174987792969
440692,411.0,1257.421630859375,305.9420166015625
422242,753.0,2913.5791015625,386.9294738769531
412892,1266.0,2156.266845703125,170.3212432861328
449898,240.0,1549.536376953125,645.64013671875
426479,300.0,1957.94921875,652.6497192382812
417909,304.0,1923.10888671875,632.6016235351562
449903,313.0,1572.717529296875,502.4656677246094
426498,481.0,1984.42626953125,412.5626525878906
440717,227.0,1538.710693359375,677.8460693359375
417916,273.0,2331.87939453125,854.1683349609375
440726,1433.0,952.972900390625,66.50194549560547
417919,972.0,2175.849365234375,223.8528289794922
417921,1043.0,2566.3564453125,246.05526733398438
445638,530.0,2275.8193359375,429.3998718261719
426516,740.0,2157.128662109375,291.5038757324219
403887,688.0,1396.48486328125,202.97744750976562
445644,439.0,2244.89013671875,511.364501953125
422268,580.0,2179.2314453125,375.72955322265625
431300,370.0,1459.1318359375,394.3599548339844
449928,635.0,1774.84814453125,279.503662109375
431304,581.0,2439.374267578125,419.8578796386719
440743,572.0,1105.173828125,193.2122039794922
412945,231.0,697.5318603515625,301.96185302734375
440748,304.0,1037.6673583984375,341.33795166015625
431314,582.0,1096.5909423828125,188.4176788330078
412949,772.0,2152.854736328125,278.8671875
454316,1133.0,2046.891357421875,180.66119384765625
445667,1353.0,806.404541015625,59.60122299194336
422289,451.0,2263.35400390625,501.8523254394531
403910,942.0,1473.43017578125,156.41510009765625
440763,451.0,2072.137939453125,459.4541015625
422295,923.0,3311.9765625,358.8273620605469
408715,851.0,3217.959228515625,378.1385803222656
445679,408.0,1410.752197265625,345.7726135253906
454329,831.0,2501.15087890625,300.9808654785156
408723,262.0,1240.175537109375,473.34942626953125
417958,158.0,1238.5625,783.9003295898438
417959,1689.0,2172.283447265625,128.61358642578125
431346,1342.0,2037.988037109375,151.86199951171875
435807,209.0,1414.299560546875,676.6983642578125
426545,130.0,1450.369873046875,1115.669189453125
417970,282.0,1311.9478759765625,465.229736328125
435812,681.0,2020.26513671875,296.6615295410156
408743,1648.0,1104.941650390625,67.04743194580078
417975,870.0,2586.6494140625,297.3160400390625
408750,783.0,1998.64794921875,255.2551727294922
449985,641.0,2712.077392578125,423.1009826660156
408756,1422.0,914.083740234375,64.28155517578125
426562,411.0,1198.3701171875,291.5742492675781
454356,963.0,1817.54052734375,188.73733520507812
440798,660.0,2778.512451171875,420.98675537109375
412998,191.0,1319.805419921875,690.9976196289062
408775,681.0,1865.463134765625,273.92999267578125
413001,481.0,1771.3427734375,368.2625427246094
403958,466.0,2492.118408203125,534.7893676757812
403961,337.0,1431.0712890625,424.6502380371094
440809,745.0,974.169677734375,130.7610321044922
445729,1146.0,1232.49951171875,107.5479507446289
454372,582.0,2243.7568359375,385.5252380371094
418008,1104.0,1577.5849609375,142.89718627929688
426582,165.0,1645.082763671875,997.0198364257812
403972,831.0,2971.2099609375,357.54632568359375
408807,332.0,1534.9736328125,462.3414611816406
403976,622.0,1571.56201171875,252.66270446777344
454384,1623.0,1793.947509765625,110.53280639648438
408822,1790.0,1039.3115234375,58.062095642089844
454387,1915.0,2070.80078125,108.13581085205078
426600,580.0,1910.459228515625,329.3895263671875
422360,872.0,1890.82763671875,216.83802795410156
431452,952.0,1600.0498046875,168.0724639892578
426605,1363.0,1538.44677734375,112.87210083007812
426607,874.0,2561.16796875,293.0398254394531
445756,1220.0,928.05322265625,76.06993865966797
408851,748.0,1531.11328125,204.6942901611328
435886,1251.0,1654.43701171875,132.24916076660156
418039,1236.0,1972.02001953125,159.5485382080078
454399,572.0,1130.459228515625,197.6327362060547
413043,830.0,2278.946044921875,274.57183837890625
404007,630.0,1878.2275390625,298.13134765625
422380,886.0,2251.30322265625,254.09744262695312
426628,823.0,2500.980224609375,303.88580322265625
422385,294.0,2835.752685546875,964.541748046875
440856,251.0,1645.2296142578125,655.469970703125
413053,767.0,2361.514404296875,307.8897399902344
445781,531.0,2624.044921875,494.1704406738281
418063,1022.0,2188.09619140625,214.09942626953125
435904,942.0,941.9674072265625,99.99654388427734
422397,753.0,1102.7977294921875,146.45388793945312
445787,460.0,943.6220703125,205.13522338867188
426655,1043.0,918.3924560546875,88.05297088623047
426656,1430.0,1136.14892578125,79.45097351074219
435913,1215.0,1901.7744140625,156.52464294433594
418075,917.0,2109.95703125,230.0934600830078
454440,1122.0,870.71337890625,77.60368347167969
450060,1062.0,3357.3828125,316.13775634765625
431498,952.0,1385.075927734375,145.4911651611328
431501,546.0,1595.16796875,292.1553039550781
454447,1583.0,1161.67431640625,73.38435363769531
440885,289.0,1232.135498046875,426.3444519042969
440887,139.0,1261.42822265625,907.5023803710938
426677,1249.0,476.337890625,38.13753890991211
422418,1442.0,549.478271484375,38.105289459228516
431511,1963.0,1535.029296875,78.19812774658203
426686,2342.0,1639.68994140625,70.01237487792969
445814,900.0,1913.9697265625,212.66329956054688
426697,1891.0,1121.424072265625,59.30323028564453
413107,772.0,932.88232421875,120.83967590332031
418101,1233.0,1245.896728515625,101.04596710205078
431522,791.0,2305.950927734375,291.52349853515625
422437,118.0,1448.9434814453125,1227.918212890625
418105,121.0,1088.226318359375,899.3605346679688
440930,880.0,3248.3173828125,369.126953125
431531,572.0,1547.12646484375,270.4766540527344
413118,728.0,2266.1884765625,311.28961181640625
408930,402.0,2165.933837890625,538.7894897460938
445837,832.0,2865.495849609375,344.4105529785156
426731,511.0,2539.668212890625,496.9996337890625
418115,923.0,1542.0302734375,167.06719970703125
454482,1083.0,503.66259765625,46.50624084472656
454484,1224.0,5014.216796875,409.6582336425781
435971,335.0,1273.078125,380.0233154296875
418122,1232.0,986.4375,80.06797790527344
445848,1083.0,939.7679443359375,86.7745132446289
450121,721.0,2273.919921875,315.3841857910156
440953,838.0,2297.382568359375,274.1506652832031
445855,1163.0,2219.8486328125,190.87261962890625
450127,540.0,1851.230224609375,342.8204040527344
454491,1356.0,1845.83251953125,136.12335205078125
404097,619.0,2126.484375,343.53546142578125
450134,369.0,1471.1944580078125,398.69769287109375
404101,330.0,1011.3875732421875,306.4810791015625
431563,533.0,1983.384765625,372.1172180175781
445871,270.0,1120.48876953125,414.995849609375
450141,1451.0,1943.069580078125,133.91244506835938
445873,1352.0,3164.66796875,234.07305908203125
440975,1618.0,432.771484375,26.747310638427734
450148,1050.0,1543.25,146.97618103027344
450150,839.0,1793.60986328125,213.77947998046875
440981,849.0,2711.49560546875,319.375244140625
413177,506.0,1847.0439453125,365.0284423828125
413179,2167.0,527.39990234375,24.33778953552246
418161,761.0,1189.67578125,156.33058166503906
445886,539.0,2574.059326171875,477.5620422363281
413190,288.0,1103.215576171875,383.0609436035156
413195,488.0,1394.9342041015625,285.84716796875
426781,1195.0,880.68115234375,73.6971664428711
436025,281.0,2883.255615234375,1026.069580078125
445898,113.0,1281.771240234375,1134.310791015625
450174,992.0,1279.724609375,129.00450134277344
436031,965.0,2625.638916015625,272.0869445800781
413213,730.0,2337.05126953125,320.1440124511719
422522,599.0,1593.617919921875,266.0464172363281
441024,299.0,1909.3701171875,638.5853271484375
404140,339.0,1309.041015625,386.1477966308594
436043,339.0,1596.0101318359375,470.7994384765625
431608,700.0,1745.62939453125,249.37562561035156
413224,1067.0,2211.962890625,207.30674743652344
418183,831.0,1109.474609375,133.51077270507812
422533,1251.0,1898.0966796875,151.72634887695312
409020,1073.0,1399.49072265625,130.42784118652344
418189,828.0,3549.5810546875,428.6933288574219
450197,310.0,1084.93212890625,349.9781188964844
413238,400.0,939.7945556640625,234.94863891601562
436060,419.0,2112.14599609375,504.0921325683594
454559,330.0,1592.71826171875,482.6418762207031
431627,439.0,2668.293701171875,607.811767578125
413245,1002.0,1449.61767578125,144.67242431640625
422550,1353.0,2825.453125,208.82876586914062
409043,223.0,1256.8927001953125,563.6290283203125
409046,766.0,2593.9736328125,338.63885498046875
445947,621.0,921.000244140625,148.30921936035156
436073,1242.0,1446.5869140625,116.47237396240234
441056,231.0,1429.4698486328125,618.818115234375
413260,262.0,1103.2490234375,421.08740234375
431642,872.0,1082.3642578125,124.12433624267578
436082,780.0,2366.826171875,303.43927001953125
436085,300.0,1063.14013671875,354.3800354003906
422568,306.0,2135.34326171875,697.8245849609375
426843,830.0,1172.1063232421875,141.21762084960938
454572,1102.0,2274.20458984375,206.37066650390625
426846,1114.0,1923.0029296875,172.6214599609375
413279,796.0,2304.5439453125,289.51556396484375
413280,1566.0,1617.954345703125,103.31764221191406
404199,2070.0,2194.1103515625,105.99566650390625
426857,331.0,1560.6380615234375,471.4918518066406
422583,1002.0,1291.49609375,128.89183044433594
450266,523.0,1314.645751953125,251.36630249023438
454595,418.0,1095.1455078125,261.99652099609375
418236,1184.0,2381.148193359375,201.11048889160156
441086,1723.0,344.94140625,20.019813537597656
404209,1596.0,633.63818359375,39.70164108276367
409094,1220.0,1716.387451171875,140.6875
422600,621.0,1680.443603515625,270.60284423828125
441093,717.0,1292.200439453125,180.2232208251953
422605,611.0,2915.810546875,477.2193908691406
431679,633.0,797.7242431640625,126.02278900146484
409099,649.0,1493.0556640625,230.0548095703125
450295,1209.0,1339.173828125,110.7670669555664
445998,660.0,1771.954833984375,268.47802734375
441103,906.0,1396.28271484375,154.11509704589844
436133,550.0,1952.132568359375,354.9331970214844
454657,1246.0,1385.1259765625,111.16580963134766
418257,722.0,1896.5517578125,262.6802978515625
450316,385.0,963.2431640625,250.19302368164062
426890,1182.0,1387.642822265625,117.39786529541016
409113,1430.0,763.78662109375,53.411651611328125
454667,1453.0,1885.03125,129.73373413085938
454668,1395.0,1801.084716796875,129.11001586914062
454670,1013.0,2186.421142578125,215.83624267578125
436149,219.0,1473.9122314453125,673.019287109375
431707,462.0,2430.67236328125,526.1195678710938
454676,520.0,1194.534423828125,229.71815490722656
418271,2118.0,752.77783203125,35.54191970825195
404244,554.0,2558.94482421875,461.90338134765625
418275,565.0,2731.183349609375,483.3952941894531
431740,419.0,1192.666259765625,284.6459045410156
446032,401.0,1295.297607421875,323.016845703125
446033,1201.0,2361.774169921875,196.650634765625
409137,694.0,3040.924560546875,438.173583984375
418283,1664.0,312.4725341796875,18.778396606445312
413371,452.0,1176.716796875,260.3355712890625
436171,940.0,2027.7822265625,215.7215118408203
422679,1243.0,1933.480224609375,155.5494842529297
422682,702.0,1195.7244873046875,170.33111572265625
450358,730.0,1846.3486328125,252.92446899414062
454701,675.0,3369.4853515625,499.18304443359375
454703,445.0,1099.333984375,247.04135131835938
431768,733.0,1310.0029296875,178.71798706054688
409154,1215.0,2026.276123046875,166.77169799804688
422693,849.0,2298.9326171875,270.7812194824219
413389,834.0,1484.15966796875,177.95680236816406
450373,707.0,2721.391845703125,384.9210510253906
450376,690.0,2085.845703125,302.2964782714844
441166,339.0,3074.60986328125,906.964599609375
413393,1711.0,633.81884765625,37.043766021728516
446060,765.0,2112.198486328125,276.1043701171875
418307,1574.0,1574.5322265625,100.03380584716797
409173,466.0,1530.9947509765625,328.5396728515625
409175,595.0,2213.72998046875,372.0554504394531
431810,1185.0,1090.66259765625,92.0390396118164
454731,655.0,3066.495849609375,468.16729736328125
436203,531.0,1988.06884765625,374.4009094238281
441187,69.0,1120.911376953125,1624.50927734375
441189,420.0,2213.45849609375,527.013916015625
450411,189.0,892.10595703125,472.0137023925781
422720,751.0,1800.8388671875,239.79212951660156
450416,548.0,1718.36328125,313.5699462890625
413415,316.0,1108.9954833984375,350.94793701171875
418331,547.0,1351.674560546875,247.1068572998047
409197,320.0,2189.083984375,684.0887451171875
422730,400.0,1696.992919921875,424.24822998046875
422733,369.0,1976.9189453125,535.7503662109375
404342,723.0,1065.846435546875,147.41998291015625
431829,324.0,857.1195068359375,264.5430603027344
446094,423.0,1526.6009521484375,360.8985595703125
454753,1123.0,419.932861328125,37.39384460449219
441213,1116.0,2496.180419921875,223.6720733642578
441215,384.0,1850.1875,481.8196716308594
422746,470.0,1064.58642578125,226.50775146484375
422749,292.0,1912.962890625,655.124267578125
446104,1744.0,1157.061279296875,66.34525299072266
426986,1202.0,1847.397216796875,153.69361877441406
454770,460.0,2050.734619140625,445.8118896484375
446111,611.0,2214.33056640625,362.410888671875
446113,570.0,1550.6064453125,272.0362243652344
418360,828.0,2307.194091796875,278.6466369628906
426997,651.0,2090.06884765625,321.05511474609375
404374,467.0,1810.6171875,387.71246337890625
454781,270.0,1370.3629150390625,507.54180908203125
404379,327.0,2106.53662109375,644.2008056640625
436252,351.0,1743.03466796875,496.5910949707031
436253,995.0,1614.24951171875,162.2361297607422
409233,2183.0,167.8544921875,7.689166069030762
422773,1228.0,1352.189453125,110.11314392089844
413477,1530.0,770.501953125,50.3596076965332
431869,120.0,888.0394287109375,740.0328369140625
427012,1373.0,2030.14990234375,147.86233520507812
413489,575.0,2812.675537109375,489.1609802246094
413491,973.0,2384.842041015625,245.10195922851562
450485,538.0,1266.878662109375,235.47930908203125
431879,904.0,1862.869873046875,206.06968688964844
431881,500.0,1114.0831298828125,222.81663513183594
404403,552.0,2959.11669921875,536.0718994140625
431885,722.0,2497.418701171875,345.9028625488281
446151,309.0,1381.87890625,447.21002197265625
413529,670.0,1618.80078125,241.612060546875
441270,389.0,2767.19873046875,711.3621215820312
413534,1475.0,889.244384765625,60.28775405883789
422795,623.0,1779.90283203125,285.6986999511719
404417,260.0,1309.85302734375,503.78961181640625
418418,269.0,1063.623779296875,395.399169921875
418423,317.0,1466.73779296875,462.69329833984375
446172,721.0,2628.56982421875,364.5727844238281
404425,259.0,763.09375,294.63079833984375
454836,283.0,1337.760498046875,472.7068786621094
454841,844.0,2426.818359375,287.5377197265625
441295,406.0,1767.553955078125,435.35809326171875
446180,1683.0,187.87109375,11.162869453430176
418436,642.0,1854.0986328125,288.8004150390625
441301,540.0,882.2373046875,163.3772735595703
454861,509.0,1474.5875244140625,289.7028503417969
422816,561.0,1644.6943359375,293.1719055175781
422818,720.0,2996.689453125,416.2068786621094
404441,195.0,1510.94873046875,774.8455200195312
454876,1573.0,653.1650390625,41.52352523803711
431928,1203.0,1942.16455078125,161.4434356689453
404445,1167.0,742.015869140625,63.583194732666016
427074,1140.0,2382.825927734375,209.0198211669922
450542,641.0,1618.39306640625,252.4794158935547
404451,355.0,841.8223876953125,237.13307189941406
450547,1513.0,1879.768310546875,124.24112701416016
450548,1604.0,1487.943115234375,92.76453399658203
441363,818.0,2414.56005859375,295.1784973144531
422845,140.0,1051.260986328125,750.9006958007812
413583,700.0,2165.447998046875,309.3497009277344
441370,80.0,918.673828125,1148.34228515625
436321,631.0,1785.61962890625,282.9825134277344
431955,671.0,2518.47509765625,375.33160400390625
431957,1012.0,2080.823486328125,205.61497497558594
441377,813.0,1789.55419921875,220.11737060546875
441380,802.0,2031.28515625,253.27745056152344
436333,320.0,1302.56298828125,407.0509338378906
436336,490.0,2307.14599609375,470.84613037109375
418480,1555.0,2019.606689453125,129.8782501220703
436343,410.0,1663.639404296875,405.7657165527344
413607,289.0,1148.626708984375,397.44866943359375
427121,2230.0,67.99951171875,3.0493054389953613
441392,1354.0,2093.4296875,154.6107635498047
422885,1071.0,2608.8681640625,243.59181213378906
454943,506.0,2403.207763671875,474.9422607421875
450600,1002.0,2106.009521484375,210.1805877685547
436362,821.0,2864.3984375,348.8913879394531
454952,737.0,1692.220703125,229.6093292236328
454956,163.0,748.3931884765625,459.13690185546875
432016,283.0,1261.1888427734375,445.6497802734375
432018,1182.0,2651.123291015625,224.2913055419922
441414,481.0,1063.8409423828125,221.17276000976562
441416,725.0,2877.266845703125,396.8643798828125
413643,714.0,2325.82666015625,325.74603271484375
436383,1071.0,2597.322509765625,242.51377868652344
432032,1267.0,1048.9248046875,82.78807067871094
413651,1427.0,2817.349609375,197.431640625
427161,803.0,2969.4482421875,369.7943115234375
441429,1958.0,1197.456298828125,61.15711212158203
454984,1042.0,2105.952392578125,202.1067657470703
436395,1276.0,1914.55224609375,150.0432891845703
413658,2172.0,673.515380859375,31.008995056152344
427176,539.0,2114.69189453125,392.3361511230469
455000,672.0,1486.210693359375,221.16229248046875
432064,861.0,2463.365478515625,286.10516357421875
413664,1222.0,892.939453125,73.07196807861328
436407,159.0,1045.361572265625,657.4601440429688
413669,338.0,1701.61279296875,503.4357604980469
436413,570.0,1460.7850341796875,256.278076171875
427194,1009.0,1149.28515625,113.90338134765625
413684,501.0,2884.443603515625,575.7372436523438
427201,369.0,1040.70458984375,282.03375244140625
404566,672.0,2555.020751953125,380.21142578125
450692,149.0,1677.6422119140625,1125.9344482421875
436428,782.0,1651.8564453125,211.23483276367188
432090,419.0,2741.594970703125,654.318603515625
432093,169.0,1400.10400390625,828.4639282226562
413711,1035.0,2536.376708984375,245.06056213378906
404587,317.0,1606.6060791015625,506.8158264160156
404592,496.0,1892.6689453125,381.58648681640625
450705,332.0,1851.25146484375,557.6058959960938
427233,447.0,1398.4490966796875,312.8521423339844
450709,716.0,1981.1787109375,276.700927734375
441485,560.0,2500.46435546875,446.5115051269531
455049,478.0,2620.323974609375,548.1849365234375
404611,1794.0,1002.6435546875,55.88871765136719
436456,822.0,2959.45361328125,360.0308532714844
413734,355.0,1017.800537109375,286.7043762207031
404618,718.0,1172.535400390625,163.30577087402344
455062,385.0,1017.8612060546875,264.3795166015625
427252,546.0,2763.034912109375,506.05035400390625
413750,485.0,1693.303466796875,349.1347351074219
450739,260.0,715.5045776367188,275.1940612792969
436476,422.0,1755.953125,416.1026611328125
450747,597.0,1065.72119140625,178.51275634765625
413760,1684.0,2464.490234375,146.34739685058594
436484,570.0,1947.03564453125,341.585205078125
432139,1362.0,2098.587158203125,154.08128356933594
432142,920.0,2737.102294921875,297.5111389160156
441555,130.0,1053.7042236328125,810.541748046875
455096,330.0,1705.6082763671875,516.8510131835938
413778,830.0,1931.84423828125,232.7523193359375
423030,792.0,2226.30517578125,281.09912109375
455106,983.0,2712.487060546875,275.9396667480469
413788,1172.0,1434.310546875,122.3814468383789
436510,1008.0,2188.7548828125,217.1383819580078
455118,150.0,1321.680419921875,881.1203002929688
432172,1182.0,48.6650390625,4.117177486419678
436520,380.0,966.4052734375,254.3171844482422
455128,613.0,3077.14892578125,501.98187255859375
436526,1032.0,2665.972900390625,258.3306884765625
413805,1353.0,1555.79443359375,114.9885025024414
423064,560.0,1672.4853515625,298.6581115722656
413812,851.0,1403.81396484375,164.96051025390625
436538,1082.0,2679.749267578125,247.66629028320312
427322,369.0,1791.337646484375,485.4573669433594
436542,1773.0,254.166015625,14.33536434173584
436544,1293.0,887.43505859375,68.63380432128906
455161,661.0,2440.9765625,369.2854309082031
432209,1373.0,2550.083984375,185.73080444335938
455164,694.0,1821.193603515625,262.4198303222656
413842,380.0,1376.8155517578125,362.31988525390625
436557,1021.0,265.638427734375,26.017475128173828
432231,562.0,2693.538818359375,479.2773742675781
436565,571.0,1697.03662109375,297.2043151855469
432242,1222.0,1461.1083984375,119.56697845458984
436577,315.0,1126.477783203125,357.61199951171875
432263,549.0,1118.246826171875,203.68795776367188
427381,763.0,2094.110107421875,274.4574279785156
432272,1203.0,873.130859375,72.57945251464844
427394,423.0,1831.68798828125,433.0231628417969
436604,570.0,2226.9287109375,390.6892395019531
427407,139.0,854.8134765625,614.9737548828125
455226,1284.0,1959.697021484375,152.62437438964844
436629,695.0,2113.2255859375,304.0612487792969
427432,234.0,722.689453125,308.8416442871094
455241,418.0,2697.316650390625,645.291015625
455252,93.0,1060.37646484375,1140.189697265625
427479,1072.0,2858.880859375,266.6866455078125
436675,1158.0,566.271728515625,48.900840759277344
436681,795.0,2160.16357421875,271.71868896484375
427509,568.0,1290.3961181640625,227.1824188232422
436697,696.0,2325.246337890625,334.08709716796875
455303,813.0,2533.1796875,311.5841979980469
455313,1152.0,2242.77978515625,194.6857452392578
427575,289.0,1340.956298828125,463.9986877441406
436722,444.0,1216.6348876953125,274.016845703125
427592,694.0,1284.64697265625,185.10763549804688
436739,561.0,1706.512451171875,304.191162109375
436742,2385.0,1709.17578125,71.6635513305664
436751,535.0,3164.962158203125,591.5817260742188
427630,1393.0,521.1434326171875,37.41158676147461
427639,181.0,1047.7559814453125,578.8707275390625
427646,1114.0,495.4879150390625,44.478267669677734
427654,819.0,1215.2083740234375,148.37709045410156
455397,820.0,2105.165283203125,256.72747802734375
455414,1232.0,2524.0849609375,204.87701416015625
427693,553.0,3056.699951171875,552.7486572265625
455435,713.0,1915.75927734375,268.68994140625
427708,965.0,2227.097900390625,230.787353515625
436832,402.0,999.318115234375,248.58660888671875
436857,1403.0,2558.5888671875,182.3655548095703
436883,870.0,2128.515380859375,244.65695190429688
436905,698.0,769.58349609375,110.2555160522461
436932,776.0,2874.484375,370.4232482910156
436952,1134.0,1225.0625,108.03019714355469
341444,1193.0,2820.413818359375,236.41357421875
399107,1319.0,2212.83349609375,167.7659912109375
357748,910.0,1352.324951171875,148.6071319580078
365801,688.0,2319.11572265625,337.08074951171875
399112,2870.0,873.337646484375,30.429882049560547
341462,241.0,882.6055908203125,366.22637939453125
341468,1096.0,1499.079833984375,136.77735900878906
341474,458.0,1525.9744873046875,333.18218994140625
365821,180.0,922.72607421875,512.6256103515625
333170,655.0,1931.8154296875,294.93365478515625
357778,1282.0,798.27978515625,62.26831817626953
357781,336.0,1527.6729736328125,454.66455078125
399132,890.0,2852.1416015625,320.4653625488281
341495,1252.0,1851.465576171875,147.88063049316406
390652,451.0,1218.763427734375,270.2358093261719
390653,1585.0,1555.759765625,98.15518951416016
365840,1342.0,2011.03857421875,149.8538360595703
307946,219.0,1461.345703125,667.2811279296875
341521,718.0,2367.309326171875,329.70880126953125
333213,3485.0,4767.857421875,136.81082153320312
341535,964.0,1353.953125,140.45156860351562
399149,692.0,2139.05517578125,309.1120300292969
390672,284.0,1309.585693359375,461.1217041015625
390676,324.0,705.817626953125,217.84494018554688
333236,295.0,1211.630126953125,410.7220764160156
383237,1247.0,809.446533203125,64.91150665283203
399159,2125.0,758.934814453125,35.714576721191406
307969,239.0,754.341064453125,315.6238708496094
307971,861.0,1871.12451171875,217.31991577148438
341571,1267.0,2290.360107421875,180.7703399658203
399165,1294.0,2320.2783203125,179.31053161621094
399169,725.0,1339.646728515625,184.7788543701172
307982,1069.0,745.95751953125,69.78087615966797
341588,793.0,1526.697509765625,192.52174377441406
399185,814.0,1882.66748046875,231.2859344482422
365879,1664.0,2349.80712890625,141.21437072753906
365881,692.0,3091.4716796875,446.74444580078125
308000,549.0,1246.00341796875,226.95872497558594
308005,535.0,1475.410888671875,275.7777404785156
333274,1524.0,1900.003662109375,124.67214965820312
308015,854.0,2333.70947265625,273.26806640625
341616,647.0,1030.6046142578125,159.28973388671875
341619,1438.0,1735.646240234375,120.6986312866211
365903,1071.0,1799.8056640625,168.04908752441406
341627,1374.0,2469.867919921875,179.7574920654297
357873,378.0,744.205810546875,196.8798370361328
357875,781.0,2277.1337890625,291.56640625
383288,200.0,1541.48193359375,770.740966796875
365931,1262.0,1368.561767578125,108.44387817382812
308044,1681.0,1529.223388671875,90.97105407714844
341652,1261.0,1251.2822265625,99.22936248779297
357889,232.0,1116.323486328125,481.17388916015625
308051,969.0,2491.17333984375,257.0870361328125
357894,686.0,1217.646240234375,177.49945068359375
383319,1308.0,2378.077880859375,181.81024169921875
399244,710.0,1122.7371826171875,158.13198852539062
357902,1601.0,2586.03515625,161.5262451171875
308066,903.0,2140.466064453125,237.0394287109375
390785,413.0,1514.974365234375,366.8218994140625
365995,515.0,1227.28076171875,238.30694580078125
357922,584.0,2530.3349609375,433.27655029296875
308078,830.0,1250.63330078125,150.6787109375
366010,220.0,961.1307373046875,436.8775939941406
357938,1744.0,2135.56640625,122.45220184326172
357945,1686.0,2213.899169921875,131.3107452392578
366025,327.0,690.6296997070312,211.2017364501953
357958,328.0,1639.05615234375,499.71221923828125
308128,160.0,1327.97119140625,829.9819946289062
308133,602.0,1196.612548828125,198.77284240722656
390828,725.0,1516.89306640625,209.2266387939453
357983,782.0,2307.33251953125,295.0553283691406
399305,824.0,1364.5283203125,165.5980987548828
308143,1303.0,1980.195556640625,151.97203063964844
358004,272.0,993.6051025390625,365.2959899902344
308150,1343.0,1775.68408203125,132.2177276611328
399319,377.0,1236.3065185546875,327.9327697753906
366085,474.0,709.6195068359375,149.70875549316406
399326,628.0,1444.77978515625,230.06048583984375
399332,201.0,919.4114990234375,457.41864013671875
358039,1345.0,329.318603515625,24.484655380249023
399340,410.0,1253.6610107421875,305.7709655761719
390885,2058.0,883.993896484375,42.95402908325195
390891,745.0,2635.44287109375,353.750732421875
308199,521.0,1992.53369140625,382.444091796875
366129,191.0,1051.53955078125,550.5442504882812
366133,282.0,1197.5250244140625,424.65423583984375
366142,807.0,2097.233154296875,259.88018798828125
358083,1098.0,1347.79150390625,122.74968719482422
308220,321.0,908.130126953125,282.9065856933594
399364,872.0,2137.31005859375,245.10435485839844
366172,598.0,1950.9345703125,326.24322509765625
366181,828.0,1944.93017578125,234.8949432373047
399376,992.0,2411.740478515625,243.11900329589844
358104,466.0,2457.86279296875,527.4383544921875
366206,190.0,1252.1885986328125,659.046630859375
366211,902.0,1713.28857421875,189.94329833984375
358121,431.0,1348.618896484375,312.9046325683594
358130,200.0,1076.2608642578125,538.1304321289062
390952,416.0,356.5103759765625,85.69961547851562
390957,2071.0,1270.628662109375,61.35338592529297
308262,2143.0,1183.163330078125,55.210609436035156
358157,472.0,1045.121337890625,221.42401123046875
366238,1032.0,2291.521484375,222.04666137695312
358165,1203.0,2624.70458984375,218.17994689941406
308281,1051.0,2664.2060546875,253.49249267578125
308285,1900.0,2324.603515625,122.3475570678711
390988,771.0,1182.8172607421875,153.41339111328125
399466,640.0,1112.843994140625,173.8818817138672
358187,311.0,1265.2650146484375,406.8376159667969
308315,780.0,2308.14208984375,295.9156494140625
399476,1783.0,2006.979248046875,112.56192779541016
366281,1462.0,1764.503173828125,120.69104766845703
358203,781.0,1022.6424560546875,130.9401397705078
366297,570.0,1389.99755859375,243.85922241210938
399495,1036.0,1115.68896484375,107.69197845458984
366318,636.0,2545.76318359375,400.2772216796875
399508,865.0,2771.629150390625,320.4195556640625
366339,871.0,1461.02197265625,167.74075317382812
366344,390.0,1221.6439208984375,313.2420349121094
399538,541.0,1207.1690673828125,223.13661193847656
366353,690.0,1667.2138671875,241.62518310546875
391055,652.0,988.155029296875,151.55751037597656
399551,1601.0,2527.9765625,157.89984130859375
366371,150.0,1032.154296875,688.1028442382812
358253,354.0,1163.41357421875,328.64788818359375
391081,479.0,2281.197265625,476.2415771484375
399578,414.0,891.7620849609375,215.40145874023438
391091,680.0,2273.27197265625,334.3046875
366402,641.0,1974.5771484375,308.0463562011719
399592,681.0,2497.899169921875,366.7987060546875
358291,280.0,1084.509033203125,387.32464599609375
391119,239.0,891.171142578125,372.87493896484375
399611,805.0,1938.78857421875,240.84329223632812
399618,427.0,1591.166259765625,372.6384582519531
399623,551.0,1242.108154296875,225.427978515625
366447,801.0,2079.68798828125,259.6364440917969
358320,375.0,1316.718994140625,351.12506103515625
366462,809.0,2953.63037109375,365.096435546875
366471,2329.0,1269.816650390625,54.52196502685547
391153,315.0,1905.366455078125,604.8782348632812
366491,331.0,1033.6400146484375,312.2779541015625
399654,522.0,2427.24853515625,464.9901428222656
391171,346.0,1961.91650390625,567.0278930664062
399672,662.0,3121.5625,471.53509521484375
391181,839.0,2064.4794921875,246.06430053710938
366537,1399.0,2856.1904296875,204.159423828125
366548,620.0,1346.68603515625,217.20742797851562
399698,1174.0,2838.425537109375,241.77389526367188
366573,436.0,1998.59375,458.3930358886719
399711,1527.0,2219.29541015625,145.3369598388672
391217,269.0,1278.2049560546875,475.16912841796875
366597,956.0,2334.091796875,244.15185546875
399732,1516.0,1940.223876953125,127.98310852050781
366618,248.0,567.9132080078125,228.99725341796875
391248,1016.0,1866.34423828125,183.69529724121094
391257,784.0,1927.104248046875,245.8041229248047
391267,654.0,1918.33251953125,293.3230285644531
366657,922.0,2310.44091796875,250.59010314941406
391291,792.0,3412.7421875,430.9018249511719
391307,670.0,1351.726318359375,201.75021362304688
399783,414.0,842.136474609375,203.41461181640625
391334,839.0,2832.20166015625,337.5687255859375
391348,499.0,1419.3553466796875,284.43994140625
391360,2366.0,3456.5078125,146.0907745361328
391369,1259.0,1725.9375,137.0879669189453
399841,1371.0,1801.2880859375,131.38497924804688
399851,343.0,1226.48046875,357.5744934082031
391402,1203.0,706.822998046875,58.755027770996094
399877,590.0,1036.543701171875,175.68536376953125
391424,109.0,831.8936767578125,763.2052001953125
391433,206.0,969.9078369140625,470.8290710449219
399911,1525.0,1731.93017578125,113.5691909790039
399924,310.0,819.42138671875,264.3294677734375
399939,665.0,2443.7646484375,367.4833984375
399955,249.0,1215.46484375,488.13848876953125
391478,3149.0,205.572509765625,6.528183937072754
391488,2350.0,1394.814453125,59.35380554199219
391497,168.0,1285.213134765625,765.0078125
391512,1449.0,2658.0419921875,183.43975830078125
391534,1467.0,1791.239013671875,122.10218048095703
391555,809.0,4357.578125,538.6375732421875
391576,713.0,2146.949462890625,301.11492919921875
391599,611.0,782.0,127.98690795898438
391621,1146.0,2080.338134765625,181.53038024902344
391643,243.0,1255.09765625,516.5010986328125
426974,251.0,1143.059326171875,455.4021301269531
423607,179.0,1522.6953125,850.6677856445312
400004,1032.0,1919.56689453125,186.00454711914062
413491,2357.0,2160.208984375,91.65078735351562
426980,692.0,1575.472412109375,227.66943359375
416868,775.0,1302.966796875,168.12474060058594
406772,972.0,1604.529296875,165.0750274658203
437104,1194.0,1605.58935546875,134.4714813232422
420260,1010.0,605.51318359375,59.95180130004883
403387,610.0,1273.3311767578125,208.74281311035156
433732,521.0,1759.56787109375,337.72894287109375
423627,641.0,2063.611572265625,321.936279296875
420270,540.0,1412.5101318359375,261.5759582519531
410140,749.0,2160.165283203125,288.4065856933594
413515,1032.0,1878.03662109375,181.98028564453125
403397,1043.0,1252.14306640625,120.05206298828125
433739,810.0,1829.052001953125,225.8088836669922
430378,210.0,1126.367431640625,536.365478515625
416912,610.0,1620.530517578125,265.6607360839844
406832,538.0,2628.3603515625,488.54278564453125
420282,1136.0,1900.0302734375,167.25619506835938
413529,801.0,1617.744384765625,201.96559143066406
406843,1036.0,2201.469482421875,212.49703979492188
433749,690.0,2041.00390625,295.79766845703125
400045,2811.0,248.933837890625,8.855704307556152
403418,616.0,2261.092041015625,367.0603942871094
416925,1194.0,940.17578125,78.74168395996094
400058,557.0,2037.3642578125,365.7745666503906
403424,905.0,1927.20654296875,212.95098876953125
400061,2990.0,50.91845703125,1.702958345413208
403427,467.0,1958.724609375,419.4271240234375
410170,973.0,760.227294921875,78.1323013305664
416933,1273.0,2149.27392578125,168.83534240722656
427030,399.0,2453.40625,614.8887939453125
430412,757.0,3642.955078125,481.23577880859375
400074,267.0,1271.178466796875,476.0968322753906
430414,1837.0,297.42431640625,16.190763473510742
437147,720.0,1991.556640625,276.6050720214844
430421,681.0,838.0838623046875,123.066650390625
416948,720.0,1919.954833984375,266.660400390625
430427,880.0,406.862060546875,46.23432540893555
403457,190.0,1056.3677978515625,555.9830932617188
423686,822.0,2323.6884765625,282.6871643066406
423688,493.0,1004.5567626953125,203.76405334472656
406905,750.0,2683.55419921875,357.8072204589844
437158,481.0,1478.5673828125,307.39447021484375
430443,680.0,3389.432861328125,498.44598388671875
413584,429.0,659.9813232421875,153.84181213378906
433790,559.0,1972.2333984375,352.8145446777344
437165,1445.0,2618.082275390625,181.1821746826172
430458,632.0,1613.6533203125,255.32489013671875
403480,1895.0,1336.73876953125,70.5403060913086
423710,248.0,1801.619140625,726.4592895507812
400102,996.0,2495.22900390625,250.52499389648438
406920,750.0,1501.7275390625,200.23033142089844
420350,841.0,2676.01806640625,318.19476318359375
427068,262.0,930.381591796875,355.10748291015625
406926,1070.0,1533.052490234375,143.2759246826172
416985,471.0,1369.0406494140625,290.66680908203125
410215,1335.0,1410.6513671875,105.6667709350586
416994,745.0,1668.03125,223.89682006835938
410219,162.0,1237.0042724609375,763.5828857421875
410222,270.0,1902.062255859375,704.4674682617188
417013,387.0,1470.8570556640625,380.06640625
400120,770.0,2331.879150390625,302.8414611816406
427086,450.0,814.9595947265625,181.1021270751953
430493,311.0,1118.8131103515625,359.7469787597656
400125,590.0,1930.620361328125,327.22381591796875
417029,2087.0,1108.896240234375,53.133506774902344
430500,654.0,2028.9150390625,310.2316589355469
413626,751.0,1770.060302734375,235.69378662109375
423740,723.0,1299.5869140625,179.7492218017578
433838,742.0,2380.848388671875,320.86907958984375
400145,829.0,1419.42236328125,171.2210235595703
437208,510.0,1522.0391845703125,298.4390563964844
410248,901.0,1250.552734375,138.7960968017578
400156,1329.0,1226.356689453125,92.27664947509766
430515,1240.0,1001.4560546875,80.76258087158203
430517,1481.0,1240.0732421875,83.7321548461914
403547,680.0,2401.662841796875,353.1856994628906
403550,654.0,1217.0313720703125,186.09042358398438
406988,368.0,899.7840576171875,244.50653076171875
403557,1077.0,1694.525390625,157.33753967285156
413648,370.0,2223.17626953125,600.8584594726562
413651,1440.0,1233.1103515625,85.6326675415039
430539,383.0,695.21142578125,181.517333984375
410267,1392.0,2362.169921875,169.6961212158203
433865,1174.0,1654.3974609375,140.9197235107422
437230,453.0,1129.9564208984375,249.43850708007812
433869,451.0,435.7586669921875,96.62054443359375
400204,790.0,1794.820068359375,227.19239807128906
433872,1847.0,418.72607421875,22.670604705810547
407011,879.0,1904.470947265625,216.66336059570312
410281,365.0,1014.103271484375,277.8365173339844
400221,966.0,1982.897705078125,205.26890563964844
410285,369.0,1148.274658203125,311.185546875
413701,1321.0,1783.361083984375,135.00083923339844
407032,148.0,939.1793212890625,634.5806274414062
410291,669.0,1314.96728515625,196.55714416503906
427147,1293.0,1830.314453125,141.55564880371094
410297,409.0,1717.580322265625,419.9462890625
407045,2155.0,69.179931640625,3.210205554962158
427154,280.0,1229.0943603515625,438.9622802734375
407052,744.0,1188.4046630859375,159.7318115234375
410303,179.0,1153.2059326171875,644.2490844726562
433900,1215.0,1801.175048828125,148.24485778808594
410307,230.0,968.777099609375,421.2074279785156
407065,1766.0,4037.677734375,228.63406372070312
403610,1921.0,3066.6298828125,159.6371612548828
423822,858.0,2007.42724609375,233.96588134765625
407077,448.0,970.1480712890625,216.5509033203125
407084,436.0,1163.39794921875,266.83441162109375
413721,1735.0,2829.54296875,163.08604431152344
413722,1144.0,1418.356689453125,123.98222351074219
417103,597.0,2317.825927734375,388.24554443359375
407099,245.0,1303.00244140625,531.8377685546875
430602,2113.0,2420.6611328125,114.56038665771484
400260,730.0,943.966552734375,129.31048583984375
437274,1011.0,2758.20263671875,272.8192443847656
437276,1454.0,2208.9921875,151.92518615722656
420455,409.0,1176.326904296875,287.6104736328125
437278,927.0,1875.48779296875,202.3179931640625
413742,1223.0,2103.308349609375,171.97943115234375
417120,521.0,751.4384765625,144.2300262451172
400274,822.0,2244.45849609375,273.0484619140625
420463,987.0,1567.40234375,158.8046875
403647,894.0,910.998046875,101.90135192871094
423857,581.0,3283.268310546875,565.1064453125
430628,574.0,1344.828125,234.29061889648438
403653,1591.0,1108.18115234375,69.65312194824219
403655,560.0,1337.7364501953125,238.8815155029297
430633,804.0,2938.56005859375,365.4925231933594
413759,1030.0,1908.14404296875,185.2567138671875
437297,1855.0,1245.482421875,67.14190673828125
420477,1246.0,1558.67041015625,125.09393310546875
417142,1042.0,2173.602783203125,208.59912109375
420481,600.0,1358.7835693359375,226.4639434814453
403669,744.0,1402.75048828125,188.54173278808594
413771,814.0,1960.93701171875,240.90135192871094
407180,492.0,1376.9808349609375,279.8741455078125
430646,631.0,1269.9453125,201.2591552734375
423909,530.0,772.3089599609375,145.7186737060547
407192,755.0,1684.70849609375,223.14019775390625
423912,249.0,800.3245849609375,321.4154968261719
407200,876.0,1186.640625,135.4612579345703
407204,1071.0,1258.46533203125,117.5037612915039
407207,338.0,2163.787109375,640.1737060546875
413791,1320.0,983.58056640625,74.51367950439453
437326,330.0,1280.970947265625,388.1730041503906
437329,540.0,1507.5263671875,279.1715393066406
437331,710.0,2185.905517578125,307.8740234375
430667,861.0,2283.408447265625,265.2042236328125
433989,540.0,1766.2412109375,327.0816955566406
437337,904.0,2305.064453125,254.98500061035156
427305,487.0,1843.2744140625,378.4957580566406
423933,971.0,1597.80322265625,164.55233764648438
400326,688.0,1059.0562744140625,153.93260192871094
427313,786.0,1854.194580078125,235.90261840820312
403717,723.0,570.759033203125,78.94316101074219
420511,1352.0,1217.52294921875,90.05347442626953
434012,441.0,1158.43017578125,262.6825866699219
410422,774.0,2510.243896484375,324.3209228515625
403729,740.0,2875.363037109375,388.5625915527344
430691,330.0,1433.81005859375,434.4879150390625
430692,1062.0,1839.24609375,173.18701171875
437359,2125.0,1521.734375,71.61103057861328
417214,1243.0,1673.10107421875,134.6018524169922
400343,533.0,2293.16552734375,430.2374267578125
423966,771.0,1480.630859375,192.0403289794922
437369,1322.0,819.51220703125,61.990333557128906
427337,541.0,1758.4404296875,325.0351867675781
403759,364.0,1938.87890625,532.6590576171875
410441,222.0,1231.367919921875,554.6702270507812
434047,1776.0,99.4769287109375,5.6011786460876465
410449,329.0,1453.952880859375,441.93096923828125
400354,1955.0,2017.825927734375,103.21360778808594
413881,944.0,1607.22509765625,170.25689697265625
434058,552.0,638.3846435546875,115.6493911743164
413885,487.0,2151.51416015625,441.7893371582031
430716,923.0,990.9449462890625,107.36131286621094
400364,456.0,1038.134521484375,227.6610870361328
423993,710.0,1798.71728515625,253.3404541015625
420550,1112.0,1860.4580078125,167.307373046875
400374,425.0,890.321044921875,209.48728942871094
403787,869.0,3019.732666015625,347.4951171875
403789,1086.0,1604.32763671875,147.7281494140625
434075,1910.0,1734.99853515625,90.8376235961914
407290,932.0,1825.63037109375,195.88308715820312
400396,385.0,861.7867431640625,223.84071350097656
430729,550.0,1437.7374267578125,261.40679931640625
410506,313.0,897.70703125,286.8073425292969
420568,591.0,1511.40234375,255.7364501953125
407302,311.0,1895.88525390625,609.6094360351562
424013,511.0,1470.255615234375,287.72125244140625
417297,456.0,1613.615234375,353.8630065917969
410517,1312.0,994.171630859375,75.77527618408203
413918,681.0,2684.099609375,394.1408996582031
400418,691.0,3439.45849609375,497.7508544921875
407318,701.0,1270.7115478515625,181.27127075195312
410527,520.0,1511.3148193359375,290.6374816894531
407325,682.0,897.90625,131.65780639648438
417312,760.0,1257.7120361328125,165.48841857910156
424029,730.0,3204.254150390625,438.93890380859375
417316,1275.0,2715.100830078125,212.94908142089844
417317,1846.0,1520.073974609375,82.34420776367188
420588,1270.0,2148.739501953125,169.1920928955078
413938,259.0,1240.863525390625,479.097900390625
403832,1164.0,2118.901611328125,182.03622436523438
424043,537.0,1676.50048828125,312.197509765625
417324,443.0,2310.83447265625,521.633056640625
420600,969.0,735.726318359375,75.92635345458984
407349,591.0,1613.953125,273.0885314941406
434150,722.0,1355.74267578125,187.7760009765625
417332,382.0,1322.044677734375,346.0849914550781
437412,630.0,2107.041259765625,334.45098876953125
434155,1234.0,1953.14501953125,158.27755737304688
437416,459.0,1460.8551025390625,318.2690734863281
400461,1886.0,2037.81201171875,108.0494155883789
400463,524.0,2008.84375,383.36712646484375
420616,615.0,886.1522216796875,144.0897979736328
413968,439.0,1730.2109375,394.1255187988281
437427,610.0,1705.46484375,279.58441162109375
413973,538.0,2384.698974609375,443.25262451171875
410580,781.0,1846.13525390625,236.38095092773438
410582,380.0,950.846435546875,250.22274780273438
403871,1923.0,1416.508056640625,73.66136169433594
437436,381.0,1275.0845947265625,334.6678771972656
437438,543.0,2126.6767578125,391.6531677246094
407380,290.0,1258.201904296875,433.86273193359375
417362,684.0,811.2786865234375,118.60800170898438
410595,519.0,1778.996337890625,342.77386474609375
424085,339.0,678.324462890625,200.095703125
434209,672.0,2423.982421875,360.711669921875
403887,630.0,1597.785888671875,253.61680603027344
403890,1360.0,2080.079833984375,152.94705200195312
424093,1201.0,645.8936157226562,53.77964782714844
430826,782.0,2103.119873046875,268.941162109375
420660,673.0,2212.100341796875,328.6924743652344
413998,132.0,833.2796630859375,631.2724609375
434222,580.0,2557.5283203125,440.9531555175781
407405,336.0,1335.9815673828125,397.61358642578125
424106,200.0,1782.7322998046875,891.3662109375
424109,239.0,1746.7847900390625,730.872314453125
414007,785.0,824.6158447265625,105.0466079711914
414010,1294.0,3474.78466796875,268.5304870605469
410624,660.0,2760.488525390625,418.255859375
400514,772.0,2048.30908203125,265.32501220703125
417396,1012.0,2132.8251953125,210.7534942626953
414018,782.0,3408.4970703125,435.8691711425781
437465,370.0,2334.1123046875,630.8411865234375
403936,811.0,2616.165771484375,322.5851745605469
414023,572.0,2183.015380859375,381.6460266113281
400523,541.0,1728.9423828125,319.58270263671875
417409,400.0,808.4466552734375,202.11167907714844
437472,449.0,1880.36376953125,418.78924560546875
437475,1660.0,159.188720703125,9.589681625366211
410645,224.0,1122.1885986328125,500.97705078125
400531,751.0,1608.2939453125,214.1536407470703
427449,1280.0,1848.642333984375,144.4251708984375
414036,371.0,1472.4476318359375,396.88616943359375
403971,967.0,591.55615234375,61.17436981201172
427454,384.0,654.03662109375,170.32203674316406
424148,957.0,2540.448486328125,265.4595947265625
414043,631.0,1017.584228515625,161.26531982421875
403982,676.0,2286.14501953125,338.1871337890625
437492,218.0,990.956298828125,454.5671081542969
420713,1283.0,1387.11376953125,108.11487579345703
427462,379.0,1176.9892578125,310.55126953125
410667,692.0,1213.572998046875,175.371826171875
404000,1338.0,204.5869140625,15.290501594543457
404003,863.0,2103.93115234375,243.792724609375
434308,1610.0,1925.4140625,119.59093475341797
407458,426.0,1552.58740234375,364.4571228027344
400550,1410.0,688.904296875,48.85845947265625
407462,783.0,1817.614990234375,232.13475036621094
414065,1000.0,2002.78173828125,200.27816772460938
420727,693.0,1448.07177734375,208.9569549560547
400565,312.0,1272.71435546875,407.9212646484375
424180,1626.0,3173.0087890625,195.14199829101562
420734,496.0,1978.0634765625,398.8031005859375
434337,422.0,1092.656005859375,258.9232177734375
410687,558.0,1035.929443359375,185.6504364013672
430931,947.0,677.6636962890625,71.55899047851562
434349,422.0,1397.3907470703125,331.13525390625
437523,162.0,1328.5447998046875,820.08935546875
407475,860.0,2348.241455078125,273.05133056640625
404036,552.0,1780.5458984375,322.56268310546875
410697,742.0,2596.84375,349.97894287109375
430947,392.0,1094.087890625,279.1040344238281
437541,400.0,2955.291748046875,738.8229370117188
404045,662.0,1493.962890625,225.6741485595703
437546,1269.0,2385.801025390625,188.0063934326172
410709,1079.0,2262.239990234375,209.66079711914062
424202,389.0,2746.556640625,706.0556640625
424206,681.0,2963.470458984375,435.16455078125
424212,593.0,1840.892578125,310.43719482421875
404056,879.0,1121.623779296875,127.60225677490234
424218,211.0,803.5631103515625,380.8356018066406
407502,971.0,1295.00146484375,133.36781311035156
430972,840.0,2749.91552734375,327.37091064453125
417493,346.0,1218.663330078125,352.21484375
400616,1672.0,2138.404296875,127.8949966430664
410730,372.0,1355.8525390625,364.47650146484375
427526,564.0,1118.1319580078125,198.25033569335938
437570,412.0,1214.400390625,294.7573547363281
410739,581.0,1246.990966796875,214.62838745117188
420775,482.0,1611.64013671875,334.36517333984375
420776,1283.0,2454.32666015625,191.29592895507812
414119,1184.0,1612.966796875,136.2303009033203
410747,682.0,2579.097900390625,378.1668395996094
414123,305.0,1368.66796875,448.74359130859375
434406,559.0,2301.895263671875,411.7880859375
407537,300.0,1703.0623779296875,567.6874389648438
410756,379.0,1277.9215087890625,337.1824645996094
414130,1843.0,911.14599609375,49.43819808959961
420789,1031.0,1131.019287109375,109.7011947631836
434418,99.0,953.809326171875,963.4437255859375
404091,1337.0,1127.75146484375,84.34940338134766
400650,1012.0,1103.21240234375,109.01307678222656
431014,191.0,990.4202880859375,518.544677734375
407551,1323.0,3795.6767578125,286.89923095703125
424268,459.0,1879.478759765625,409.4725036621094
424270,929.0,1729.00390625,186.11453247070312
410773,1343.0,1605.481689453125,119.54443359375
404112,976.0,983.87353515625,100.80671691894531
407559,747.0,1998.190673828125,267.4953918457031
417558,891.0,1873.4443359375,210.2631072998047
431028,881.0,1913.365234375,217.18106079101562
437616,1062.0,3951.8779296875,372.1165771484375
424278,1170.0,1204.202880859375,102.92332458496094
410784,791.0,1578.363525390625,199.54026794433594
404142,258.0,1002.4547119140625,388.54833984375
404145,825.0,1234.8330078125,149.67672729492188
437621,160.0,1082.12841796875,676.3302612304688
437623,1001.0,2175.294921875,217.31216430664062
420856,679.0,1627.882568359375,239.7470703125
404157,702.0,1011.89013671875,144.14389038085938
407583,1344.0,1746.033935546875,129.91323852539062
414174,1916.0,1018.595947265625,53.162628173828125
400681,1673.0,382.7646484375,22.878938674926758
424299,254.0,835.552490234375,328.9576721191406
417588,761.0,3311.915771484375,435.20574951171875
414184,100.0,1118.18408203125,1118.18408203125
404172,1102.0,2901.996826171875,263.3390808105469
431053,1027.0,1580.2607421875,153.87155151367188
431057,850.0,1529.6259765625,179.95599365234375
407599,407.0,1245.5966796875,306.04339599609375
407602,379.0,2044.601806640625,539.4727783203125
407605,340.0,580.5841064453125,170.76004028320312
410816,1222.0,1713.1005859375,140.18826293945312
427609,641.0,1775.60546875,277.0055236816406
400702,1339.0,3437.2294921875,256.70123291015625
400706,702.0,1464.126953125,208.56509399414062
437660,351.0,949.0772705078125,270.39239501953125
404194,1244.0,1291.826171875,103.84454345703125
427621,758.0,1000.881103515625,132.0423583984375
414208,1434.0,1902.52880859375,132.6728515625
407618,2154.0,1547.8330078125,71.8585433959961
417639,807.0,2009.06591796875,248.95489501953125
404206,225.0,1441.9737548828125,640.8772583007812
427626,1664.0,1314.76611328125,79.01239013671875
400723,621.0,2049.486328125,330.0299987792969
437675,681.0,2440.4638671875,358.36474609375
404216,1025.0,1597.5966796875,155.86309814453125
410853,520.0,1089.8402099609375,209.5846710205078
407636,150.0,1368.9443359375,912.6295776367188
437683,120.0,1312.497802734375,1093.7481689453125
407640,1234.0,1996.1083984375,161.75918579101562
400737,841.0,2840.4990234375,337.7525634765625
427639,341.0,1420.13818359375,416.4627990722656
437690,1353.0,2044.044189453125,151.074951171875
424354,130.0,911.334228515625,701.0263671875
417661,771.0,753.0379638671875,97.67029571533203
434540,369.0,1892.4658203125,512.8633422851562
404249,398.0,1873.925048828125,470.83544921875
410868,992.0,1448.412841796875,146.00936889648438
407658,663.0,952.89794921875,143.7251739501953
417667,2724.0,2240.9892578125,82.26832580566406
404263,1092.0,2327.786865234375,213.1672821044922
424370,651.0,958.523681640625,147.23866271972656
417674,582.0,1125.4345703125,193.37362670898438
437713,451.0,843.3193359375,186.98876953125
400769,902.0,1823.83642578125,202.1991424560547
404279,636.0,1627.7802734375,255.94029235839844
400773,1524.0,1509.611328125,99.05586242675781
400776,303.0,1486.0224609375,490.43646240234375
414283,1083.0,1662.455078125,153.50462341308594
400782,604.0,2128.02294921875,352.3216857910156
414286,972.0,2489.060791015625,256.0762023925781
420969,722.0,2221.0048828125,307.618408203125
434565,1355.0,3285.0361328125,242.43809509277344
437733,1566.0,2853.89599609375,182.24111938476562
420972,1145.0,2833.67431640625,247.4824676513672
417704,1462.0,1269.847412109375,86.85686492919922
424401,400.0,802.5269775390625,200.63174438476562
434572,563.0,1543.87939453125,274.22369384765625
410901,139.0,1133.46044921875,815.4391479492188
404335,1939.0,1605.612548828125,82.80622100830078
404341,790.0,704.0411376953125,89.11913299560547
417713,1091.0,2195.1220703125,201.20274353027344
437754,671.0,2006.822998046875,299.0794372558594
427683,615.0,1206.215576171875,196.1326141357422
431185,675.0,2403.3095703125,356.0458679199219
424425,197.0,819.2103881835938,415.84283447265625
407704,378.0,785.2183837890625,207.72972106933594
427696,1093.0,1870.3603515625,171.12171936035156
437764,1885.0,1175.7021484375,62.37146759033203
420999,1493.0,2293.3916015625,153.609619140625
437770,188.0,1203.5126953125,640.1663208007812
400816,1018.0,1688.67431640625,165.88156127929688
404396,609.0,1281.6806640625,210.4565887451172
437779,1164.0,2896.93896484375,248.87789916992188
434592,200.0,1403.6519775390625,701.8259887695312
427708,670.0,1873.3212890625,279.6001892089844
437783,1727.0,953.212890625,55.194725036621094
400835,674.0,1126.3583984375,167.115478515625
434600,730.0,1184.12939453125,162.20950317382812
414332,856.0,3149.985595703125,367.98895263671875
400848,953.0,2764.068603515625,290.0386962890625
421015,2005.0,2110.865234375,105.28006744384766
434606,320.0,530.5862426757812,165.80819702148438
410931,2454.0,1530.790771484375,62.37941360473633
437802,684.0,2242.480224609375,327.8479919433594
410934,1362.0,545.46923828125,40.049137115478516
407766,560.0,1775.48876953125,317.05157470703125
417757,300.0,1111.3380126953125,370.4460144042969
400869,1162.0,1621.590087890625,139.5516357421875
400870,1744.0,1829.77587890625,104.9183349609375
410945,480.0,1366.700927734375,284.7293701171875
407776,819.0,1228.908935546875,150.04994201660156
410948,1172.0,1617.05908203125,137.9743194580078
410950,330.0,899.3416748046875,272.5278015136719
421036,830.0,3203.753662109375,385.9944152832031
400880,521.0,1670.3056640625,320.5960998535156
424491,720.0,2298.314697265625,319.21038818359375
437820,2412.0,1610.34033203125,66.7636947631836
400883,891.0,2801.62890625,314.43646240234375
437822,760.0,2475.075927734375,325.6678771972656
431260,150.0,1492.146484375,994.7643432617188
424500,469.0,893.38916015625,190.4880828857422
434647,269.0,1628.173828125,605.2691040039062
410961,1451.0,3023.7197265625,208.38868713378906
404487,507.0,1772.07666015625,349.52203369140625
400896,391.0,1772.41552734375,453.3031921386719
431271,582.0,2193.6416015625,376.91436767578125
431272,2579.0,2941.0615234375,114.03883361816406
431273,1554.0,1583.17529296875,101.87742614746094
407799,1520.0,1794.043212890625,118.0291519165039
421067,280.0,1038.970703125,371.06097412109375
421070,1040.0,1299.729736328125,124.97401428222656
407805,722.0,3021.345703125,418.4689636230469
410983,1011.0,2433.909912109375,240.74282836914062
410985,1051.0,2047.8271484375,194.84559631347656
427786,1376.0,262.2784423828125,19.06093406677246
407811,380.0,2812.26953125,740.0709228515625
407815,341.0,2299.345703125,674.294921875
437856,582.0,1568.85791015625,269.563232421875
437860,673.0,1450.25390625,215.49090576171875
407823,380.0,1626.347900390625,427.9862976074219
417840,1789.0,1429.84033203125,79.92399597167969
424538,2274.0,42.960205078125,1.8891910314559937
431303,1887.0,2164.6025390625,114.71131896972656
437870,834.0,1579.05859375,189.33555603027344
431307,827.0,1162.6009521484375,140.5805206298828
411018,1886.0,2905.8916015625,154.07696533203125
400942,818.0,1633.01220703125,199.63473510742188
437876,496.0,941.78564453125,189.8761444091797
407841,1203.0,3789.2353515625,314.9821472167969
421149,1453.0,1477.010986328125,101.65251159667969
427828,1361.0,2731.78662109375,200.7190704345703
407850,331.0,1364.882568359375,412.3512268066406
421154,1096.0,2398.021484375,218.79759216308594
407857,671.0,1957.67236328125,291.75445556640625
421158,317.0,1412.059326171875,445.444580078125
404545,540.0,813.99609375,150.74002075195312
404547,1025.0,2456.626708984375,239.6708984375
411038,510.0,1438.22119140625,282.004150390625
434718,199.0,1207.292724609375,606.6797485351562
421165,1125.0,1448.89404296875,128.79058837890625
400963,514.0,1995.37646484375,388.2055358886719
417888,511.0,1415.0889892578125,276.9254455566406
414486,180.0,889.2374267578125,494.0207824707031
424577,1024.0,2171.796875,212.08953857421875
417895,320.0,1300.138916015625,406.29339599609375
400973,491.0,383.6949462890625,78.14561462402344
417900,812.0,2722.090576171875,335.2328186035156
437917,280.0,1106.748291015625,395.2672424316406
434736,1143.0,867.6712646484375,75.91175079345703
424588,715.0,2330.96875,326.0096130371094
400982,1560.0,1917.951904296875,122.94563293457031
411074,1634.0,202.2645263671875,12.378490447998047
404573,579.0,1675.945556640625,289.4552001953125
411080,2034.0,1618.510986328125,79.57280731201172
427910,2001.0,1628.0380859375,81.36122131347656
427913,1006.0,1572.0185546875,156.26426696777344
414517,581.0,3219.082763671875,554.0589599609375
434754,1631.0,1885.745849609375,115.61898803710938
411094,365.0,1377.3651123046875,377.36029052734375
434758,660.0,2154.41064453125,326.4258728027344
427922,971.0,870.11181640625,89.60987091064453
437951,105.0,1091.7711181640625,1039.7821044921875
414532,1776.0,4133.3681640625,232.73471069335938
414533,1995.0,2942.4921875,147.4933319091797
404592,1091.0,2412.162841796875,221.09649658203125
427933,822.0,1500.65478515625,182.56141662597656
434766,1631.0,2157.07861328125,132.25497436523438
414544,903.0,3447.2509765625,381.75537109375
417950,160.0,878.75146484375,549.2196655273438
411113,984.0,1524.626708984375,154.94174194335938
414553,1424.0,841.19287109375,59.07252883911133
401022,1221.0,3489.4013671875,285.7822570800781
421236,319.0,1173.774169921875,367.95428466796875
421238,991.0,1040.378662109375,104.98271179199219
427952,691.0,1736.6591796875,251.3254852294922
407938,838.0,1522.306640625,181.65951538085938
434783,2111.0,2687.603515625,127.3142318725586
411133,189.0,1231.5029296875,651.5888671875
427962,722.0,2592.38232421875,359.05572509765625
404621,1069.0,1627.361328125,152.23211669921875
417964,401.0,3583.763427734375,893.7066040039062
421258,322.0,1833.964111328125,569.5540771484375
401044,117.0,748.4747314453125,639.7219848632812
431428,2341.0,2310.72705078125,98.70683288574219
424650,2798.0,1800.94189453125,64.36532592773438
424652,613.0,1895.484130859375,309.2143859863281
424654,534.0,1399.0303955078125,261.99072265625
411154,967.0,1645.28857421875,170.14358520507812
414585,532.0,1605.29541015625,301.74725341796875
401056,894.0,2095.89892578125,234.44058227539062
427993,875.0,2410.935302734375,275.53546142578125
404645,469.0,2084.091796875,444.3692626953125
414591,1283.0,2734.33642578125,213.1205291748047
434814,1281.0,2314.68798828125,180.69383239746094
417999,911.0,2224.732666015625,244.207763671875
411171,1175.0,1699.239013671875,144.6160888671875
434819,787.0,1554.39501953125,197.50889587402344
428014,1912.0,2675.87890625,139.9518280029297
431456,591.0,1593.671875,269.6568298339844
407968,943.0,2405.995361328125,255.14266967773438
424682,620.0,3532.93701171875,569.8285522460938
431465,520.0,1551.716796875,298.4070739746094
411183,408.0,1117.39013671875,273.8701477050781
411187,948.0,2348.918212890625,247.7761688232422
438041,1187.0,2259.525390625,190.35597229003906
431475,257.0,2007.919921875,781.2918090820312
421304,609.0,3087.45556640625,506.97137451171875
438054,1291.0,2676.71728515625,207.33673095703125
438059,474.0,1486.15673828125,313.53515625
434844,229.0,1447.45751953125,632.0775146484375
411197,830.0,556.7388916015625,67.07697296142578
414613,289.0,702.0626831054688,242.9282684326172
434850,552.0,1791.525146484375,324.5516662597656
424702,500.0,1480.7894287109375,296.15789794921875
421316,1100.0,1942.78076171875,176.61642456054688
421320,1287.0,1566.85986328125,121.74513244628906
438093,1671.0,2427.921875,145.29754638671875
424711,1641.0,1354.047607421875,82.51356506347656
431503,440.0,764.5399169921875,173.75906372070312
418083,390.0,1619.670654296875,415.3001708984375
428067,396.0,1417.264892578125,357.8951721191406
404711,1313.0,2065.260009765625,157.29322814941406
421338,394.0,1839.10791015625,466.7786560058594
428074,359.0,1651.2518310546875,459.958740234375
428076,1833.0,1718.6748046875,93.76294708251953
428078,1672.0,1252.884033203125,74.93325805664062
418127,260.0,1206.29296875,463.9588317871094
401131,534.0,1355.0567626953125,253.75595092773438
418132,501.0,1109.95703125,221.54832458496094
411223,460.0,1958.12109375,425.6784973144531
434894,1619.0,1000.193359375,61.77846908569336
411227,1108.0,2139.05712890625,193.05569458007812
418138,1146.0,2001.75439453125,174.67315673828125
428090,811.0,3366.40625,415.0932312011719
421384,229.0,930.9654541015625,406.53515625
401154,864.0,1701.7646484375,196.9635009765625
434909,306.0,839.8203125,274.4510803222656
431547,417.0,850.519775390625,203.9615936279297
421396,360.0,1864.208984375,517.8358154296875
421401,420.0,938.485595703125,223.44894409179688
418152,280.0,1296.4267578125,463.0095520019531
401180,530.0,1439.8741455078125,271.67437744140625
414680,2174.0,2331.49951171875,107.24468231201172
424755,533.0,2177.158203125,408.4724426269531
434922,466.0,1957.65625,420.0979309082031
411247,1834.0,2813.8662109375,153.4278106689453
418164,440.0,2253.4580078125,512.1495361328125
421454,1533.0,99.57080078125,6.495160102844238
438163,1013.0,595.47802734375,58.78361511230469
421457,682.0,2541.827880859375,372.7020263671875
424766,2751.0,1365.84765625,49.64913558959961
421460,1102.0,1957.436279296875,177.62579345703125
408077,1339.0,2066.5849609375,154.3379364013672
404759,917.0,1265.8486328125,138.04237365722656
431583,830.0,1903.5556640625,229.34405517578125
424776,920.0,3212.09375,349.140625
411268,1043.0,937.6751708984375,89.90174102783203
428170,654.0,1140.915771484375,174.4519500732422
418190,1123.0,1441.58251953125,128.36888122558594
431591,1052.0,1274.713134765625,121.17044830322266
408089,378.0,1864.76025390625,493.32281494140625
424799,178.0,858.3697509765625,482.2301940917969
418200,1116.0,2012.092041015625,180.29498291015625
421479,921.0,1337.19482421875,145.189453125
424802,584.0,2266.09619140625,388.0301818847656
431605,537.0,2456.22705078125,457.39794921875
418206,615.0,1247.66015625,202.87156677246094
401232,933.0,1397.40869140625,149.77584838867188
424812,88.0,1298.072265625,1475.0821533203125
408109,1264.0,1717.718994140625,135.89549255371094
408111,1203.0,1102.97998046875,91.68578338623047
428198,351.0,1734.72119140625,494.2225341796875
424819,360.0,2023.175048828125,561.9931030273438
431622,393.0,1344.07373046875,342.00347900390625
424825,606.0,1968.66064453125,324.86151123046875
434976,499.0,1591.9716796875,319.03240966796875
431630,1105.0,972.4423828125,88.00383758544922
414758,1060.0,2019.09521484375,190.48068237304688
431635,790.0,2110.6845703125,267.1752624511719
404798,245.0,1240.3466796875,506.26397705078125
401259,1494.0,2038.765380859375,136.4635467529297
401264,454.0,2109.02490234375,464.54290771484375
408139,229.0,961.595947265625,419.9109191894531
411338,817.0,1863.39599609375,228.0778350830078
414768,690.0,561.0606689453125,81.31314086914062
418239,743.0,1919.58203125,258.3555908203125
418240,1518.0,1773.429931640625,116.82673645019531
438249,518.0,1097.0784912109375,211.79119873046875
408152,1157.0,744.454833984375,64.34355163574219
434991,459.0,1096.140380859375,238.810546875
408159,118.0,1286.60791015625,1090.345703125
431656,442.0,1123.352783203125,254.15220642089844
401312,383.0,1215.37744140625,317.3309326171875
411358,740.0,1457.70654296875,196.98736572265625
421533,1424.0,1182.33349609375,83.02903747558594
404832,310.0,1043.322998046875,336.5558166503906
418258,252.0,1877.37744140625,744.9910888671875
404838,239.0,2133.98388671875,892.8802490234375
424873,712.0,1610.64599609375,226.2143096923828
411368,278.0,782.123779296875,281.3394775390625
438268,236.0,1259.06298828125,533.501220703125
404848,169.0,926.10791015625,547.9928588867188
418266,1513.0,2210.5185546875,146.1016845703125
418267,1510.0,937.43505859375,62.081790924072266
435023,521.0,2972.129150390625,570.4662475585938
424886,1195.0,2296.860595703125,192.20590209960938
428259,1082.0,1131.4970703125,104.5745849609375
435027,1041.0,873.863525390625,83.94462585449219
438287,471.0,3172.7578125,673.62158203125
435033,139.0,1491.2650146484375,1072.8525390625
428267,490.0,1437.7872314453125,293.42596435546875
414818,781.0,2725.7060546875,349.0020446777344
414822,480.0,2641.112060546875,550.231689453125
418282,1136.0,2103.091796875,185.13131713867188
424900,1653.0,1884.30224609375,113.99288177490234
418287,228.0,772.2111206054688,338.6890869140625
401364,1227.0,1431.630859375,116.67733001708984
421573,640.0,1431.53857421875,223.6779022216797
414834,641.0,631.8173828125,98.56745910644531
428308,1199.0,1251.850830078125,104.40790557861328
408214,400.0,1705.28564453125,426.3214111328125
435054,630.0,807.558349609375,128.18386840820312
408220,318.0,934.711181640625,293.9343566894531
421586,277.0,1488.67626953125,537.42822265625
421589,288.0,596.9127197265625,207.26136779785156
414849,473.0,1369.717529296875,289.58087158203125
414852,1174.0,3033.3623046875,258.3783874511719
404889,844.0,2831.8779296875,335.53057861328125
435064,661.0,2289.1640625,346.3183288574219
431732,1073.0,2719.210693359375,253.4213104248047
401389,1168.0,2285.543212890625,195.68006896972656
428338,199.0,820.8715209960938,412.49822998046875
428341,400.0,1074.4520263671875,268.6130065917969
408240,811.0,801.594482421875,98.84025573730469
401398,704.0,1887.56787109375,268.12042236328125
414866,2452.0,1678.35302734375,68.44832611083984
411428,833.0,759.8289794921875,91.2159652709961
408247,741.0,2673.951171875,360.85711669921875
408250,851.0,2522.908447265625,296.4639587402344
408252,650.0,3257.35986328125,501.1322937011719
408254,1433.0,1686.73486328125,117.70655059814453
435093,290.0,1083.927490234375,373.7680969238281
428361,289.0,1206.9251708984375,417.6211853027344
411443,683.0,2584.455078125,378.39752197265625
428369,1081.0,2594.0859375,239.970947265625
401422,821.0,2197.257568359375,267.6318664550781
401424,1133.0,1511.804443359375,133.4337615966797
428375,1131.0,1528.5224609375,135.1478729248047
418340,561.0,2264.84423828125,403.715576171875
428378,1563.0,2892.3671875,185.0522918701172
421653,441.0,1913.79248046875,433.966552734375
421657,402.0,2439.92626953125,606.9468383789062
414944,400.0,1102.8876953125,275.721923828125
431777,529.0,1041.1075439453125,196.8067169189453
428391,321.0,925.7569580078125,288.3978271484375
431785,723.0,875.655029296875,121.1141128540039
421664,2096.0,2058.5556640625,98.21353912353516
414954,1222.0,2358.181884765625,192.97723388671875
418360,363.0,1357.6771240234375,374.0157470703125
431793,1854.0,2146.815185546875,115.793701171875
425002,1537.0,2126.533203125,138.35609436035156
431796,300.0,1431.9256591796875,477.3085632324219
435130,255.0,1076.241943359375,422.0556640625
431798,651.0,2238.859375,343.91082763671875
431801,199.0,1175.9525146484375,590.930908203125
431803,210.0,1190.55029296875,566.9287109375
414976,1061.0,1779.59423828125,167.72801208496094
401463,1048.0,1107.142578125,105.64337921142578
425022,872.0,1958.212646484375,224.565673828125
425024,1072.0,171.2313232421875,15.973072052001953
408306,660.0,1917.3857421875,290.51300048828125
418384,1233.0,1521.0859375,123.36463928222656
408312,1883.0,2751.6923828125,146.1334228515625
425033,249.0,1146.271484375,460.3499755859375
435161,857.0,612.95068359375,71.52283477783203
421706,380.0,887.2708740234375,233.49232482910156
414999,149.0,835.860595703125,560.9802856445312
415002,389.0,1238.360595703125,318.3446044921875
428451,521.0,1488.6531982421875,285.72998046875
438403,650.0,1415.9443359375,217.8376007080078
435183,326.0,1547.93359375,474.82623291015625
418402,1073.0,1626.349853515625,151.57034301757812
401494,383.0,1680.67919921875,438.81964111328125
401498,596.0,1127.85498046875,189.23741149902344
425041,159.0,1149.6900634765625,723.0755615234375
435193,551.0,1611.310302734375,292.4338073730469
418407,1170.0,1996.326171875,170.62615966796875
411513,1253.0,1893.375,151.1073455810547
405020,500.0,2844.766357421875,568.9532470703125
401518,741.0,2412.974365234375,325.6375427246094
421730,750.0,2522.08837890625,336.2784729003906
418417,509.0,3726.13037109375,732.0491943359375
405031,710.0,2845.03564453125,400.7092590332031
421736,540.0,2346.892822265625,434.60980224609375
411524,409.0,753.06103515625,184.12249755859375
438433,621.0,2174.05859375,350.0899658203125
425071,399.0,793.6981201171875,198.9218292236328
431864,1343.0,1433.35498046875,106.72785186767578
401536,1158.0,2222.813720703125,191.95281982421875
428503,411.0,1096.110107421875,266.6934509277344
411535,650.0,1832.457763671875,281.91656494140625
401543,541.0,1257.498046875,232.43955993652344
438449,670.0,2418.564208984375,360.979736328125
435223,358.0,732.993408203125,204.74676513671875
431879,920.0,2219.37158203125,241.2360382080078
431881,1055.0,1023.198974609375,96.98568725585938
408367,782.0,3132.960693359375,400.63433837890625
438463,491.0,1509.8355712890625,307.50213623046875
415055,952.0,1621.34033203125,170.30886840820312
415058,871.0,1805.2939453125,207.26681518554688
408373,1442.0,2251.142822265625,156.11253356933594
431892,1387.0,1007.283203125,72.62315368652344
418454,1182.0,1659.4599609375,140.3942413330078
415065,480.0,1577.083740234375,328.5591125488281
435249,1396.0,1446.2216796875,103.59754943847656
435251,466.0,1086.7998046875,233.21884155273438
408381,831.0,1744.72509765625,209.9548797607422
438479,309.0,969.9345703125,313.8946838378906
428537,409.0,2848.614990234375,696.48291015625
428540,737.0,1961.618408203125,266.16259765625
425110,2483.0,1680.626953125,67.68533325195312
425111,1491.0,1483.74560546875,99.5134506225586
405076,629.0,2222.41455078125,353.3250427246094
405077,1680.0,785.083984375,46.7311897277832
405079,725.0,2230.29833984375,307.62738037109375
415088,481.0,953.0709228515625,198.1436309814453
415092,702.0,1970.948974609375,280.761962890625
431924,1052.0,2546.4189453125,242.05503845214844
435276,751.0,1644.646240234375,218.99417114257812
408408,389.0,726.114013671875,186.6616973876953
425125,570.0,1227.71875,215.38925170898438
428562,451.0,1378.622314453125,305.68121337890625
438506,1011.0,1736.731689453125,171.78355407714844
421802,628.0,1321.182861328125,210.3794403076172
435287,1083.0,1721.090576171875,158.91879272460938
421806,943.0,1816.156494140625,192.59347534179688
428572,1073.0,1402.201171875,130.68043518066406
435294,702.0,2098.13525390625,298.8796691894531
435296,792.0,1046.189208984375,132.0946044921875
411599,361.0,1105.583984375,306.2559509277344
438526,270.0,1711.4022216796875,633.8526611328125
421816,1875.0,528.2021484375,28.1707820892334
431955,349.0,1493.808837890625,428.02545166015625
421818,1483.0,2726.83203125,183.8726806640625
435308,1293.0,1521.056884765625,117.63780975341797
415135,959.0,2572.69873046875,268.2688903808594
428589,610.0,2843.362548828125,466.125
411616,661.0,2047.10791015625,309.6986389160156
425160,781.0,1915.2666015625,245.23260498046875
415145,851.0,1577.8896484375,185.4159393310547
431969,951.0,2370.71533203125,249.2865753173828
415148,1050.0,1879.742919921875,179.02313232421875
435322,1960.0,1424.671875,72.68733978271484
421835,1007.0,2244.75927734375,222.91552734375
411628,2798.0,1115.27978515625,39.85988998413086
435326,1184.0,1416.60107421875,119.64535522460938
421846,460.0,1112.671142578125,241.88504028320312
435330,1024.0,1042.91259765625,101.84693145751953
425180,280.0,1050.4716796875,375.16845703125
411637,1012.0,2352.387451171875,232.44937133789062
425186,389.0,1137.449462890625,292.4034729003906
421853,960.0,2134.829833984375,222.37811279296875
421856,460.0,1352.73828125,294.07354736328125
415172,1530.0,474.9686279296875,31.043703079223633
405150,427.0,1690.3203125,395.85955810546875
415177,587.0,3009.996826171875,512.7763061523438
415179,1159.0,1559.593505859375,134.563720703125
432000,253.0,1175.4666748046875,464.611328125
408486,3205.0,776.01806640625,24.212732315063477
425209,828.0,2326.74560546875,281.0079345703125
408490,529.0,1881.0146484375,355.5793151855469
432010,747.0,1566.81494140625,209.74765014648438
428646,1300.0,2903.1923828125,223.32247924804688
435361,931.0,1574.052978515625,169.0712127685547
411664,612.0,1832.614990234375,299.4468994140625
405174,1235.0,2068.026123046875,167.45150756835938
401709,770.0,2187.072998046875,284.0354309082031
435368,1727.0,2819.185546875,163.2417755126953
425223,1132.0,674.2808837890625,59.56544876098633
425224,1844.0,2520.6513671875,136.69476318359375
418606,302.0,1608.26953125,532.53955078125
438597,521.0,1700.46484375,326.3847961425781
415208,821.0,1962.98486328125,239.0968017578125
411686,252.0,1074.116455078125,426.2366638183594
428668,360.0,1130.556640625,314.04351806640625
432043,153.0,774.6683349609375,506.3191833496094
432045,895.0,1654.27490234375,184.83518981933594
418620,860.0,1564.4189453125,181.9091796875
425243,903.0,2321.500244140625,257.0875244140625
418625,298.0,1650.06103515625,553.7117309570312
435389,523.0,730.943359375,139.7597198486328
435391,656.0,1022.8587646484375,155.92359924316406
401737,285.0,941.30615234375,330.2828674316406
415226,280.0,1050.559326171875,375.19976806640625
438642,1946.0,1561.96484375,80.26541137695312
418645,440.0,2687.707275390625,610.8425903320312
401743,517.0,2256.402587890625,436.4415283203125
418653,249.0,1180.9674072265625,474.2840881347656
432068,290.0,1413.7513427734375,487.50048828125
415237,912.0,2697.9990234375,295.8332214355469
421927,349.0,1356.705078125,388.7406921386719
415241,532.0,949.6141357421875,178.4989013671875
405229,1054.0,1802.849609375,171.04835510253906
405230,2434.0,3468.6845703125,142.5096435546875
411748,371.0,1396.58544921875,376.4381103515625
408553,761.0,1504.32958984375,197.67800903320312
421941,740.0,2302.259765625,311.1161804199219
418681,580.0,1670.18896484375,287.9635925292969
405240,780.0,1104.3199462890625,141.57948303222656
418685,490.0,2244.45361328125,458.0517883300781
425268,531.0,1992.97900390625,375.32562255859375
411764,821.0,2910.255126953125,354.47686767578125
408567,843.0,2555.8896484375,303.18975830078125
411768,599.0,1463.8564453125,244.3833770751953
428727,501.0,1177.78955078125,235.0877227783203
408573,503.0,1432.4979248046875,284.7908630371094
432102,360.0,1814.16259765625,503.9340515136719
428735,822.0,720.012939453125,87.59281921386719
405256,260.0,1307.18408203125,502.76312255859375
418702,610.0,1792.59912109375,293.86871337890625
421971,313.0,1146.283447265625,366.2247314453125
405261,1311.0,2479.985107421875,189.1674346923828
435443,762.0,1749.27001953125,229.56300354003906
435444,1753.0,638.9169921875,36.44706344604492
432119,721.0,2502.603271484375,347.1017150878906
401807,416.0,978.9954833984375,235.33544921875
415291,980.0,1683.247314453125,171.7599334716797
411797,330.0,1444.952392578125,437.8643493652344
408605,690.0,2198.62158203125,318.64080810546875
418722,1958.0,2683.2236328125,137.03900146484375
405272,1012.0,2035.94287109375,201.1801300048828
435461,610.0,1130.221435546875,185.28221130371094
421991,1363.0,1656.833984375,121.55789184570312
425317,460.0,1272.270751953125,276.5805969238281
438703,1121.0,1612.26953125,143.82421875
438706,898.0,2038.028076171875,226.951904296875
411813,681.0,1162.466552734375,170.69993591308594
408626,310.0,999.3863525390625,322.3826904296875
428775,1169.0,1459.833984375,124.87886810302734
432151,1320.0,2508.9345703125,190.07080078125
422006,431.0,2195.104736328125,509.3050537109375
415316,2050.0,321.75927734375,15.695574760437012
401835,485.0,1368.90283203125,282.24798583984375
408637,1401.0,2284.36669921875,163.05258178710938
435489,701.0,2160.017578125,308.1337585449219
438723,1046.0,2517.295654296875,240.65924072265625
438727,343.0,1795.006591796875,523.3255615234375
405303,178.0,1451.384521484375,815.3845825195312
428799,149.0,1534.41064453125,1029.8057861328125
418761,1270.0,2160.37744140625,170.10845947265625
435500,571.0,1167.061767578125,204.38909912109375
432172,951.0,2865.4677734375,301.3110046386719
438740,1184.0,2423.66796875,204.70169067382812
438742,761.0,2147.70703125,282.2216796875
405314,695.0,2975.280517578125,428.097900390625
428810,120.0,1027.1619873046875,855.96826171875
432184,841.0,2371.044921875,281.9316101074219
415340,1330.0,2425.03173828125,182.33322143554688
422035,465.0,2627.85009765625,565.1290283203125
418781,126.0,819.225341796875,650.1788330078125
435525,389.0,1764.289306640625,453.5447998046875
401870,1203.0,1093.420654296875,90.89115905761719
411859,469.0,1912.25439453125,407.73016357421875
415380,1023.0,1809.0322265625,176.8359832763672
401873,1754.0,597.3583984375,34.05691909790039
428836,761.0,1312.1875,172.4293670654297
418795,755.0,2680.04052734375,354.9722595214844
418797,1321.0,2597.94482421875,196.66500854492188
435542,139.0,1180.430419921875,849.23046875
408691,1573.0,2916.486328125,185.4091796875
438776,178.0,918.19287109375,515.8386840820312
401884,1088.0,2723.2705078125,250.30059814453125
415394,1221.0,2316.594482421875,189.72927856445312
428852,791.0,1704.604736328125,215.49996948242188
422067,851.0,4089.623046875,480.5667419433594
425409,1170.0,2060.873046875,176.1429901123047
401899,252.0,901.7467041015625,357.83599853515625
428857,170.0,1095.3636474609375,644.33154296875
432225,991.0,2805.47216796875,283.0950622558594
401904,341.0,1484.53466796875,435.347412109375
428865,331.0,1571.9517822265625,474.909912109375
428867,1021.0,2748.27978515625,269.17529296875
401907,902.0,2148.066162109375,238.14480590820312
401909,511.0,1497.75634765625,293.1029968261719
435574,1551.0,1814.253173828125,116.97312927246094
428874,429.0,1298.33935546875,302.6431884765625
425458,833.0,2366.1865234375,284.0559997558594
438797,1404.0,1382.80712890625,98.49053955078125
411903,501.0,779.58203125,155.60519409179688
425463,1833.0,266.49951171875,14.538981437683105
428886,1041.0,970.668701171875,93.2438735961914
408728,209.0,1111.82861328125,531.9754028320312
428895,790.0,1299.174072265625,164.45240783691406
432252,913.0,1403.50390625,153.72442626953125
435592,800.0,1200.9061279296875,150.11326599121094
408738,750.0,2244.700439453125,299.29339599609375
428903,460.0,2561.05810546875,556.7517700195312
401935,294.0,1472.483642578125,500.8447570800781
401937,200.0,1052.52880859375,526.264404296875
408745,540.0,2200.2509765625,407.453857421875
438817,732.0,2182.65478515625,298.1768798828125
425483,1070.0,932.6953125,87.16778564453125
408752,601.0,2155.7001953125,358.6855773925781
428928,419.0,1139.306396484375,271.91082763671875
405406,170.0,1024.3575439453125,602.563232421875
401951,794.0,1806.30810546875,227.49472045898438
425491,239.0,1053.8211669921875,440.9293518066406
415465,229.0,776.501220703125,339.08349609375
415468,1032.0,1387.1982421875,134.41844177246094
435617,409.0,931.0302734375,227.63577270507812
425499,651.0,2527.601318359375,388.264404296875
422138,1130.0,1466.76611328125,129.80230712890625
438840,402.0,1119.9981689453125,278.60650634765625
405435,1437.0,1842.375244140625,128.20982360839844
428971,716.0,1506.03857421875,210.340576171875
401970,452.0,1234.4686279296875,273.112548828125
411964,357.0,2080.71044921875,582.83203125
401973,1182.0,1135.393798828125,96.0570068359375
405449,3149.0,1535.979736328125,48.7767448425293
422149,1445.0,1284.3515625,88.88246154785156
415489,532.0,1771.74169921875,333.0341491699219
408775,1726.0,668.3974609375,38.7252311706543
435638,1244.0,2618.46630859375,210.48765563964844
408778,1719.0,1249.970458984375,72.71498107910156
438859,506.0,1486.787841796875,293.8315734863281
432310,2137.0,373.95166015625,17.4989070892334
432312,320.0,804.3857421875,251.37054443359375
408786,586.0,2490.357177734375,424.97564697265625
415504,1646.0,2226.64697265625,135.2762451171875
435659,1157.0,1184.9287109375,102.41389465332031
438869,386.0,1029.1292724609375,266.6138000488281
401995,1179.0,1546.241943359375,131.1486053466797
405475,2075.0,1514.836669921875,73.0041732788086
422176,229.0,968.66162109375,422.996337890625
435667,2633.0,1466.3173828125,55.68999099731445
422184,470.0,1049.9952392578125,223.4032440185547
415518,573.0,962.8271484375,168.03265380859375
438882,613.0,712.430419921875,116.22029876708984
411996,804.0,1885.45751953125,234.50962829589844
438886,527.0,1800.05224609375,341.5658874511719
418933,593.0,2057.23583984375,346.9200439453125
418939,1143.0,2560.166015625,223.9865264892578
412005,470.0,1616.298095703125,343.8932189941406
418945,763.0,1438.30615234375,188.50669860839844
435683,1191.0,1539.29541015625,129.2439422607422
418948,1135.0,1849.194580078125,162.9246368408203
408824,790.0,1647.545166015625,208.55001831054688
418951,571.0,1818.8505859375,318.5377502441406
415539,1521.0,1560.811767578125,102.61747741699219
418956,951.0,2747.625,288.9195556640625
435697,1207.0,2102.65966796875,174.2054443359375
435703,359.0,936.516845703125,260.8681945800781
429096,96.0,874.2546997070312,910.6820068359375
429100,758.0,2173.683837890625,286.76568603515625
412023,3280.0,2189.9560546875,66.76695251464844
438906,951.0,2701.066162109375,284.0237731933594
435720,536.0,1019.98193359375,190.29513549804688
429112,2325.0,690.35888671875,29.692855834960938
435728,683.0,2652.65966796875,388.383544921875
408860,534.0,1067.7548828125,199.95408630371094
429119,2160.0,1993.06884765625,92.2717056274414
402060,954.0,1996.62353515625,209.2896728515625
429126,772.0,2461.62158203125,318.8628845214844
429128,1448.0,1289.10595703125,89.02665710449219
412038,1543.0,1119.586669921875,72.55908203125
402091,1810.0,2240.98779296875,123.81148529052734
405550,108.0,1075.9775390625,996.2755126953125
438926,2054.0,1461.95654296875,71.17607879638672
429145,1032.0,1204.517578125,116.71681213378906
429149,1272.0,2751.7314453125,216.33106994628906
425572,1173.0,1362.0048828125,116.11294555664062
419011,134.0,1821.812744140625,1359.561767578125
419013,1355.0,2218.89892578125,163.75637817382812
419014,1363.0,2342.71826171875,171.87954711914062
435758,359.0,956.2645263671875,266.3689270019531
425585,491.0,1501.144287109375,305.7320251464844
422259,992.0,2751.726318359375,277.3917541503906
435770,569.0,1463.7080078125,257.2421875
438943,471.0,949.957763671875,201.68955993652344
419028,150.0,832.5759887695312,555.0506591796875
408900,1174.0,2123.2236328125,180.85379028320312
438948,660.0,744.614990234375,112.8204574584961
405573,394.0,2062.47802734375,523.4716186523438
435785,337.0,1474.78466796875,437.6215515136719
422273,470.0,1108.528076171875,235.85704040527344
438955,331.0,889.36083984375,268.6890869140625
405579,326.0,926.384521484375,284.1670227050781
408914,2475.0,1181.936279296875,47.755001068115234
429208,1409.0,1590.271240234375,112.86524200439453
405583,2389.0,402.814453125,16.861217498779297
402133,706.0,1150.3863525390625,162.94424438476562
419048,1504.0,2595.66796875,172.5843048095703
402136,1783.0,1913.99560546875,107.34691619873047
419052,611.0,868.596435546875,142.15980529785156
415637,773.0,2551.191650390625,330.0377502441406
425674,400.0,1762.206298828125,440.55157470703125
438979,984.0,2430.755859375,247.02804565429688
405605,1019.0,1823.95166015625,178.99427795410156
438987,650.0,2525.987060546875,388.6134033203125
412094,1313.0,1774.11181640625,135.1189422607422
415648,171.0,1209.455810546875,707.2841186523438
405618,1000.0,1094.9296875,109.49296569824219
419067,392.0,807.212158203125,205.9214630126953
419069,652.0,2172.423828125,333.19384765625
425687,369.0,1107.6761474609375,300.1832580566406
429268,224.0,928.3804931640625,414.45556640625
412106,411.0,1255.8106689453125,305.550048828125
419076,1190.0,1643.83837890625,138.13768005371094
408954,550.0,1493.1737060546875,271.48614501953125
402166,94.0,972.4976806640625,1034.572021484375
422329,632.0,1386.8074951171875,219.4315643310547
402173,891.0,2253.37109375,252.9036102294922
432461,249.0,1037.3128662109375,416.59149169921875
435846,443.0,2031.9267578125,458.6741943359375
405659,2400.0,555.27197265625,23.136333465576172
435853,2279.0,2684.41796875,117.78929138183594
419089,170.0,1155.28369140625,679.57861328125
408964,500.0,3223.196044921875,644.6392211914062
422348,630.0,1187.49365234375,188.49105834960938
439026,730.0,1988.180908203125,272.3535461425781
425712,1332.0,2257.18701171875,169.45848083496094
405671,2235.0,191.38720703125,8.563186645507812
439033,801.0,1717.9228515625,214.47227478027344
408976,1332.0,2770.69677734375,208.01026916503906
425720,680.0,1026.0361328125,150.88766479492188
429309,768.0,2495.77880859375,324.97119140625
429312,682.0,2822.185546875,413.8102111816406
429317,1720.0,1205.511962890625,70.08790588378906
415698,811.0,3047.8515625,375.8139953613281
432487,1425.0,2527.258056640625,177.3514404296875
412153,480.0,2257.16162109375,470.2420349121094
439050,92.0,1095.084716796875,1190.3094482421875
439052,851.0,2394.195556640625,281.3390808105469
435886,694.0,1927.4453125,277.7298583984375
419117,1169.0,1138.160888671875,97.36192321777344
409001,884.0,2173.568115234375,245.8787384033203
439057,1212.0,1971.4384765625,162.65994262695312
405699,2446.0,1846.66015625,75.49714660644531
435895,1193.0,558.462646484375,46.811622619628906
405703,522.0,453.492919921875,86.87603759765625
422390,629.0,1745.083984375,277.4378356933594
432503,803.0,1166.0667724609375,145.2137908935547
435905,290.0,889.776611328125,306.81951904296875
419134,136.0,1089.043701171875,800.7673950195312
412180,610.0,3182.968505859375,521.7981567382812
435913,329.0,960.0635986328125,291.8126220703125
435916,456.0,2552.327392578125,559.7208862304688
415735,827.0,1353.130859375,163.61920166015625
422401,379.0,1318.6405029296875,347.92626953125
422403,1573.0,2162.26513671875,137.4612274169922
432520,430.0,2219.5810546875,516.181640625
415739,1241.0,2391.485107421875,192.706298828125
422410,370.0,848.58642578125,229.34768676757812
402293,496.0,1242.932861328125,250.59130859375
415746,378.0,1741.76953125,460.78558349609375
402302,712.0,1303.2354736328125,183.03868103027344
402307,425.0,976.308349609375,229.71961975097656
429412,841.0,2585.511962890625,307.43304443359375
432531,761.0,1736.07177734375,228.13031005859375
422429,513.0,982.91748046875,191.6018524169922
409045,869.0,1830.60693359375,210.65670776367188
412209,1904.0,1733.330810546875,91.03628540039062
409049,1099.0,2359.519287109375,214.69692993164062
429437,470.0,1336.1279296875,284.28253173828125
429441,504.0,1888.6708984375,374.7362976074219
439165,1468.0,1728.833740234375,117.7679672241211
439169,1269.0,1951.2451171875,153.76242065429688
422440,446.0,1229.439697265625,275.65911865234375
409056,178.0,1298.203369140625,729.3276977539062
422444,806.0,1775.96533203125,220.3430938720703
412223,319.0,905.812744140625,283.9538269042969
415775,249.0,1006.107177734375,404.0591125488281
432555,806.0,308.6947021484375,38.299591064453125
439191,105.0,1036.2574462890625,986.911865234375
415780,1484.0,1366.7099609375,92.09635925292969
419173,801.0,3282.199951171875,409.7628173828125
402358,1074.0,2743.465087890625,255.44366455078125
405759,618.0,1158.501953125,187.45986938476562
432562,1239.0,2067.11669921875,166.83749389648438
412235,259.0,1113.546630859375,429.9407958984375
412237,510.0,2405.07080078125,471.58251953125
412239,891.0,1698.072265625,190.58050537109375
405768,374.0,1457.8734130859375,389.80572509765625
409082,770.0,1892.6904296875,245.803955078125
439219,2441.0,1879.404296875,76.99320983886719
402373,1224.0,2070.423583984375,169.15225219726562
429514,837.0,1959.257568359375,234.08096313476562
422477,1354.0,1172.52099609375,86.5968246459961
439247,336.0,1529.8109130859375,455.30084228515625
429523,914.0,942.8079833984375,103.15185546875
419211,381.0,1079.8553466796875,283.4266052246094
405789,469.0,1015.1827392578125,216.4568634033203
429532,519.0,1408.025146484375,271.2957763671875
422488,524.0,1236.8726806640625,236.04440307617188
409102,481.0,1193.657470703125,248.16162109375
412274,522.0,660.7796630859375,126.58613586425781
425843,329.0,1632.22265625,496.1163024902344
405807,1364.0,1165.3115234375,85.43339538574219
422499,430.0,833.662841796875,193.8750762939453
412286,243.0,961.178466796875,395.54669189453125
436028,721.0,2352.095458984375,326.2268371582031
429562,180.0,1173.34619140625,651.8590087890625
432605,1015.0,2079.350341796875,204.86209106445312
439281,1616.0,1945.61669921875,120.39706420898438
429578,214.0,1002.07763671875,468.26055908203125
419242,1311.0,943.577880859375,71.9738998413086
415835,2006.0,69.8447265625,3.481790781021118
402397,2865.0,241.68359375,8.435728073120117
432621,278.0,1036.794189453125,372.9475402832031
422515,531.0,1369.6878662109375,257.9449768066406
405845,424.0,1327.243896484375,313.0292053222656
439308,764.0,2419.74853515625,316.72100830078125
405852,337.0,1200.1514892578125,356.1280517578125
439314,369.0,861.4954833984375,233.4676055908203
402415,355.0,1054.163330078125,296.9474182128906
429614,246.0,1122.385498046875,456.2542419433594
419262,216.0,734.7245483398438,340.1502685546875
409125,774.0,1422.1416015625,183.73922729492188
425880,699.0,1365.367431640625,195.33154296875
429629,342.0,901.2117919921875,263.5122375488281
415878,451.0,889.013671875,197.12054443359375
412319,742.0,1901.75634765625,256.3013916015625
422531,732.0,2005.32470703125,273.9514465332031
402441,768.0,1732.3349609375,225.564453125
402445,561.0,1576.056640625,280.93701171875
425892,320.0,667.3740234375,208.55438232421875
429649,784.0,2322.6376953125,296.2547912597656
439336,712.0,1450.712890625,203.75180053710938
409144,1999.0,1374.85546875,68.77716064453125
402462,1086.0,1008.23193359375,92.83903503417969
415894,220.0,1096.6903076171875,498.4955749511719
412334,1163.0,1443.5927734375,124.12664031982422
436076,371.0,1087.697265625,293.1798400878906
432676,540.0,1221.5048828125,226.20460510253906
415899,1224.0,2909.111328125,237.67250061035156
439348,550.0,2586.160400390625,470.2109680175781
409157,249.0,1005.0421142578125,403.63134765625
405926,2590.0,3665.0546875,141.50790405273438
415903,812.0,632.9876708984375,77.95414733886719
432690,412.0,1424.5328369140625,345.7604064941406
412343,627.0,2094.28125,334.0161437988281
422552,1488.0,2895.63671875,194.5992431640625
415912,853.0,1812.739501953125,212.513427734375
422555,1523.0,1331.511962890625,87.42691802978516
402514,471.0,2472.73486328125,524.996826171875
436103,229.0,1684.577880859375,735.62353515625
402518,753.0,996.67333984375,132.36033630371094
405954,2486.0,752.302001953125,30.26154327392578
439367,932.0,1438.721923828125,154.3693084716797
439370,512.0,1329.1593017578125,259.6014404296875
402528,605.0,1600.7890625,264.5932312011719
425968,300.0,1172.901611328125,390.9671936035156
436115,1101.0,1191.31201171875,108.20272827148438
419330,810.0,1776.523681640625,219.32391357421875
422574,592.0,2354.037109375,397.6413879394531
436123,1056.0,2157.0703125,204.2680206298828
432729,320.0,1202.5693359375,375.80291748046875
436125,1901.0,1183.260986328125,62.244136810302734
412371,590.0,1781.475341796875,301.9449768066406
405986,787.0,2772.83349609375,352.32952880859375
402542,673.0,1376.31396484375,204.50430297851562
415946,449.0,1307.1492919921875,291.12457275390625
429722,642.0,720.296630859375,112.19573974609375
436135,578.0,749.697021484375,129.7053680419922
432752,425.0,962.69775390625,226.5171356201172
439395,1213.0,1752.9853515625,144.51651000976562
422602,206.0,1044.248291015625,506.9166564941406
406004,893.0,1373.99755859375,153.8631134033203
419356,721.0,1502.1767578125,208.34629821777344
426002,461.0,1977.611572265625,428.98297119140625
415960,811.0,959.3291015625,118.2896499633789
402559,136.0,845.2059326171875,621.4749145507812
412402,1264.0,3051.65234375,241.42819213867188
415963,892.0,2416.43017578125,270.9002380371094
422624,768.0,1608.30224609375,209.41436767578125
415968,279.0,1308.6396484375,469.04644775390625
422631,446.0,1023.3355712890625,229.4474334716797
402569,1290.0,2784.470947265625,215.85047912597656
402570,1246.0,2140.503173828125,171.78997802734375
432801,815.0,1607.24658203125,197.20816040039062
422644,612.0,1934.087158203125,316.0273132324219
409238,972.0,1715.19921875,176.46083068847656
426027,656.0,2503.03369140625,381.5600280761719
412423,307.0,1529.8302001953125,498.3160400390625
439428,841.0,1662.670166015625,197.70156860351562
412431,745.0,3405.75732421875,457.1486511230469
406048,670.0,1814.94140625,270.88677978515625
406050,883.0,1822.516845703125,206.40054321289062
415995,221.0,1112.8251953125,503.5408020019531
419394,802.0,1879.456787109375,234.34622192382812
426041,212.0,849.5516357421875,400.7319030761719
406059,1401.0,987.9638671875,70.51847839355469
432842,1341.0,2454.16357421875,183.0099639892578
406066,602.0,1643.0927734375,272.9389953613281
409261,540.0,3459.607421875,640.6680297851562
426049,1062.0,2509.9521484375,236.3419952392578
429748,831.0,2455.620361328125,295.5018615722656
412464,609.0,1236.775390625,203.08299255371094
426052,811.0,2081.49560546875,256.65789794921875
409272,551.0,2700.10888671875,490.03790283203125
416010,1055.0,460.5545654296875,43.65446090698242
439457,470.0,1463.366455078125,311.35455322265625
406093,1401.0,1097.115234375,78.30944061279297
416017,911.0,2038.854736328125,223.80401611328125
409282,1665.0,3005.7490234375,180.5254669189453
439462,1593.0,882.026611328125,55.368900299072266
406108,829.0,1831.593505859375,220.9401092529297
419423,1171.0,1492.07958984375,127.41926574707031
402635,815.0,2891.117919921875,354.7384033203125
436226,540.0,2049.09765625,379.4625244140625
409289,894.0,2494.2490234375,278.998779296875
426085,621.0,2634.89013671875,424.29791259765625
419432,256.0,1239.546630859375,484.1979064941406
432901,688.0,1917.8828125,278.76202392578125
429809,749.0,2219.474365234375,296.32501220703125
436236,509.0,1341.3150634765625,263.5196533203125
422699,817.0,1751.2216796875,214.34780883789062
422701,1006.0,1286.7412109375,127.90667724609375
432917,1361.0,2764.7197265625,203.13885498046875
412499,542.0,1081.0511474609375,199.4559326171875
432923,761.0,1029.3018798828125,135.25650024414062
439502,208.0,1560.6533203125,750.3140869140625
402680,748.0,1353.7470703125,180.98223876953125
436251,658.0,1461.590087890625,222.1261444091797
406137,242.0,1051.8172607421875,434.6352233886719
426138,184.0,2656.8017578125,1443.9140625
436258,392.0,998.38330078125,254.6896209716797
429846,580.0,1031.874267578125,177.90936279296875
439513,1864.0,1343.49951171875,72.07615661621094
416049,838.0,2342.0498046875,279.48089599609375
406151,881.0,1272.10009765625,144.3927459716797
409327,1322.0,2083.66064453125,157.61427307128906
406159,695.0,1784.8408203125,256.8116149902344
432946,701.0,1611.15087890625,229.83609008789062
422731,2011.0,1007.462158203125,50.097572326660156
419467,512.0,749.426025390625,146.3722686767578
409334,502.0,1435.4761962890625,285.951416015625
439529,833.0,2036.170654296875,244.43824768066406
436283,469.0,700.0218505859375,149.25839233398438
412547,250.0,1876.85546875,750.7421875
432958,250.0,1499.3726806640625,599.7490844726562
426214,51.0,924.278076171875,1812.31005859375
429871,1062.0,1977.044921875,186.1624298095703
419511,700.0,3256.8720703125,465.2674255371094
432977,1145.0,1686.871826171875,147.32505798339844
439543,1181.0,1919.312255859375,162.51585388183594
436304,346.0,1606.8526611328125,464.4082946777344
406198,150.0,1027.0570068359375,684.7047119140625
412571,1562.0,916.8837890625,58.699344635009766
406204,361.0,1086.43994140625,300.952880859375
432995,2663.0,2009.0869140625,75.44449615478516
422789,784.0,2321.8662109375,296.1564025878906
409362,1542.0,2202.075439453125,142.8064422607422
422797,268.0,1163.0712890625,433.9818420410156
439557,341.0,1025.607177734375,300.7645568847656
433005,510.0,695.5914306640625,136.39047241210938
412578,1304.0,1631.5791015625,125.12109375
422808,551.0,2269.89111328125,411.9584655761719
412583,691.0,1312.04541015625,189.87632751464844
409376,240.0,996.09912109375,415.0412902832031
409378,570.0,983.391845703125,172.52488708496094
422818,291.0,1964.659912109375,675.140869140625
433022,861.0,2551.7705078125,296.3728942871094
412593,693.0,846.39794921875,122.13533782958984
433027,511.0,1317.376708984375,257.80364990234375
433030,1167.0,1427.50634765625,122.32273864746094
406237,1805.0,2401.63427734375,133.05453491210938
426351,880.0,1532.9892578125,174.2033233642578
409400,1011.0,2308.540283203125,228.34226989746094
406243,1474.0,748.8701171875,50.805301666259766
406245,1242.0,1246.427734375,100.35649871826172
429952,1471.0,2069.835205078125,140.7093963623047
433041,692.0,1431.761962890625,206.9020233154297
409406,1133.0,1089.40673828125,96.15240478515625
439594,633.0,2803.35009765625,442.8673400878906
422843,893.0,2518.53369140625,282.0306396484375
419603,952.0,2152.048583984375,226.05552673339844
419605,1176.0,2237.515625,190.26492309570312
433046,1123.0,2307.094970703125,205.44033813476562
416135,750.0,2375.919921875,316.789306640625
436359,2029.0,1281.034423828125,63.13624572753906
436360,1195.0,2342.053955078125,195.98777770996094
426382,471.0,733.3992919921875,155.7111053466797
409426,629.0,1559.22021484375,247.88876342773438
429986,1312.0,3027.7978515625,230.7772674560547
439616,759.0,2509.7412109375,330.6641845703125
419621,272.0,1165.093017578125,428.343017578125
430002,418.0,1964.64990234375,470.011962890625
422866,291.0,2054.669921875,706.0721435546875
409438,821.0,3015.18212890625,367.25726318359375
412641,695.0,1476.96533203125,212.51300048828125
419632,554.0,2073.843994140625,374.340087890625
412645,495.0,1362.5826416015625,275.26922607421875
406297,726.0,2650.60498046875,365.09710693359375
406299,623.0,703.7987060546875,112.96929168701172
416160,1387.0,1819.926513671875,131.21316528320312
430037,1072.0,1622.42236328125,151.34536743164062
419647,1374.0,2729.927734375,198.6846923828125
402835,2086.0,914.9443359375,43.86118698120117
430049,223.0,763.856689453125,342.5366516113281
402839,701.0,2081.9228515625,296.9932861328125
436396,680.0,3027.925537109375,445.2831726074219
409483,380.0,1447.14990234375,380.82891845703125
406315,720.0,1855.787109375,257.7481994628906
436401,1086.0,2268.6669921875,208.90118408203125
412685,1845.0,1733.30810546875,93.94623565673828
422887,871.0,2663.335693359375,305.7790832519531
409491,1583.0,805.484619140625,50.8834228515625
402852,229.0,894.9656982421875,390.814697265625
402855,1547.0,679.9345703125,43.95181655883789
409500,1131.0,999.01953125,88.33063507080078
419677,494.0,1557.502197265625,315.2838439941406
430102,394.0,1483.1756591796875,376.4405212402344
406333,712.0,1547.47216796875,217.34158325195312
426439,953.0,1367.46240234375,143.4902801513672
419685,1350.0,1165.903076171875,86.36318969726562
402874,1319.0,1478.357421875,112.08168029785156
426442,1343.0,2535.136474609375,188.7666778564453
433153,1105.0,2061.5380859375,186.5645294189453
412713,1102.0,2335.212158203125,211.90672302246094
402889,1047.0,2454.310302734375,234.41360473632812
416209,330.0,924.0616455078125,280.0186767578125
416210,1409.0,3933.390625,279.161865234375
433160,1677.0,2145.070556640625,127.91118621826172
436449,1582.0,2238.54931640625,141.501220703125
419720,302.0,964.588623046875,319.40020751953125
412722,2719.0,1169.018310546875,42.994422912597656
416217,938.0,1863.50732421875,198.66815185546875
402925,512.0,1715.816650390625,335.1204528808594
430152,840.0,1765.7333984375,210.20635986328125
406377,2302.0,1983.609375,86.16896057128906
402935,880.0,1653.487060546875,187.89625549316406
409540,1170.0,2033.05810546875,173.76564025878906
419733,776.0,2343.217529296875,301.9610290527344
416228,2507.0,2297.7373046875,91.65286254882812
433176,1367.0,2666.32568359375,195.04942321777344
409547,199.0,1115.335693359375,560.47021484375
406390,747.0,823.651123046875,110.26119232177734
426471,871.0,2677.451171875,307.3996887207031
436478,1497.0,3513.828125,234.72467041015625
402950,1775.0,1461.930419921875,82.36227416992188
406403,391.0,1098.7718505859375,281.0158386230469
406407,662.0,1275.7938232421875,192.7180938720703
422959,632.0,1156.5111083984375,182.9922637939453
416249,348.0,1159.080322265625,333.0690612792969
412769,243.0,1342.398681640625,552.4274291992188
433197,1192.0,1903.03173828125,159.6503143310547
426485,1163.0,2119.587158203125,182.25169372558594
406431,1113.0,2897.892578125,260.3677062988281
430188,1778.0,1922.348388671875,108.11858367919922
430193,461.0,1978.54541015625,429.185546875
419775,715.0,2388.7841796875,334.095703125
416264,2454.0,2698.6162109375,109.96806335449219
439723,718.0,1623.89208984375,226.1688232421875
412787,1341.0,1105.02294921875,82.40290069580078
426500,1070.0,1622.06103515625,151.594482421875
412791,1895.0,5224.50390625,275.6994323730469
406449,730.0,2658.7119140625,364.20709228515625
422987,902.0,1536.1083984375,170.30026245117188
412799,702.0,2037.3642578125,290.22283935546875
430223,611.0,1174.4105224609375,192.21121215820312
422993,870.0,1042.1942138671875,119.79243469238281
426534,1891.0,3035.75,160.53675842285156
416291,863.0,2206.139892578125,255.63613891601562
416294,394.0,1950.6005859375,495.0762634277344
409609,202.0,871.2518310546875,431.31280517578125
419806,390.0,649.2978515625,166.48663330078125
406471,389.0,2199.9462890625,565.5388793945312
439766,932.0,1781.74853515625,191.1747283935547
430244,732.0,2048.924072265625,279.90765380859375
409623,600.0,1670.575927734375,278.4293212890625
436558,1021.0,2495.55712890625,244.42283630371094
406484,684.0,2832.234619140625,414.0693664550781
406486,747.0,2662.482421875,356.42333984375
430255,1609.0,534.80078125,33.23808288574219
409631,660.0,2179.22705078125,330.1859130859375
436569,809.0,756.2315673828125,93.47732543945312
433251,701.0,2038.47021484375,290.79461669921875
412835,1614.0,556.2919921875,34.46666717529297
430272,230.0,1082.01513671875,470.44134521484375
412838,260.0,879.73974609375,338.3614196777344
412841,391.0,1002.287841796875,256.339599609375
436580,574.0,2592.4951171875,451.6542053222656
416336,1442.0,2075.297607421875,143.91799926757812
403021,401.0,2481.7626953125,618.8934326171875
433265,1493.0,1935.64208984375,129.6478271484375
406504,1495.0,1547.522216796875,103.51319122314453
439801,643.0,1159.2078857421875,180.28115844726562
419843,1524.0,2565.954833984375,168.36973571777344
433275,487.0,3101.432861328125,636.8445434570312
439816,796.0,1387.73046875,174.33799743652344
433278,1515.0,1764.92919921875,116.49697875976562
409661,471.0,875.89404296875,185.9647674560547
403044,140.0,1355.535400390625,968.2396240234375
409664,1177.0,986.00390625,83.77263641357422
430315,1152.0,1488.423583984375,129.2034454345703
403053,315.0,857.2454833984375,272.14141845703125
416363,571.0,2827.46923828125,495.1784973144531
433293,569.0,2082.56201171875,366.0038757324219
423077,534.0,2240.883056640625,419.6410217285156
416371,982.0,1514.871826171875,154.26393127441406
412877,490.0,2576.14453125,525.7437744140625
416374,1608.0,635.62255859375,39.52876663208008
412881,701.0,668.3526611328125,95.3427505493164
430330,822.0,2069.744140625,251.793701171875
416381,175.0,1917.18212890625,1095.5325927734375
430334,450.0,2322.29052734375,516.0645751953125
416386,1102.0,2118.834716796875,192.27175903320312
436619,742.0,1522.3388671875,205.16696166992188
426623,350.0,1051.052734375,300.30078125
426627,351.0,1026.208740234375,292.3671875
436627,129.0,1217.80908203125,944.0380249023438
419886,360.0,2532.59814453125,703.49951171875
416398,982.0,2278.724853515625,232.04937744140625
436634,982.0,1903.626220703125,193.85195922851562
439851,290.0,828.05029296875,285.5345764160156
436640,729.0,1792.21240234375,245.84532165527344
426639,189.0,985.4122314453125,521.3821411132812
403113,902.0,2251.400390625,249.60093688964844
412912,592.0,2464.69970703125,416.3343811035156
419905,737.0,1846.63232421875,250.56068420410156
439871,835.0,688.0865478515625,82.40557098388672
416413,1313.0,2004.75537109375,152.6851043701172
439879,1253.0,1885.21826171875,150.4563751220703
439884,247.0,976.11083984375,395.1865539550781
436661,756.0,1307.955810546875,173.01002502441406
439894,429.0,1618.637939453125,377.3049011230469
436666,786.0,954.643798828125,121.4559555053711
426659,471.0,2512.527099609375,533.4452514648438
403137,765.0,2753.40771484375,359.9225769042969
406582,831.0,2936.233642578125,353.3373718261719
416428,429.0,749.05859375,174.60572814941406
423170,522.0,1018.9345703125,195.1981964111328
439917,269.0,1155.53173828125,429.5657043457031
436691,1354.0,2310.618408203125,170.65127563476562
403154,715.0,2444.610595703125,341.9035949707031
423198,319.0,1085.398681640625,340.2503662109375
423200,540.0,1178.130126953125,218.1722412109375
426692,452.0,1672.107177734375,369.93524169921875
436719,313.0,1783.63916015625,569.852783203125
403171,694.0,1554.82177734375,224.0377197265625
439946,290.0,1197.135009765625,412.80517578125
403176,669.0,1270.9854736328125,189.98287963867188
426703,921.0,1613.03564453125,175.13958740234375
412957,501.0,2348.71240234375,468.80487060546875
412961,787.0,2310.726806640625,293.612060546875
412966,438.0,1893.28076171875,432.2558898925781
412970,369.0,925.9671630859375,250.93960571289062
436738,1470.0,2074.643310546875,141.1322021484375
412977,1182.0,1486.349609375,125.74869537353516
436741,564.0,1148.44921875,203.62574768066406
426717,610.0,1195.88623046875,196.0469207763672
416477,560.0,1967.564453125,351.35076904296875
439968,1634.0,1523.759033203125,93.25331115722656
412996,520.0,2198.159912109375,422.7230529785156
433404,822.0,1752.90380859375,213.24862670898438
416486,1041.0,1756.2958984375,168.71237182617188
413003,1178.0,1461.580078125,124.07301330566406
423239,1494.0,1351.12060546875,90.43645477294922
439978,633.0,3416.00146484375,539.6527099609375
409786,328.0,1063.9102783203125,324.3628845214844
436767,216.0,1056.9017333984375,489.3063659667969
423243,1316.0,838.779052734375,63.73701095581055
439988,441.0,1284.115478515625,291.1826477050781
433421,802.0,1289.56103515625,160.79315185546875
406659,1296.0,2193.806640625,169.27520751953125
423249,1604.0,2359.423583984375,147.09622192382812
419997,1100.0,1638.412841796875,148.94662475585938
433429,1655.0,1259.8515625,76.12396240234375
403245,2282.0,1434.46533203125,62.86000442504883
436780,2267.0,2130.2939453125,93.96974182128906
436782,332.0,584.1397705078125,175.94570922851562
413036,754.0,1783.1142578125,236.48728942871094
403258,988.0,2178.319091796875,220.47764587402344
420012,147.0,806.8280029296875,548.8626098632812
403269,822.0,2322.487060546875,282.541015625
440018,320.0,1807.75830078125,564.9244995117188
423266,824.0,860.519287109375,104.43195343017578
413050,630.0,1797.4150390625,285.3039855957031
403280,1814.0,1157.75830078125,63.82350158691406
426808,419.0,1109.9730224609375,264.9100341796875
436807,713.0,1364.75537109375,191.41029357910156
416539,318.0,1661.151611328125,522.374755859375
423279,745.0,1050.47119140625,141.00283813476562
426820,660.0,1320.1912841796875,200.02899169921875
416545,669.0,1637.74658203125,244.80517578125
426823,780.0,1928.94140625,247.3001708984375
406702,761.0,2298.07568359375,301.9810485839844
406705,801.0,1678.043212890625,209.49354553222656
406708,319.0,1102.291748046875,345.5460205078125
423294,1174.0,1166.9404296875,99.39867401123047
440049,1686.0,1329.18310546875,78.83647918701172
409850,639.0,2379.119873046875,372.3192138671875
413081,579.0,1694.38525390625,292.63995361328125
409855,765.0,2006.9970703125,262.3525695800781
409858,1028.0,1254.9755859375,122.07933807373047
440062,802.0,1736.171630859375,216.48025512695312
436837,1112.0,1314.873779296875,118.2440414428711
413090,1032.0,2650.9765625,256.8775634765625
440069,611.0,1722.3798828125,281.8952331542969
406732,869.0,1410.1572265625,162.2735595703125
420070,1161.0,1616.87841796875,139.26602172851562
423318,1085.0,3078.6142578125,283.74322509765625
423322,375.0,1434.139404296875,382.43719482421875
423325,485.0,1588.04833984375,327.4326477050781
433504,603.0,2120.410888671875,351.6435852050781
420077,694.0,1776.6650390625,256.0036315917969
440085,409.0,1161.846435546875,284.0700378417969
423332,1026.0,2003.078125,195.23178100585938
436864,359.0,1194.26220703125,332.66357421875
423337,1186.0,2202.1865234375,185.6818389892578
426886,834.0,1900.99267578125,227.936767578125
436871,946.0,1955.64892578125,206.7282257080078
426890,1087.0,1651.51611328125,151.93341064453125
426892,1174.0,1163.53369140625,99.10848999023438
433517,861.0,2658.60302734375,308.78082275390625
440106,1420.0,2734.98095703125,192.6042938232422
433520,1359.0,2080.35595703125,153.0799102783203
420105,650.0,837.5595703125,128.85531616210938
436887,210.0,1421.9295654296875,677.1093139648438
436889,1003.0,2422.329833984375,241.50845336914062
423365,449.0,2017.3681640625,449.302490234375
440115,754.0,2585.0478515625,342.84454345703125
416621,443.0,2137.98583984375,482.6153259277344
423374,609.0,1335.7052001953125,219.32762145996094
413159,224.0,1424.822509765625,636.0814819335938
433542,938.0,1435.884033203125,153.07931518554688
423379,1353.0,1232.6962890625,91.1083755493164
423382,118.0,1340.132080078125,1135.7052001953125
440132,610.0,1428.5802001953125,234.19346618652344
433552,751.0,1910.666015625,254.41624450683594
440137,1349.0,1886.139404296875,139.81759643554688
436915,2446.0,211.138671875,8.631998062133789
416649,833.0,2519.78466796875,302.49517822265625
426938,643.0,1539.797119140625,239.47079467773438
436925,391.0,1456.853759765625,372.59686279296875
413180,1217.0,2277.689208984375,187.1560516357422
416659,2226.0,2391.001953125,107.41248321533203
426951,887.0,1950.76416015625,219.92831420898438
410026,854.0,1720.560302734375,201.47076416015625
416668,632.0,1757.385986328125,278.0673828125
423415,310.0,1120.061279296875,361.3100891113281
426962,896.0,1860.62451171875,207.6589813232422
416677,1243.0,2444.342041015625,196.64859008789062
436944,491.0,1397.4644775390625,284.6159973144531
433592,810.0,1526.498779296875,188.45664978027344
413201,640.0,2052.58203125,320.7159423828125
420199,737.0,2122.651611328125,288.0124206542969
436956,475.0,766.057861328125,161.2753448486328
416694,248.0,1282.381591796875,517.08935546875
433611,628.0,2999.929931640625,477.69586181640625
413216,1002.0,1927.23974609375,192.33929443359375
413220,591.0,722.937744140625,122.32449340820312
433629,299.0,1297.1514892578125,433.8299255371094
440199,419.0,1639.380126953125,391.2601623535156
423481,1476.0,3322.2919921875,225.0875244140625
423487,1288.0,1873.611083984375,145.46669006347656
413236,936.0,3906.7529296875,417.3881530761719
416731,551.0,1838.045166015625,333.5835266113281
416735,1433.0,1093.9912109375,76.34272003173828
413248,1039.0,1530.69287109375,147.32366943359375
413252,542.0,1166.1064453125,215.14878845214844
416746,651.0,1202.486572265625,184.71376037597656
423508,615.0,2098.50341796875,341.2200622558594
440243,390.0,1525.32958984375,391.11016845703125
416758,341.0,1406.18115234375,412.36981201171875
440249,784.0,2459.279541015625,313.68359375
413275,620.0,2326.944091796875,375.3135681152344
440256,721.0,2216.44140625,307.412109375
440263,358.0,982.25341796875,274.3724670410156
416782,741.0,2269.8017578125,306.3160095214844
433701,1161.0,1005.68505859375,86.622314453125
423581,705.0,2670.524169921875,378.7977600097656
436979,523.0,1429.0433349609375,273.2396240234375
436984,839.0,2128.820556640625,253.73309326171875
423594,224.0,2061.534423828125,920.327880859375
436991,1354.0,2768.2412109375,204.44912719726562
440307,1002.0,1632.86572265625,162.9606475830078
440311,540.0,759.0472412109375,140.56430053710938
416816,710.0,2588.19677734375,364.5347595214844
416824,1182.0,1115.76611328125,94.39645385742188
440327,2543.0,4255.12109375,167.32681274414062
437027,911.0,2444.379150390625,268.3182373046875
440336,778.0,2351.859130859375,302.2955322265625
416850,704.0,1438.287109375,204.30213928222656
437046,542.0,1541.0693359375,284.33013916015625
413366,289.0,902.400390625,312.249267578125
440353,1869.0,2103.63916015625,112.55426025390625
437070,280.0,1326.427734375,473.72418212890625
437082,209.0,1549.972412109375,741.6135864257812
440373,556.0,1435.3740234375,258.1607971191406
413440,463.0,1206.70263671875,260.6269226074219
413450,471.0,1349.03076171875,286.4184265136719
440420,448.0,1709.21337890625,381.5208435058594
413465,1111.0,2377.038818359375,213.9548797607422
440454,1899.0,3102.6923828125,163.38558959960938
366147,1665.0,289.3756103515625,17.37991714477539
366155,861.0,1715.45556640625,199.23989868164062
391016,570.0,3596.95361328125,631.0444946289062
391023,672.0,1415.089111328125,210.5787353515625
399630,644.0,1567.571044921875,243.4116668701172
366177,521.0,1872.10498046875,359.32916259765625
366181,901.0,1420.296875,157.6356201171875
391055,608.0,1616.577880859375,265.884521484375
341205,424.0,1435.6673583984375,338.6007995605469
341212,1487.0,1736.718505859375,116.79344177246094
341222,1014.0,802.2396240234375,79.1163330078125
391074,690.0,1369.9150390625,198.5384063720703
391079,1673.0,83.5438232421875,4.993653774261475
366215,681.0,538.9266357421875,79.13754272460938
366223,468.0,896.3787841796875,191.53392028808594
366231,744.0,2787.147705078125,374.61663818359375
366238,1852.0,2174.593505859375,117.41865539550781
391109,1112.0,2176.42236328125,195.721435546875
399702,1591.0,630.34521484375,39.61943435668945
341273,280.0,2005.908203125,716.3958129882812
341278,1193.0,908.63525390625,76.16389465332031
391134,345.0,962.03759765625,278.8514709472656
391143,524.0,3553.628173828125,678.1732788085938
391155,685.0,1722.81494140625,251.50582885742188
341297,1269.0,982.4853515625,77.42201232910156
366289,1102.0,408.68310546875,37.08557891845703
399746,963.0,1277.14111328125,132.62109375
341316,580.0,1991.69287109375,343.39532470703125
391202,403.0,1285.217529296875,318.91253662109375
341324,1051.0,281.406982421875,26.775163650512695
341329,1092.0,2155.576171875,197.3970947265625
391236,1713.0,404.199462890625,23.595998764038086
366328,716.0,1068.7684326171875,149.2693328857422
366337,773.0,1928.405029296875,249.4702606201172
391250,160.0,1238.1834716796875,773.8646240234375
341365,195.0,1130.0997314453125,579.538330078125
399784,1919.0,158.029541015625,8.234993934631348
341379,343.0,1209.34716796875,352.579345703125
366381,689.0,1821.4677734375,264.3639831542969
341385,2098.0,755.225341796875,35.99739456176758
391290,1409.0,2877.875,204.24948120117188
366401,440.0,1179.8345947265625,268.14422607421875
391303,690.0,1329.8931884765625,192.73814392089844
399815,697.0,1948.363525390625,279.53564453125
341410,893.0,1772.69970703125,198.51060485839844
391320,1051.0,572.571044921875,54.47869110107422
399830,1465.0,1342.3740234375,91.62962341308594
391329,1132.0,1487.99951171875,131.44871520996094
341435,542.0,1262.49267578125,232.93223571777344
399852,897.0,1441.28466796875,160.6783447265625
399863,933.0,1883.85888671875,201.9141387939453
391342,1153.0,1070.058837890625,92.80648803710938
391346,871.0,1929.23876953125,221.4969940185547
341474,456.0,1491.5933837890625,327.10382080078125
399904,789.0,1975.3837890625,250.36549377441406
391356,311.0,1388.8861083984375,446.5871887207031
341501,492.0,3276.9326171875,666.043212890625
399934,825.0,1673.5625,202.85606384277344
391368,253.0,1368.934326171875,541.0807495117188
341516,754.0,1351.383544921875,179.2285919189453
341522,574.0,2622.30322265625,456.84722900390625
366498,247.0,2176.40234375,881.134521484375
399965,1937.0,1334.973876953125,68.91966247558594
391400,269.0,989.12841796875,367.7057189941406
366514,1123.0,1119.914306640625,99.72522735595703
341556,583.0,1970.59716796875,338.0097961425781
399985,1185.0,1733.919677734375,146.32232666015625
366527,215.0,1621.50634765625,754.1890258789062
366531,1325.0,202.8043212890625,15.305987358093262
391441,499.0,1827.113037109375,366.1549072265625
391449,369.0,891.2913818359375,241.54238891601562
366567,2936.0,730.289306640625,24.873615264892578
341627,1597.0,1167.222412109375,73.08843994140625
391478,2262.0,1260.393798828125,55.72032928466797
341640,546.0,1431.18115234375,262.12109375
391497,731.0,2237.88671875,306.14044189453125
391510,498.0,2281.294921875,458.09136962890625
391527,545.0,455.96343994140625,83.66301727294922
391541,981.0,1875.5390625,191.1864471435547
366623,469.0,841.56396484375,179.4379425048828
366634,451.0,1367.368408203125,303.1858825683594
366646,791.0,1731.31787109375,218.87710571289062
391587,1946.0,2005.716796875,103.06869506835938
391601,590.0,1662.9228515625,281.8513488769531
391623,922.0,2427.822021484375,263.3212585449219
391643,791.0,2009.74560546875,254.07655334472656
428758,321.0,1232.836181640625,384.0611267089844
400003,1122.0,1100.68896484375,98.10062408447266
403598,1283.0,108.670166015625,8.47000503540039
417979,1334.0,1131.24365234375,84.80087280273438
410793,320.0,1639.5848388671875,512.3702392578125
432371,692.0,2743.57568359375,396.4704895019531
421583,1432.0,830.640869140625,58.00564956665039
417993,470.0,1369.835205078125,291.45428466796875
432386,1581.0,166.141357421875,10.508624076843262
432392,729.0,1915.265625,262.72503662109375
410808,1301.0,1351.953125,103.91645812988281
432400,466.0,694.552001953125,149.0454864501953
403616,1161.0,988.9012451171875,85.17667388916016
418003,339.0,1483.463134765625,437.5997619628906
400025,1041.0,2620.06591796875,251.68740844726562
418007,840.0,1456.472412109375,173.3895721435547
400029,1142.0,436.6416015625,38.23481369018555
407223,1404.0,469.666015625,33.451995849609375
403625,550.0,2059.21240234375,374.4022521972656
439565,2580.0,2849.8046875,110.45755004882812
421602,700.0,2375.386962890625,339.34100341796875
428793,1082.0,1793.317138671875,165.74095153808594
421609,249.0,1611.78662109375,647.3038940429688
432446,1043.0,999.3504638671875,95.81500244140625
428799,1101.0,506.385009765625,45.993186950683594
410833,180.0,1222.666015625,679.2589111328125
400044,1223.0,2444.562255859375,199.88243103027344
418035,482.0,2130.705810546875,442.05511474609375
403638,229.0,645.7373657226562,281.98138427734375
432475,1511.0,2346.77734375,155.3128662109375
432481,570.0,1491.49853515625,261.6664123535156
407277,213.0,1068.2266845703125,501.5148620605469
428818,856.0,1531.138427734375,178.87130737304688
432491,631.0,1012.50537109375,160.46043395996094
418056,309.0,1501.0654296875,485.78167724609375
410847,2484.0,1587.11181640625,63.89339065551758
403654,880.0,2015.841796875,229.0729217529297
414438,850.0,1158.4747314453125,136.29115295410156
428832,312.0,1147.036865234375,367.6400146484375
418065,1685.0,1469.226806640625,87.19446563720703
407290,401.0,1849.50390625,461.2229309082031
400071,1001.0,1322.8818359375,132.15602111816406
400072,1390.0,1875.0791015625,134.8977813720703
439632,565.0,949.2762451171875,168.01348876953125
428846,947.0,2441.51416015625,257.8156433105469
432535,827.0,1378.30419921875,166.66314697265625
421653,1081.0,1161.40576171875,107.4380874633789
425233,2285.0,1795.59326171875,78.5817642211914
410867,852.0,1845.171875,216.56947326660156
428860,819.0,1771.53369140625,216.30447387695312
428863,574.0,3380.967041015625,589.0186157226562
428866,1319.0,2798.833984375,212.19363403320312
407305,166.0,1005.437744140625,605.6853637695312
439652,813.0,2645.994140625,325.4605407714844
436044,239.0,1301.6107177734375,544.6069946289062
407310,802.0,1779.56591796875,221.89102172851562
403696,1034.0,313.402099609375,30.309680938720703
436049,491.0,1781.61669921875,362.8547058105469
432585,406.0,1220.7509765625,300.6775817871094
425256,535.0,1477.73681640625,276.21246337890625
418111,270.0,778.74560546875,288.42431640625
436057,1014.0,2631.2265625,259.48980712890625
428907,1213.0,2419.528564453125,199.46649169921875
425268,506.0,1539.8267822265625,304.3135986328125
410906,738.0,2410.18896484375,326.5838623046875
421700,560.0,1622.4765625,289.7279357910156
407326,504.0,1169.3494873046875,232.0137939453125
418123,1653.0,1379.154541015625,83.43342590332031
439676,2496.0,2559.1416015625,102.52971649169922
407333,918.0,2326.311279296875,253.4108123779297
425281,573.0,2106.89990234375,367.6963195800781
418131,300.0,1720.4779052734375,573.4926147460938
400122,843.0,2412.07958984375,286.13043212890625
410922,610.0,1071.02978515625,175.5786590576172
403745,219.0,1612.448974609375,736.278076171875
410927,431.0,2315.243896484375,537.1795654296875
428936,551.0,2956.256103515625,536.525634765625
403751,1253.0,1558.7529296875,124.40166473388672
425298,438.0,1837.37060546875,419.4909973144531
421730,1142.0,894.9481201171875,78.36672973632812
418143,1325.0,2340.6220703125,176.65072631835938
428950,273.0,1553.9326171875,569.2061157226562
403761,872.0,1670.876953125,191.6143341064453
410942,881.0,2291.577880859375,260.1109924316406
421741,579.0,1096.261962890625,189.33712768554688
403767,540.0,810.4566650390625,150.08456420898438
432639,1670.0,189.65966796875,11.356866836547852
407370,1960.0,1912.788330078125,97.59123992919922
436101,802.0,0.7611083984375,0.09490130096673965
400155,608.0,1176.935546875,193.57493591308594
403773,1935.0,2381.22900390625,123.06092834472656
421759,339.0,1205.21484375,355.5205993652344
403778,620.0,1940.15185546875,312.927734375
400165,476.0,1214.4373779296875,255.13389587402344
407388,971.0,1360.3212890625,140.09487915039062
439723,1029.0,1465.353515625,142.4055938720703
418178,273.0,1258.630859375,461.0369567871094
436121,616.0,1913.79296875,310.6806640625
429022,682.0,1754.99853515625,257.3311462402344
425332,1524.0,3665.99609375,240.55091857910156
439732,1080.0,1624.71484375,150.43655395507812
403795,454.0,1292.406982421875,284.671142578125
439737,209.0,1051.652099609375,503.1828308105469
414595,1082.0,1788.99951171875,165.3419189453125
436135,1908.0,227.95751953125,11.94745922088623
436136,1459.0,177.30712890625,12.152647972106934
407413,457.0,2006.601318359375,439.08123779296875
432690,272.0,895.3447265625,329.17083740234375
439750,1038.0,1646.71630859375,158.6431884765625
432697,755.0,2158.3232421875,285.8706359863281
400193,590.0,1253.7288818359375,212.49642944335938
429062,1079.0,587.723876953125,54.46931076049805
403815,463.0,1309.2470703125,282.77471923828125
432710,673.0,2698.604248046875,400.9813232421875
403821,574.0,2621.154296875,456.6470947265625
411003,236.0,1345.261474609375,570.0260620117188
425365,1086.0,807.10205078125,74.31878662109375
432725,1738.0,1696.71142578125,97.62435913085938
403827,870.0,1276.955810546875,146.7765350341797
432729,1009.0,2603.00634765625,257.97882080078125
400217,357.0,818.282470703125,229.21078491210938
436158,1386.0,507.5048828125,36.616512298583984
418224,2343.0,119.62353515625,5.105571269989014
403833,1043.0,1956.1298828125,187.5484161376953
436164,1599.0,3462.9755859375,216.5713348388672
432751,189.0,1115.0152587890625,589.9552001953125
436169,931.0,2095.3779296875,225.06744384765625
421835,239.0,1399.650146484375,585.627685546875
429104,1013.0,1138.71337890625,112.4100112915039
407453,359.0,1543.3646240234375,429.90655517578125
407457,362.0,1053.4322509765625,291.0033874511719
436183,330.0,1160.823974609375,351.76483154296875
425397,1242.0,1591.10009765625,128.10789489746094
400269,359.0,937.142333984375,261.04241943359375
414646,596.0,865.8861083984375,145.28289794921875
414650,144.0,1417.983154296875,984.7105102539062
425405,1765.0,316.74169921875,17.94570541381836
411036,922.0,2165.386474609375,234.85752868652344
407471,3138.0,2002.1025390625,63.8018684387207
421851,750.0,1579.946044921875,210.65948486328125
411042,361.0,1439.0819091796875,398.6376647949219
432793,138.0,1515.17138671875,1097.9503173828125
400296,159.0,1104.55322265625,694.6875610351562
432797,510.0,1882.180419921875,369.05499267578125
400300,1759.0,495.537841796875,28.171566009521484
418279,260.0,1654.1456298828125,636.2098388671875
418281,501.0,2166.95654296875,432.5262451171875
418283,682.0,1431.3271484375,209.87200927734375
418285,413.0,702.7010498046875,170.14553833007812
414670,491.0,957.869873046875,195.08551025390625
429203,828.0,2115.33349609375,255.47506713867188
432814,2093.0,2658.7138671875,127.02884674072266
439836,1075.0,1356.34716796875,126.17182922363281
418292,1195.0,1819.560791015625,152.26449584960938
429212,302.0,770.0792236328125,254.99313354492188
421886,1059.0,1723.544189453125,162.75204467773438
400349,219.0,1642.162109375,749.845703125
432830,376.0,2437.55810546875,648.2867431640625
400356,2055.0,2072.03564453125,100.8289794921875
400362,349.0,1876.5908203125,537.705078125
400368,984.0,1412.12451171875,143.5085906982422
418304,1041.0,3135.0048828125,301.1531982421875
403903,224.0,1446.4466552734375,645.735107421875
414698,314.0,1435.7987060546875,457.2607421875
400377,928.0,2045.168701171875,220.38455200195312
403909,1011.0,3029.048828125,299.60919189453125
411094,320.0,1252.880126953125,391.5250244140625
414713,420.0,1842.658447265625,438.7281799316406
407527,638.0,1399.804931640625,219.4051513671875
436220,289.0,1101.4759521484375,381.133544921875
414721,751.0,2326.61572265625,309.8023681640625
425476,711.0,1962.110107421875,275.96484375
403925,425.0,1124.85693359375,264.6722106933594
425484,259.0,1124.291748046875,434.0894775390625
432882,856.0,1937.5615234375,226.35064697265625
421915,3384.0,685.589599609375,20.25973892211914
429254,800.0,1750.84814453125,218.85601806640625
407542,1080.0,812.8499755859375,75.26388549804688
432901,837.0,1104.5543212890625,131.9658660888672
403936,554.0,1056.7894287109375,190.75621032714844
425520,1634.0,181.455078125,11.104962348937988
411119,1304.0,2564.52001953125,196.6656494140625
407552,462.0,2101.201416015625,454.8055114746094
436246,199.0,1313.09814453125,659.8483276367188
436248,530.0,1219.70751953125,230.13348388671875
407559,519.0,1661.30908203125,320.09808349609375
400427,551.0,1320.890380859375,239.72601318359375
436253,791.0,2822.657470703125,356.8467102050781
432949,1161.0,2169.59619140625,186.873046875
425536,177.0,1029.056884765625,581.3880615234375
429288,993.0,1544.294677734375,155.51809692382812
403962,1264.0,255.34442138671875,20.201297760009766
429293,461.0,2679.765869140625,581.2941284179688
411140,1629.0,369.6033935546875,22.688974380493164
432975,262.0,933.7117919921875,356.3785400390625
439879,792.0,1512.73193359375,191.0015106201172
432985,645.0,926.308837890625,143.61376953125
418395,511.0,2035.165771484375,398.27117919921875
432993,401.0,955.9759521484375,238.39801025390625
432998,435.0,1873.7275390625,430.7419738769531
418409,599.0,641.69873046875,107.12833404541016
439895,346.0,1937.85107421875,560.0725708007812
407588,490.0,1548.868408203125,316.0955810546875
433017,1526.0,1568.156982421875,102.76258087158203
414778,1121.0,2979.25634765625,265.7677307128906
411171,680.0,2334.49853515625,343.3086242675781
414782,660.0,2426.218017578125,367.6087951660156
414784,562.0,966.211669921875,171.9237823486328
411177,409.0,1841.0458984375,450.1334533691406
407598,1504.0,4.479248046875,0.29782232642173767
433045,247.0,1144.100341796875,463.1985168457031
439913,1745.0,1920.305419921875,110.04615783691406
404018,959.0,1778.23779296875,185.42625427246094
425580,1474.0,2025.483642578125,137.41409301757812
425581,1842.0,45.2630615234375,2.45727801322937
439922,630.0,2577.534912109375,409.1325378417969
421963,892.0,1728.2373046875,193.7485809326172
400483,1901.0,2432.11669921875,127.93880462646484
421965,1489.0,3023.63720703125,203.06497192382812
418443,279.0,1127.80712890625,404.23193359375
407615,610.0,1665.275390625,272.9959716796875
421972,1177.0,873.2783203125,74.19527435302734
411202,2285.0,385.2333984375,16.859230041503906
418453,891.0,1853.28466796875,208.00051879882812
418456,681.0,2799.127685546875,411.0319519042969
433081,771.0,1914.84716796875,248.35891723632812
421983,849.0,2101.676025390625,247.5472412109375
439947,1270.0,1068.00927734375,84.09521484375
436348,1666.0,917.37353515625,55.06443786621094
411216,371.0,1859.97998046875,501.34228515625
429361,830.0,212.2259521484375,25.56939125061035
414822,869.0,1094.3919677734375,125.93693542480469
411227,829.0,857.918212890625,103.48832702636719
400517,379.0,1307.493896484375,344.9851989746094
429368,750.0,2271.990966796875,302.93212890625
411255,823.0,1458.052001953125,177.16307067871094
436363,661.0,757.7093505859375,114.6307601928711
433122,580.0,691.425537109375,119.2113037109375
404073,794.0,1926.8857421875,242.6808319091797
439966,2281.0,169.13525390625,7.414960861206055
425630,555.0,695.69921875,125.35121154785156
436375,965.0,1897.255126953125,196.60675048828125
425634,911.0,1022.982421875,112.29225158691406
418493,804.0,1678.943359375,208.8238067626953
425638,791.0,1431.2021484375,180.93580627441406
407656,859.0,1109.53564453125,129.1659698486328
404090,650.0,1416.213134765625,217.87893676757812
429394,892.0,1689.40673828125,189.3953857421875
433142,1671.0,1439.189208984375,86.1274185180664
425650,509.0,1386.6719970703125,272.4306640625
433147,412.0,434.96795654296875,105.57475280761719
414859,863.0,1978.780029296875,229.2908477783203
418512,320.0,2337.452880859375,730.4540405273438
439988,321.0,1141.186767578125,355.5098876953125
407688,171.0,1150.59375,672.8618774414062
425661,430.0,1387.0552978515625,322.57098388671875
429421,1074.0,1721.1142578125,160.2527313232422
418519,923.0,970.94775390625,105.19477081298828
404104,941.0,1462.89501953125,155.4617462158203
407717,605.0,747.87890625,123.61634826660156
429430,921.0,1816.28955078125,197.2084197998047
433173,781.0,729.2705078125,93.37650299072266
429434,793.0,1186.7635498046875,149.65492248535156
418532,531.0,1521.42919921875,286.5215148925781
440007,239.0,1247.46337890625,521.951171875
400584,890.0,820.62841796875,92.2054443359375
429443,822.0,2650.732177734375,322.4735107421875
414892,362.0,2359.765869140625,651.8690185546875
433193,832.0,892.441650390625,107.2646255493164
433195,359.0,1516.0242919921875,422.2908935546875
425693,203.0,1562.3997802734375,769.6550903320312
425694,2003.0,1353.654296875,67.58134460449219
404140,689.0,2001.77197265625,290.532958984375
414898,603.0,1617.77294921875,268.2873840332031
414900,432.0,934.9654541015625,216.42718505859375
440026,1903.0,885.65625,46.54000473022461
418577,922.0,1774.98828125,192.51499938964844
411340,1484.0,935.081298828125,63.01087188720703
400608,1736.0,454.5888671875,26.18599510192871
404168,1596.0,1228.131103515625,76.95056915283203
418585,2242.0,2031.45849609375,90.60920715332031
414911,510.0,1589.361328125,311.63946533203125
422096,189.0,1956.094482421875,1034.970703125
436449,482.0,734.807861328125,152.44976806640625
433230,172.0,1357.32080078125,789.1400146484375
407761,91.0,989.761474609375,1087.6500244140625
425713,1643.0,653.25390625,39.759822845458984
411361,1032.0,1179.230224609375,114.26649475097656
407769,1868.0,40.80859375,2.1846141815185547
418601,142.0,1052.3138427734375,741.0661010742188
425720,1127.0,1811.8193359375,160.76480102539062
414930,170.0,1487.30029296875,874.8825073242188
404194,1133.0,1853.423583984375,163.58547973632812
414935,490.0,1736.73876953125,354.4364929199219
404197,932.0,2234.592529296875,239.7631378173828
433256,620.0,2451.35498046875,395.37982177734375
404203,460.0,930.9385986328125,202.37796020507812
411381,1164.0,708.0640869140625,60.83024597167969
400655,600.0,717.4364013671875,119.57273864746094
414947,899.0,2244.35986328125,249.6507110595703
418626,89.0,971.4466552734375,1091.5130615234375
400665,701.0,3065.78466796875,437.3444519042969
411393,563.0,998.968994140625,177.436767578125
422141,419.0,1049.39697265625,250.45272827148438
418632,419.0,1557.6258544921875,371.7484130859375
404213,2068.0,2954.5751953125,142.8711395263672
425750,573.0,1323.380126953125,230.95639038085938
440077,2013.0,1051.834716796875,52.25209426879883
425756,677.0,2368.903564453125,349.9118957519531
411406,139.0,1660.431396484375,1194.5550537109375
422154,1773.0,780.696533203125,44.03251647949219
425770,361.0,886.7445068359375,245.63560485839844
411413,239.0,1824.426513671875,763.3583374023438
433300,722.0,1339.2587890625,185.49290466308594
425792,1812.0,445.8614501953125,24.606040954589844
407819,486.0,2689.16162109375,553.325439453125
425813,254.0,1468.39306640625,578.1074829101562
411436,411.0,406.5670166015625,98.92141723632812
422168,811.0,1872.294921875,230.8625030517578
404240,1611.0,1491.1845703125,92.56266784667969
411441,620.0,2920.608642578125,471.06591796875
440106,1296.0,1702.246337890625,131.34616088867188
418662,520.0,1578.86669921875,303.6282043457031
436516,398.0,1500.668701171875,377.05242919921875
422183,279.0,1505.4150390625,539.5753173828125
404256,350.0,1591.59326171875,454.740966796875
404260,335.0,2168.04248046875,647.1768188476562
440115,149.0,1618.027587890625,1085.924560546875
425833,680.0,1715.20068359375,252.23538208007812
422193,379.0,1274.512451171875,336.282958984375
440118,2862.0,1090.437744140625,38.100547790527344
433335,270.0,1279.111083984375,473.744873046875
400738,1429.0,843.43212890625,59.02254104614258
433340,439.0,1545.3597412109375,352.0181579589844
418687,258.0,1357.39794921875,526.1232299804688
404276,582.0,960.810791015625,165.08775329589844
400745,942.0,1029.4677734375,109.28533172607422
436547,1517.0,969.226318359375,63.890987396240234
404279,1323.0,1940.162109375,146.648681640625
418698,1139.0,40.962158203125,3.5963263511657715
440142,610.0,483.254638671875,79.2220687866211
425858,961.0,1024.6756591796875,106.6259765625
415029,2134.0,1401.71533203125,65.68487548828125
436564,982.0,2870.938232421875,292.3562316894531
425868,701.0,2020.51708984375,288.2335510253906
418710,365.0,1227.04736328125,336.1773376464844
422224,978.0,2349.7958984375,240.26544189453125
422226,1318.0,2722.25537109375,206.54441833496094
425876,1434.0,80.274169921875,5.597919940948486
436581,1142.0,2217.275146484375,194.15719604492188
440164,389.0,1375.54345703125,353.6101379394531
440166,1673.0,1795.71826171875,107.33522033691406
404306,1237.0,476.9619140625,38.55795669555664
407902,165.0,1262.349365234375,765.0602416992188
433382,1062.0,1475.43017578125,138.9293975830078
407905,1056.0,3353.7099609375,317.5861511230469
400777,590.0,1784.802490234375,302.5089111328125
436596,451.0,1251.749267578125,277.5497131347656
440179,1584.0,1245.3056640625,78.61778259277344
440181,541.0,2430.449462890625,449.25128173828125
411516,1459.0,153.7568359375,10.538508415222168
404339,348.0,774.16650390625,222.4616241455078
433401,1552.0,1887.1484375,121.59461975097656
407922,266.0,1334.988037109375,501.8752136230469
407925,231.0,1528.766845703125,661.8038330078125
407928,393.0,2058.0185546875,523.6688842773438
404360,1208.0,1194.0595703125,98.84598541259766
422280,1914.0,408.56201171875,21.345977783203125
404366,1407.0,2485.65576171875,176.66351318359375
436615,961.0,1854.75048828125,193.00213623046875
433416,330.0,902.8292236328125,273.5845947265625
400799,460.0,995.7799072265625,216.47389221191406
436623,650.0,1662.3095703125,255.73992919921875
400805,790.0,1639.42822265625,207.52255249023438
400808,289.0,1824.7607421875,631.4050903320312
407948,1230.0,1947.843017578125,158.36122131347656
400813,389.0,1460.396240234375,375.4231872558594
418807,821.0,706.20751953125,86.0179672241211
425936,801.0,1423.66845703125,177.73638916015625
425938,497.0,1220.4951171875,245.57244873046875
400822,1714.0,111.0322265625,6.477959632873535
411557,1205.0,1157.046875,96.02049255371094
440232,872.0,1533.30029296875,175.83718872070312
436647,621.0,1594.536865234375,256.76922607421875
433460,209.0,908.3546142578125,434.6194152832031
425953,421.0,3116.6123046875,740.2879638671875
422316,1114.0,3078.5107421875,276.34747314453125
429672,480.0,1206.722900390625,251.40061950683594
411570,440.0,1316.7509765625,299.2615966796875
400836,2192.0,498.1435546875,22.725526809692383
436661,2905.0,575.230224609375,19.80138397216797
436663,1506.0,2292.097900390625,152.19772338867188
415093,128.0,1065.233154296875,832.21337890625
411577,1598.0,171.866943359375,10.755127906799316
411579,825.0,2333.10986328125,282.80120849609375
418844,570.0,1389.722412109375,243.81094360351562
400852,641.0,873.3046875,136.24098205566406
415107,78.0,1098.0518798828125,1407.7587890625
404451,1348.0,1451.92431640625,107.70951843261719
425973,854.0,1441.245361328125,168.7640838623047
404457,681.0,1969.624267578125,289.22528076171875
411593,674.0,2328.1787109375,345.4270935058594
404465,627.0,2035.510498046875,324.642822265625
433483,939.0,1200.990234375,127.90098571777344
429717,439.0,1421.38671875,323.7782897949219
400875,382.0,999.562255859375,261.6654968261719
440270,601.0,1718.500244140625,285.9401550292969
433491,578.0,1184.0478515625,204.8525848388672
433496,905.0,1324.84814453125,146.39205932617188
404473,1243.0,812.94189453125,65.40160369873047
436694,753.0,1406.51171875,186.78775024414062
411620,981.0,1628.98974609375,166.0540008544922
440278,900.0,1968.66796875,218.7408905029297
425995,591.0,904.7138671875,153.0818634033203
404483,1473.0,1144.52783203125,77.7004623413086
400894,223.0,1087.210205078125,487.5382080078125
436704,1102.0,2224.912841796875,201.89772033691406
408017,1161.0,1666.39892578125,143.53134155273438
408020,210.0,1042.1279296875,496.25140380859375
440292,520.0,3165.504638671875,608.7509155273438
400906,420.0,2401.35546875,571.7512817382812
408026,816.0,1320.93603515625,161.87942504882812
440298,780.0,2174.46533203125,278.777587890625
404506,379.0,1261.038818359375,332.7279052734375
436720,340.0,1842.2841796875,541.8482666015625
411649,921.0,1606.15966796875,174.39300537109375
411652,520.0,1177.0123291015625,226.34852600097656
400921,1288.0,2823.9501953125,219.25079345703125
426023,1562.0,260.677001953125,16.688669204711914
411659,360.0,2384.117431640625,662.2548828125
436733,1381.0,487.6043701171875,35.30806350708008
436735,534.0,2249.4052734375,421.2369384765625
422407,939.0,878.949462890625,93.6048355102539
426034,401.0,1186.862060546875,295.9755554199219
411667,565.0,1337.0789794921875,236.65115356445312
408055,309.0,1761.95654296875,570.2124633789062
426041,309.0,1795.27392578125,580.9948120117188
408060,664.0,1948.7294921875,293.48333740234375
429781,300.0,1439.1817626953125,479.7272644042969
426047,500.0,1654.5595703125,330.91192626953125
440331,1062.0,1664.099609375,156.6948699951172
433566,350.0,1001.5133056640625,286.14666748046875
404537,330.0,1170.470703125,354.6881103515625
404539,1112.0,1165.3720703125,104.79965209960938
404541,563.0,2407.947265625,427.6993408203125
422435,369.0,600.4285888671875,162.7177734375
426084,1073.0,2792.706787109375,260.2709045410156
415186,360.0,1246.1080322265625,346.14111328125
411693,356.0,1111.4658203125,312.2095031738281
415191,150.0,1286.0712890625,857.380859375
404547,564.0,1516.39501953125,268.8643798828125
436775,350.0,1176.0438232421875,336.0125427246094
440354,570.0,940.489501953125,164.9981689453125
400971,1189.0,3551.916015625,298.73138427734375
415202,731.0,1903.051025390625,260.3352966308594
429811,2071.0,2048.201171875,98.89913940429688
400978,819.0,1378.57470703125,168.3241424560547
433586,1301.0,1663.0595703125,127.8293228149414
418952,972.0,1859.6865234375,191.32577514648438
408112,1453.0,3613.630859375,248.70135498046875
415215,1011.0,2057.1181640625,203.47361755371094
408116,729.0,1882.1171875,258.1779479980469
429825,598.0,1902.94677734375,318.218505859375
404563,876.0,2078.589111328125,237.28187561035156
429831,771.0,1564.66259765625,202.93936157226562
436809,169.0,1184.5361328125,700.908935546875
426122,317.0,782.558837890625,246.86398315429688
415226,815.0,1561.28515625,191.5687255859375
426128,339.0,1001.350341796875,295.3835754394531
422488,1237.0,2386.365234375,192.91552734375
411738,409.0,1296.440185546875,316.9780578613281
411739,1641.0,619.90625,37.776126861572266
436826,389.0,1107.0784912109375,284.59600830078125
418986,620.0,2702.783935546875,435.932861328125
429848,460.0,845.9072265625,183.8928680419922
411745,379.0,2236.94580078125,590.22314453125
440377,320.0,1633.0076904296875,510.31488037109375
418994,646.0,2154.13232421875,333.45703125
429854,1192.0,1489.70361328125,124.97513580322266
436840,874.0,1012.9276123046875,115.8956069946289
440383,1533.0,1426.315673828125,93.04080963134766
415247,1851.0,1077.646728515625,58.21970748901367
408189,1047.0,981.979248046875,93.78980255126953
411757,651.0,984.333740234375,151.20333862304688
415253,209.0,1167.8134765625,558.7623901367188
415256,199.0,863.6082763671875,433.9740295410156
415258,669.0,2984.125732421875,446.0576477050781
404607,487.0,1093.14697265625,224.46548461914062
440395,1047.0,2164.15625,206.70068359375
411773,401.0,1598.9068603515625,398.7298889160156
433658,1011.0,1447.486328125,143.17372131347656
404615,412.0,1411.074951171875,342.4939270019531
411781,832.0,2645.980224609375,318.0264587402344
429885,1030.0,1856.429931640625,180.2359161376953
401033,1609.0,2353.976318359375,146.3005828857422
404623,1518.0,1128.45947265625,74.33856964111328
411789,791.0,1406.2275390625,177.7784423828125
422539,1110.0,3.53515625,0.31848254799842834
419031,220.0,1207.658935546875,548.9359130859375
426229,370.0,1199.368896484375,324.15374755859375
429900,974.0,1393.210693359375,143.0401153564453
408238,938.0,1573.11572265625,167.70956420898438
436883,317.0,1018.4095458984375,321.26483154296875
411802,540.0,1686.29296875,312.2764892578125
411805,611.0,1123.396728515625,183.8619842529297
411807,879.0,2113.730224609375,240.46987915039062
426244,1063.0,1210.701171875,113.89474487304688
426246,580.0,3290.504150390625,567.3283081054688
440428,330.0,1154.52880859375,349.8572082519531
404648,3061.0,518.614990234375,16.942665100097656
408272,632.0,1775.57275390625,280.945068359375
433692,702.0,1801.45556640625,256.6175842285156
411824,1001.0,1132.513916015625,113.13825988769531
429921,510.0,1218.9522705078125,239.01023864746094
408283,865.0,1737.8173828125,200.90374755859375
429926,1333.0,822.2984619140625,61.687808990478516
433702,971.0,943.6544189453125,97.18376922607422
404661,1410.0,1148.233642578125,81.43501281738281
408289,715.0,2635.697021484375,368.62896728515625
433710,592.0,2976.455078125,502.7795715332031
436933,628.0,924.5740966796875,147.2251739501953
419068,1100.0,1492.110107421875,135.64637756347656
433718,262.0,877.31591796875,334.8534240722656
411869,931.0,2050.1123046875,220.2053985595703
429944,690.0,2745.268310546875,397.8649597167969
419076,1447.0,1041.9755859375,72.00936889648438
433723,2289.0,504.01904296875,22.019180297851562
426290,1534.0,685.150634765625,44.6643180847168
419084,658.0,1233.8741455078125,187.5188751220703
440448,171.0,1317.64697265625,770.5537719726562
408311,1009.0,1818.08642578125,180.1869659423828
440451,1163.0,1285.2119140625,110.50833129882812
404691,459.0,1991.14990234375,433.80169677734375
415351,906.0,843.0672607421875,93.05377960205078
404693,2124.0,1618.83984375,76.21656799316406
415358,529.0,1962.0625,370.9002685546875
436977,551.0,997.928955078125,181.11233520507812
415366,1173.0,2050.64111328125,174.82020568847656
411899,1845.0,1323.947998046875,71.75869750976562
440469,700.0,1867.5302734375,266.7900390625
419109,1704.0,22.947265625,1.3466705083847046
401124,2296.0,125.34228515625,5.459158897399902
429980,240.0,1668.8431396484375,695.351318359375
426321,1394.0,910.71142578125,65.33080291748047
422652,808.0,1491.3134765625,184.56849670410156
429992,411.0,761.8897705078125,185.3746337890625
429994,1092.0,1807.0947265625,165.48486328125
408336,611.0,692.510986328125,113.34059143066406
408341,733.0,1552.407958984375,211.78826904296875
415389,204.0,1502.9910888671875,736.7603149414062
437022,91.0,1096.959228515625,1205.44970703125
401143,772.0,821.86376953125,106.45903015136719
415394,611.0,1170.9295654296875,191.64149475097656
437032,492.0,1486.2349853515625,302.08026123046875
408366,1047.0,749.1851806640625,71.55541229248047
419133,1574.0,1428.887451171875,90.78065490722656
422710,330.0,1505.4537353515625,456.1981201171875
419138,480.0,2697.0107421875,561.8772583007812
419141,270.0,2081.901611328125,771.07470703125
401155,599.0,1779.805419921875,297.12945556640625
426354,2971.0,1345.515380859375,45.288299560546875
433815,1162.0,1150.626220703125,99.02118682861328
426356,1639.0,1836.589599609375,112.05549621582031
440509,3153.0,978.46142578125,31.032711029052734
408406,1160.0,1845.254150390625,159.07363891601562
419158,604.0,1756.47265625,290.8067321777344
430062,1577.0,943.9730224609375,59.85877990722656
440517,1472.0,513.0953369140625,34.85702133178711
404743,1604.0,1710.6005859375,106.64591979980469
437076,1354.0,1718.6005859375,126.92765808105469
437080,1043.0,2721.1982421875,260.90106201171875
433831,1103.0,1480.220458984375,134.19949340820312
433833,190.0,1681.0052490234375,884.7395629882812
401186,1103.0,5159.96484375,467.8118591308594
408419,863.0,1123.1962890625,130.15020751953125
433840,1313.0,797.492919921875,60.73822784423828
426379,790.0,2714.60400390625,343.6207580566406
411978,500.0,1943.63671875,388.72735595703125
415437,1012.0,2405.16748046875,237.66476440429688
440541,462.0,582.413818359375,126.0635986328125
408432,430.0,2042.4619140625,474.9911193847656
433848,1482.0,690.55029296875,46.5958366394043
422769,888.0,2474.52783203125,278.66302490234375
401205,1152.0,1156.61083984375,100.4002456665039
426393,973.0,1822.5625,187.313720703125
401209,351.0,1368.162841796875,389.78997802734375
415454,360.0,1145.87255859375,318.2979431152344
437123,531.0,1740.292724609375,327.7387390136719
408450,672.0,2042.057373046875,303.8775939941406
426404,1172.0,1687.7939453125,144.0097198486328
404782,684.0,1271.3709716796875,185.87295532226562
433867,671.0,1158.5872802734375,172.66575622558594
440568,492.0,1527.9361572265625,310.5561218261719
430110,829.0,2315.2431640625,279.2814636230469
404790,1051.0,1307.102783203125,124.36753845214844
412015,240.0,1051.12744140625,437.96978759765625
437142,1696.0,680.4580078125,40.12134552001953
415472,278.0,1059.91162109375,381.26318359375
426416,1091.0,1934.36279296875,177.30181884765625
415475,942.0,2290.104248046875,243.11083984375
408474,480.0,1709.56787109375,356.15997314453125
408478,220.0,903.331298828125,410.6051330566406
422825,1343.0,1910.411376953125,142.24954223632812
404807,624.0,2796.611572265625,448.1749572753906
415483,802.0,2258.185302734375,281.5692443847656
433894,769.0,2392.4140625,311.1071472167969
440595,1315.0,1921.1328125,146.09375
433898,711.0,1552.421875,218.34344482421875
415491,623.0,1455.758544921875,233.6691131591797
404822,911.0,2579.5576171875,283.1567077636719
415497,307.0,1124.330810546875,366.2315368652344
401253,1005.0,1372.372802734375,136.55450439453125
437199,229.0,785.9247436523438,343.1985778808594
412057,379.0,1342.38232421875,354.1905822753906
404840,1276.0,396.1265869140625,31.044403076171875
415505,1290.0,1299.41162109375,100.72958374023438
419259,2056.0,338.27392578125,16.45301055908203
437215,1232.0,1881.48583984375,152.71800231933594
401263,266.0,949.2847900390625,356.8739929199219
440621,390.0,1243.1668701171875,318.7607421875
419268,521.0,679.5797119140625,130.43756103515625
408508,580.0,1235.143798828125,212.95582580566406
433931,640.0,1955.8115234375,305.5955505371094
415522,759.0,1888.47021484375,248.81031799316406
422875,895.0,2453.683349609375,274.1545715332031
422879,344.0,1382.6934814453125,401.9457702636719
419283,592.0,1626.36474609375,274.7237548828125
415544,1015.0,312.88037109375,30.825653076171875
415546,721.0,1643.70263671875,227.9753875732422
422889,1152.0,1798.391357421875,156.1103515625
430184,872.0,1851.572998046875,212.3363494873047
412091,989.0,1872.670654296875,189.34991455078125
401296,1064.0,1100.82470703125,103.46096801757812
404882,1635.0,96.2076416015625,5.8842597007751465
401300,770.0,2117.978515625,275.0621643066406
415586,631.0,1522.0166015625,241.2070770263672
419305,1559.0,982.00048828125,62.98912811279297
433963,1183.0,1028.6904296875,86.9560775756836
440661,389.0,984.8017578125,253.16241455078125
419311,1351.0,177.303955078125,13.12390422821045
412106,903.0,1733.64306640625,191.98704528808594
401318,1046.0,1760.4404296875,168.30213928222656
430206,542.0,1623.67626953125,299.5712890625
426520,1144.0,2611.849853515625,228.30856323242188
422915,1061.0,1109.733154296875,104.59313201904297
440669,271.0,1824.916015625,673.4007568359375
401339,318.0,1119.073486328125,351.909912109375
408558,210.0,1344.41748046875,640.1987915039062
422922,1563.0,843.20947265625,53.94813919067383
408566,314.0,1370.101318359375,436.3379821777344
419333,1011.0,917.3001708984375,90.73196411132812
437287,841.0,1225.08544921875,145.6700897216797
430222,1443.0,3442.6513671875,238.57598876953125
434001,912.0,1011.9013671875,110.95409393310547
422930,520.0,1678.638671875,322.81512451171875
422932,891.0,3537.640625,397.0415954589844
422934,229.0,1333.7010498046875,582.4021606445312
401386,314.0,1878.19775390625,598.1521606445312
440692,698.0,1797.8466796875,257.5711364746094
408595,681.0,2426.9404296875,356.37890625
440699,579.0,1705.5986328125,294.5766296386719
434011,1596.0,1513.470947265625,94.8290023803711
440703,158.0,1040.260498046875,658.3927001953125
404955,563.0,1300.7557373046875,231.04010009765625
412144,922.0,932.5369873046875,101.14283752441406
434017,961.0,2519.7197265625,262.19769287109375
415642,466.0,1398.08056640625,300.01727294921875
430249,350.0,1434.600830078125,409.88592529296875
404966,1225.0,579.399658203125,47.29793167114258
440715,961.0,1249.0615234375,129.97518920898438
430252,3268.0,1166.8505859375,35.70534133911133
440717,1533.0,907.150390625,59.17484664916992
412157,2753.0,1458.306640625,52.9715461730957
415663,1286.0,1034.33349609375,80.43029022216797
440724,1412.0,1267.161865234375,89.74234771728516
401428,1311.0,1049.45751953125,80.05015563964844
437334,372.0,1437.169677734375,386.3359375
401433,767.0,1270.0318603515625,165.58433532714844
440736,741.0,767.3104248046875,103.5506591796875
408661,389.0,1836.24951171875,472.0435485839844
426630,513.0,1856.857421875,361.96051025390625
401438,735.0,1692.598388671875,230.28550720214844
412171,200.0,1116.982421875,558.4912109375
401442,934.0,1495.242919921875,160.09024047851562
405006,441.0,1743.205078125,395.28460693359375
405010,778.0,1217.3602294921875,156.47303771972656
426643,224.0,963.14453125,429.9752197265625
401445,1450.0,861.35791015625,59.40399169921875
434051,1624.0,234.5560302734375,14.443105697631836
437363,300.0,722.7853393554688,240.92843627929688
408703,340.0,2693.23681640625,792.1284790039062
430292,934.0,1359.384765625,145.54440307617188
426655,1185.0,2083.285400390625,175.80467224121094
426656,1452.0,107.6328125,7.4127278327941895
434061,392.0,2042.16748046875,520.9611206054688
423001,437.0,1395.986328125,319.4476623535156
415718,692.0,2885.06884765625,416.91748046875
415720,1072.0,1623.60986328125,151.45614624023438
437384,861.0,1422.89208984375,165.26040649414062
408733,1055.0,1009.9853515625,95.73320770263672
415726,311.0,2196.875244140625,706.3907470703125
430311,510.0,1159.722412109375,227.3965606689453
434077,399.0,1401.421630859375,351.2334899902344
415733,681.0,2069.21728515625,303.8498229980469
426679,1362.0,1784.849365234375,131.0462188720703
412202,540.0,722.73193359375,133.83924865722656
440804,847.0,1261.828369140625,148.9761962890625
440807,651.0,1280.700927734375,196.72825622558594
423023,500.0,1498.1492919921875,299.6298522949219
412210,641.0,2385.413330078125,372.13934326171875
440812,575.0,961.896728515625,167.286376953125
408757,1033.0,1527.080078125,147.82962036132812
440817,295.0,841.315185546875,285.19158935546875
419427,540.0,1316.5882568359375,243.81263732910156
405079,2781.0,3610.166015625,129.8153839111328
426698,413.0,819.6663818359375,198.4664306640625
405088,1029.0,685.54443359375,66.62239074707031
434104,760.0,1590.59814453125,209.28924560546875
419438,639.0,891.9208984375,139.5807342529297
434108,421.0,901.8804931640625,214.223388671875
412229,802.0,2119.522705078125,264.2796325683594
440832,1140.0,1645.80712890625,144.36904907226562
405115,504.0,1330.6732177734375,264.0224609375
405119,957.0,920.4451904296875,96.1802749633789
405123,642.0,1219.4461669921875,189.94488525390625
405128,391.0,585.3207397460938,149.69839477539062
434122,866.0,1392.32861328125,160.7769775390625
426716,570.0,2170.999755859375,380.8771667480469
437444,410.0,917.603271484375,223.8056640625
426720,1391.0,1947.15087890625,139.98208618164062
440853,718.0,2335.014404296875,325.2109375
415778,639.0,1810.926025390625,283.4000244140625
434138,321.0,991.26953125,308.80670166015625
419461,273.0,1162.5506591796875,425.84271240234375
419464,394.0,1322.831298828125,335.7439880371094
423063,521.0,1015.228759765625,194.861572265625
440864,159.0,1227.2607421875,771.8621215820312
437458,269.0,1626.7470703125,604.7386474609375
440868,779.0,1492.90771484375,191.6441192626953
415799,293.0,1163.20703125,396.99896240234375
423075,560.0,1866.65185546875,333.3306884765625
412268,239.0,1309.6925048828125,547.988525390625
437467,139.0,1280.8017578125,921.4401245117188
437469,559.0,1651.91845703125,295.51312255859375
434161,640.0,774.8345947265625,121.06790161132812
405169,511.0,1681.294189453125,329.0203857421875
415809,1296.0,1791.052978515625,138.1985321044922
437477,2906.0,339.749755859375,11.691320419311523
430402,1131.0,788.4541015625,69.71300506591797
423093,410.0,1059.6749267578125,258.4573059082031
423094,1952.0,3035.1728515625,155.49041748046875
440898,570.0,1345.39697265625,236.03456115722656
423098,669.0,2578.926513671875,385.4897766113281
412288,1112.0,283.363525390625,25.482332229614258
440903,331.0,1111.008544921875,335.6521301269531
423106,549.0,662.5867919921875,120.68975830078125
408878,785.0,308.46875,39.295379638671875
434182,432.0,799.1239013671875,184.9823760986328
426771,581.0,662.406982421875,114.01152801513672
401595,632.0,1958.5166015625,309.8918762207031
401599,402.0,1474.6353759765625,366.82470703125
430425,628.0,2933.4052734375,467.1027526855469
437497,309.0,1049.7357177734375,339.7203063964844
405206,249.0,1530.1087646484375,614.5015258789062
408894,671.0,1926.5986328125,287.12347412109375
430432,1072.0,1012.528076171875,94.4522476196289
430434,399.0,1246.072998046875,312.2989807128906
426785,795.0,1937.021484375,243.6505126953125
408905,1687.0,49.7760009765625,2.9505631923675537
440926,1025.0,2077.583740234375,202.69110107421875
412310,1062.0,774.6478271484375,72.9423599243164
401640,95.0,987.1357421875,1039.0902099609375
437515,801.0,2527.109375,315.4942932128906
408914,1142.0,2272.089599609375,198.95706176757812
440943,1458.0,596.8203125,40.93417739868164
434213,877.0,2004.1796875,228.52676391601562
412317,1403.0,1319.72509765625,94.06450653076172
412319,180.0,1351.8505859375,751.0281372070312
440956,302.0,1630.5679931640625,539.9232177734375
419553,2385.0,1180.515625,49.49750900268555
426831,813.0,1782.72509765625,219.27737426757812
412325,244.0,1455.97509765625,596.7111206054688
405267,252.0,928.614501953125,368.4978332519531
412328,528.0,2511.33349609375,475.63134765625
426837,624.0,1104.572021484375,177.01473999023438
437539,249.0,1395.385009765625,560.3955688476562
430465,309.0,1449.9599609375,469.2427062988281
415880,634.0,1672.271728515625,263.7652587890625
426847,580.0,1751.9794921875,302.0654296875
426849,778.0,2355.021728515625,302.7020263671875
401694,999.0,1485.4873046875,148.69741821289062
405298,978.0,1673.37451171875,171.1016845703125
423166,171.0,860.06787109375,502.96368408203125
405307,680.0,1890.996826171875,278.0877685546875
426861,1022.0,1462.06884765625,143.0595703125
430481,1203.0,553.9228515625,46.04512405395508
440995,799.0,2075.99609375,259.8243103027344
430485,2135.0,100.0364990234375,4.685550212860107
440999,973.0,1709.5224609375,175.696044921875
430489,379.0,1973.912109375,520.8211669921875
405327,472.0,1046.9058837890625,221.80209350585938
408956,3105.0,578.65234375,18.636146545410156
430496,1141.0,1681.829345703125,147.39959716796875
437582,786.0,1847.588134765625,235.06210327148438
441014,920.0,696.4002685546875,75.6956787109375
423190,219.0,1198.1513671875,547.10107421875
412371,792.0,2601.8056640625,328.51080322265625
426881,379.0,989.4141845703125,261.05914306640625
423197,924.0,2769.415771484375,299.7203063964844
401746,1030.0,619.181884765625,60.11474609375
401753,482.0,2287.414794921875,474.5673522949219
426886,2384.0,1588.48779296875,66.63119506835938
434270,1200.0,541.314208984375,45.10951614379883
423206,309.0,1190.288818359375,385.2067565917969
434277,812.0,1950.92724609375,240.26197814941406
441029,955.0,416.2635498046875,43.587806701660156
412391,561.0,2475.829345703125,441.32427978515625
408989,209.0,1398.685546875,669.2275390625
408992,270.0,1650.5411376953125,611.3115234375
412399,701.0,1768.19189453125,252.23851013183594
412402,178.0,2578.603515625,1448.6536865234375
423225,88.0,778.1173706054688,884.2243041992188
419629,549.0,1739.0546875,316.7677001953125
401774,623.0,2613.62646484375,419.522705078125
405374,686.0,1294.49658203125,188.70213317871094
415970,200.0,1051.151611328125,525.5758056640625
415972,220.0,1145.083984375,520.49267578125
441046,557.0,1978.37939453125,355.184814453125
412418,590.0,1773.390625,300.5746765136719
426917,379.0,1068.12255859375,281.8265380859375
437640,230.0,1275.42333984375,554.5319213867188
441052,189.0,1460.152099609375,772.5672607421875
405393,788.0,1611.377685546875,204.48956298828125
401791,1405.0,1307.23974609375,93.04197692871094
423249,826.0,664.576416015625,80.45719146728516
415989,721.0,2610.8818359375,362.1195373535156
409020,740.0,573.07177734375,77.44213104248047
409023,603.0,1097.2659912109375,181.96783447265625
426931,755.0,1719.008544921875,227.68325805664062
426935,187.0,964.1875,515.6083374023438
412449,881.0,1866.900390625,211.90695190429688
434331,853.0,1300.50244140625,152.46218872070312
405419,750.0,1853.344482421875,247.11260986328125
430564,464.0,1973.71142578125,425.36883544921875
430566,1365.0,1884.5986328125,138.0658416748047
409038,825.0,2017.420166015625,244.53578186035156
401820,531.0,752.93896484375,141.79641723632812
437672,630.0,1791.82861328125,284.417236328125
430571,1868.0,736.2210693359375,39.412261962890625
423274,748.0,645.80322265625,86.33732604980469
434343,960.0,1116.29296875,116.280517578125
441084,465.0,1495.8680419921875,321.6920471191406
426972,239.0,746.885498046875,312.50439453125
441089,414.0,1328.3756103515625,320.8636779785156
405456,525.0,2768.103759765625,527.2578735351562
430584,301.0,1855.0986328125,616.3118286132812
419709,1584.0,2508.859375,158.38758850097656
405468,590.0,1746.37109375,295.9950866699219
419715,349.0,1530.95947265625,438.67034912109375
426994,320.0,2139.2265625,668.50830078125
401839,488.0,2090.806640625,428.4440002441406
437695,2237.0,1487.826904296875,66.50991821289062
401845,952.0,2136.70947265625,224.44427490234375
434363,218.0,1628.3609619140625,746.95458984375
441116,691.0,1986.759765625,287.5195007324219
441119,160.0,1432.4864501953125,895.3040161132812
401856,1484.0,1126.392578125,75.9024658203125
437704,480.0,1277.052978515625,266.0527038574219
405490,543.0,1442.7879638671875,265.706787109375
401869,837.0,1906.685546875,227.79994201660156
401873,1973.0,1490.29931640625,75.53468322753906
409112,1157.0,1952.637451171875,168.7672882080078
430611,871.0,1567.271240234375,179.93930053710938
437713,772.0,1432.27294921875,185.527587890625
427030,422.0,2044.1591796875,484.39788818359375
441133,893.0,1708.67724609375,191.3412322998047
437717,1612.0,823.24560546875,51.06982421875
409127,604.0,2080.248291015625,344.4119567871094
423353,2053.0,182.3406982421875,8.881670951843262
430625,2337.0,663.608642578125,28.395748138427734
419757,440.0,2779.729248046875,631.7566528320312
437726,1924.0,2168.627197265625,112.71451568603516
430631,831.0,1561.03759765625,187.85049438476562
437731,800.0,1132.24755859375,141.53094482421875
416083,329.0,2011.429443359375,611.376708984375
423365,715.0,1259.504638671875,176.1544952392578
437736,851.0,2109.38037109375,247.8707733154297
409156,563.0,1123.90478515625,199.6278533935547
419769,550.0,1739.90869140625,316.3470153808594
409163,1359.0,1611.735107421875,118.59713745117188
409169,721.0,1793.491943359375,248.7506103515625
409174,140.0,1269.650634765625,906.8933715820312
427071,1140.0,1650.27587890625,144.7610321044922
441171,491.0,1364.5352783203125,277.909423828125
437750,349.0,651.8175048828125,186.76719665527344
401917,563.0,2165.41650390625,384.62103271484375
412534,981.0,3052.908203125,311.2037048339844
437760,840.0,1978.9921875,235.59429931640625
427082,1084.0,2256.598388671875,208.17327880859375
437765,219.0,1266.4149169921875,578.2716674804688
430676,323.0,1203.2734375,372.5304870605469
409199,282.0,1442.759521484375,511.6168518066406
434447,299.0,1165.7991943359375,389.8993835449219
419795,279.0,1070.203125,383.5853576660156
405555,2647.0,2500.21435546875,94.45464324951172
423400,652.0,1052.657470703125,161.45053100585938
427101,711.0,2067.7724609375,290.825927734375
423405,951.0,1075.1903076171875,113.05891418457031
416141,571.0,1217.6865234375,213.25506591796875
401944,1443.0,2763.109375,191.48367309570312
405563,1895.0,1472.344970703125,77.69630432128906
430697,1939.0,1746.490966796875,90.07173919677734
437788,509.0,2936.60546875,576.9362182617188
427119,540.0,2408.288330078125,445.97930908203125
419815,610.0,1803.583251953125,295.6694030761719
430702,1024.0,1865.61962890625,182.18942260742188
409242,998.0,2105.9658203125,211.01861572265625
437800,592.0,2436.95751953125,411.6482238769531
427126,1484.0,1015.673828125,68.44163513183594
401965,400.0,2271.56689453125,567.8917236328125
419824,1201.0,1151.803466796875,95.90370178222656
409263,721.0,898.07421875,124.55953216552734
416159,681.0,1698.22216796875,249.37184143066406
441233,569.0,1452.6302490234375,255.29530334472656
412610,912.0,1636.48779296875,179.439453125
441236,249.0,1170.676025390625,470.1510009765625
419835,1127.0,265.109619140625,23.523479461669922
419837,743.0,779.218994140625,104.87469482421875
434499,715.0,1037.42529296875,145.0944366455078
423447,430.0,2106.94873046875,489.98809814453125
427152,230.0,1290.125732421875,560.9242553710938
405599,433.0,1648.71142578125,380.7647705078125
412626,1011.0,1849.739501953125,182.9613800048828
416180,922.0,985.4971923828125,106.88690185546875
434510,189.0,1625.624755859375,860.1189575195312
423459,991.0,284.9212646484375,28.750885009765625
423460,1068.0,1292.54443359375,121.02476501464844
409294,887.0,1073.147705078125,120.98621368408203
423462,1272.0,697.855712890625,54.86286926269531
405614,339.0,1365.1551513671875,402.70062255859375
412639,842.0,1377.957275390625,163.6528778076172
423470,256.0,950.4849853515625,371.283203125
402014,702.0,1225.031005859375,174.50584411621094
405627,905.0,1802.30224609375,199.1494140625
412651,690.0,1514.26904296875,219.4592742919922
441277,1068.0,2667.15771484375,249.73387145996094
430800,511.0,1625.75341796875,318.1513671875
423480,343.0,1273.012939453125,371.1407775878906
427188,467.0,1040.0263671875,222.70372009277344
412661,519.0,1156.91015625,222.91140747070312
419879,312.0,1426.052490234375,457.068115234375
437854,746.0,1470.95166015625,197.1785125732422
419883,1274.0,1377.84814453125,108.15133666992188
402033,526.0,1772.835693359375,337.0409851074219
427206,965.0,1868.52490234375,193.62953186035156
430818,351.0,1855.09375,528.5167236328125
437868,1484.0,1862.4052734375,125.49900817871094
419889,1662.0,810.798095703125,48.784481048583984
419891,671.0,2006.008544921875,298.95806884765625
402053,1704.0,2517.6552734375,147.74972534179688
412678,960.0,665.39404296875,69.31188201904297
416226,2556.0,46.6748046875,1.8260877132415771
437890,607.0,1594.532958984375,262.6907653808594
412686,230.0,1326.4478759765625,576.7164916992188
441304,539.0,568.32666015625,105.4409408569336
412689,1481.0,2793.11865234375,188.5968017578125
412693,1392.0,578.7777099609375,41.578857421875
427227,319.0,2143.0751953125,671.8103637695312
427228,1880.0,987.9677734375,52.55147933959961
412700,547.0,495.1392822265625,90.5190658569336
437914,1228.0,1592.806640625,129.70738220214844
427238,660.0,1888.528076171875,286.1405944824219
427242,1361.0,1096.51513671875,80.5668716430664
430838,796.0,1992.806640625,250.35260009765625
434594,938.0,2360.217529296875,251.62234497070312
419948,632.0,1309.9796142578125,207.27525329589844
441332,830.0,1199.98193359375,144.5761260986328
430847,700.0,1325.7108154296875,189.38726806640625
423531,1274.0,1324.86279296875,103.99237060546875
430852,575.0,913.7371826171875,158.9108123779297
434605,1505.0,484.9822998046875,32.22473907470703
441340,2084.0,1215.319580078125,58.31667709350586
434611,695.0,1619.98828125,233.09182739257812
423539,655.0,1207.8529052734375,184.405029296875
437940,712.0,2057.46484375,288.96978759765625
441350,751.0,2763.3935546875,367.96185302734375
430873,628.0,503.7371826171875,80.21292877197266
434621,745.0,2568.5146484375,344.7670593261719
430879,1970.0,894.400390625,45.40103530883789
412748,1001.0,1918.42138671875,191.65048217773438
427283,2138.0,1795.3046875,83.97122192382812
419972,711.0,2763.59130859375,388.6907653808594
434629,1757.0,608.298583984375,34.62143325805664
405756,780.0,1080.3690185546875,138.50885009765625
437954,492.0,1025.701904296875,208.4759979248047
405759,478.0,1921.783203125,402.04669189453125
441388,641.0,2357.407958984375,367.7703552246094
405763,1116.0,903.9718017578125,81.00105285644531
405766,1031.0,1724.96435546875,167.30982971191406
441396,459.0,674.700439453125,146.99356079101562
434651,290.0,1126.0072021484375,388.2783508300781
409422,696.0,2716.497802734375,390.3014221191406
412781,720.0,2254.404052734375,313.1116638183594
423582,149.0,1205.961181640625,809.3699340820312
427312,264.0,1146.166015625,434.15380859375
419998,1184.0,1954.91943359375,165.11143493652344
427316,483.0,1965.38818359375,406.91265869140625
420001,651.0,1014.1639404296875,155.78555297851562
420007,373.0,965.7772216796875,258.9215087890625
423595,1010.0,2058.515625,203.8134307861328
441421,863.0,2527.48681640625,292.8721618652344
420016,1235.0,3159.2822265625,255.8123321533203
412795,264.0,1258.556884765625,476.7261047363281
409444,1306.0,1459.38037109375,111.7442855834961
405805,1282.0,2029.320068359375,158.2932891845703
441431,1346.0,1291.032958984375,95.91626739501953
434682,299.0,1987.6796875,664.7758178710938
402180,261.0,1468.898681640625,562.7964477539062
423612,1512.0,1418.385009765625,93.80853271484375
423613,1422.0,1043.30615234375,73.36892700195312
402185,1342.0,61.515625,4.583876609802246
405824,750.0,2906.698974609375,387.55987548828125
420036,1081.0,1262.5283203125,116.79263305664062
434701,902.0,1059.762451171875,117.49029541015625
438005,1299.0,2059.259521484375,158.5265350341797
402199,972.0,1387.2021484375,142.7162628173828
420046,599.0,2146.042724609375,358.2709045410156
427361,641.0,1867.5654296875,291.35186767578125
420049,881.0,712.1583862304688,80.8352279663086
405842,290.0,1309.3270263671875,451.4920654296875
434715,1411.0,1138.789794921875,80.70799255371094
441461,671.0,1456.97705078125,217.13516235351562
430964,885.0,1672.4951171875,188.9824981689453
405852,709.0,1225.5419921875,172.85501098632812
427382,451.0,1332.60986328125,295.4789123535156
430971,838.0,1681.8173828125,200.69419860839844
423645,500.0,2150.93701171875,430.1874084472656
409481,2296.0,1489.53466796875,64.87520599365234
441470,652.0,1781.33740234375,273.2112731933594
416375,2009.0,416.776611328125,20.74547576904297
441473,789.0,1699.64794921875,215.41798400878906
434742,420.0,1768.1083984375,420.97821044921875
438040,321.0,1023.1641845703125,318.74273681640625
434745,1457.0,1329.9287109375,91.278564453125
434747,1044.0,1305.46630859375,125.04467010498047
405877,339.0,1070.747802734375,315.85479736328125
420081,698.0,332.461181640625,47.63054275512695
412868,871.0,1071.3416748046875,123.00133514404297
409502,501.0,1728.156982421875,344.9415283203125
405890,1075.0,361.095703125,33.59029769897461
412874,1252.0,1387.5390625,110.82579803466797
423670,893.0,1197.9345703125,134.14720153808594
431005,992.0,2932.166748046875,295.5813293457031
441499,1355.0,1550.485595703125,114.4269790649414
434763,301.0,1514.915283203125,503.29412841796875
420096,2246.0,100.45263671875,4.472512722015381
405914,783.0,1731.779296875,221.17233276367188
434769,319.0,459.84930419921875,144.1533966064453
420103,1021.0,985.9306640625,96.56520080566406
420107,270.0,717.9505004882812,265.9075927734375
409528,251.0,1367.532958984375,544.8338623046875
431042,842.0,2126.888671875,252.59959411621094
434778,957.0,1805.30810546875,188.64242553710938
438083,1938.0,656.181396484375,33.85868835449219
441521,701.0,1724.095458984375,245.947998046875
412902,380.0,1970.31640625,518.5043334960938
423707,611.0,1838.20361328125,300.8516540527344
420123,622.0,1651.61767578125,265.53338623046875
416415,892.0,1106.7684326171875,124.07717895507812
434797,871.0,2171.056396484375,249.2602081298828
438089,1703.0,1717.72412109375,100.8646011352539
427469,348.0,906.889404296875,260.60040283203125
416422,850.0,2105.443603515625,247.69923400878906
441541,390.0,1107.88818359375,284.07391357421875
423724,712.0,1553.828125,218.23428344726562
423728,168.0,1219.65234375,725.9835205078125
402283,302.0,1108.1064453125,366.92266845703125
423731,681.0,1912.16845703125,280.788330078125
434813,260.0,1607.3211669921875,618.200439453125
438105,1050.0,110.1053466796875,10.486223220825195
420145,751.0,1800.4248046875,239.7369842529297
402288,3039.0,1421.2021484375,46.76545333862305
423740,601.0,1428.943359375,237.76095581054688
441560,166.0,1406.7427978515625,847.4353637695312
427499,208.0,961.825927734375,462.41632080078125
409577,373.0,2108.6416015625,565.3194580078125
438130,505.0,1520.7508544921875,301.1387939453125
441567,481.0,1062.02490234375,220.79519653320312
405985,815.0,942.216552734375,115.6093978881836
427507,554.0,1922.556640625,347.0318908691406
438145,375.0,534.3509521484375,142.4935760498047
412949,480.0,2773.172607421875,577.7442626953125
406002,790.0,1090.0552978515625,137.981689453125
406006,233.0,1450.375,622.478515625
427512,850.0,1479.19091796875,174.0224609375
402312,404.0,1829.76318359375,452.9116516113281
427516,1040.0,1720.89892578125,165.47105407714844
431101,370.0,1396.422119140625,377.411376953125
416463,972.0,1433.77099609375,147.50730895996094
409621,791.0,1776.73486328125,224.6188201904297
423765,850.0,1299.394287109375,152.8699188232422
427525,330.0,1030.319580078125,312.2180480957031
412962,210.0,1374.9144287109375,654.72119140625
431113,132.0,1424.46533203125,1079.140380859375
409637,698.0,2192.509521484375,314.1131286621094
402331,249.0,1050.9813232421875,422.0808410644531
409650,295.0,1822.50732421875,617.799072265625
416483,521.0,2405.7763671875,461.76129150390625
412971,1750.0,572.18505859375,32.6962890625
416489,370.0,913.39306640625,246.86297607421875
409671,183.0,1474.350341796875,805.6559448242188
434865,3006.0,1609.13134765625,53.5306510925293
409675,443.0,523.5471801757812,118.18220520019531
441612,914.0,650.7918701171875,71.2026138305664
412978,580.0,1655.716552734375,285.4683532714844
412979,1001.0,1875.120849609375,187.32476806640625
402369,685.0,898.46142578125,131.16224670410156
402375,230.0,1411.38916015625,613.6474609375
409691,984.0,1651.135009765625,167.7982635498047
434881,282.0,1684.232421875,597.2455444335938
416508,341.0,922.674560546875,270.57904052734375
423798,832.0,2413.586181640625,290.094482421875
431144,1063.0,1803.868408203125,169.6959991455078
412990,401.0,1714.34228515625,427.51678466796875
402396,1562.0,816.89697265625,52.29814147949219
420279,1155.0,820.853759765625,71.06959533691406
431152,702.0,1797.983154296875,256.1229553222656
423807,261.0,1169.265625,447.9944763183594
409727,514.0,1259.916015625,245.11985778808594
431158,169.0,1384.012451171875,818.9422607421875
438235,410.0,1248.30224609375,304.4639587402344
420292,454.0,1463.8125,322.4256591796875
438239,491.0,1219.86669921875,248.44537353515625
420295,884.0,3088.718017578125,349.4024963378906
409753,850.0,892.42919921875,104.9916763305664
409757,2259.0,417.23681640625,18.46997833251953
423821,1855.0,661.308349609375,35.65004348754883
441643,440.0,1377.309814453125,313.02496337890625
416538,459.0,2760.34814453125,601.3829956054688
423826,832.0,1545.6689453125,185.77752685546875
416540,369.0,1052.206787109375,285.15087890625
427607,745.0,1223.6700439453125,164.2510223388672
423831,961.0,856.2415771484375,89.0990219116211
420315,741.0,2330.30029296875,314.48046875
441658,401.0,787.1876220703125,196.30615234375
434924,1252.0,1646.33349609375,131.4962921142578
420323,90.0,1038.965087890625,1154.4056396484375
423862,1032.0,742.432861328125,71.94116973876953
441672,611.0,1209.373291015625,197.93344116210938
413043,571.0,1205.180908203125,211.06495666503906
438266,987.0,1630.01318359375,165.1482391357422
427626,1123.0,1949.230712890625,173.5735321044922
420334,236.0,1126.8133544921875,477.4632873535156
409810,127.0,1491.200439453125,1174.173583984375
434940,512.0,993.35986328125,194.01559448242188
441697,301.0,2081.2548828125,691.44677734375
427635,464.0,1091.443603515625,235.22491455078125
409825,1062.0,1974.6240234375,185.93446350097656
420343,669.0,1613.437255859375,241.17147827148438
431206,951.0,1773.774658203125,186.51678466796875
423912,1445.0,2556.98583984375,176.95404052734375
434955,1251.0,72.612548828125,5.804360389709473
420353,740.0,2392.76025390625,323.3459777832031
409851,328.0,900.10400390625,274.4219665527344
406141,491.0,966.22216796875,196.78659057617188
438301,1604.0,1269.699951171875,79.15835571289062
416592,150.0,1036.031982421875,690.68798828125
413125,1091.0,1892.777099609375,173.4901123046875
420365,951.0,3038.0283203125,319.4562072753906
406153,500.0,2272.78955078125,454.5578918457031
402466,632.0,1024.742919921875,162.1428680419922
409871,420.0,2117.2734375,504.11273193359375
434981,133.0,1534.95751953125,1154.1033935546875
416615,824.0,1407.60595703125,170.8259735107422
416616,1966.0,2951.65234375,150.13490295410156
434987,1377.0,2087.840576171875,151.62242126464844
420377,450.0,1969.6650390625,437.70330810546875
406171,403.0,1287.006103515625,319.3563537597656
441738,299.0,1440.112060546875,481.642822265625
409877,720.0,2152.177978515625,298.9136047363281
409881,1911.0,435.646728515625,22.79679298400879
438327,452.0,943.918212890625,208.83145141601562
434997,1188.0,1561.160400390625,131.4108123779297
413153,1141.0,2146.772216796875,188.1483154296875
431247,961.0,1793.5009765625,186.6286163330078
431248,1386.0,558.2291259765625,40.27627182006836
413161,252.0,1323.631591796875,525.2506103515625
402519,754.0,2106.920654296875,279.43243408203125
438337,2878.0,371.516845703125,12.908855438232422
409909,1225.0,1238.2080078125,101.07820129394531
431293,760.0,1990.64306640625,261.9267272949219
416651,199.0,1435.7178955078125,721.46630859375
427702,771.0,1648.79248046875,213.85116577148438
406201,1136.0,1652.80419921875,145.4933319091797
438348,1322.0,996.06396484375,75.34523010253906
416660,692.0,1064.1282958984375,153.7757568359375
435021,610.0,1888.29541015625,309.556640625
427711,1213.0,1720.525390625,141.8404998779297
406219,861.0,2547.3037109375,295.8540954589844
409927,460.0,2230.642578125,484.92230224609375
435030,1671.0,260.129638671875,15.567302703857422
409932,411.0,1425.9534912109375,346.94732666015625
427722,575.0,1546.1142578125,268.8894348144531
438363,1061.0,4000.8505859375,377.0829772949219
431315,671.0,1472.27490234375,219.4150390625
427731,581.0,1583.725830078125,272.5862121582031
416678,924.0,3069.19775390625,332.1642761230469
402558,299.0,1660.48486328125,555.3461303710938
402562,129.0,1375.573974609375,1066.33642578125
402565,575.0,1282.0283203125,222.96145629882812
431326,1051.0,2029.9091796875,193.1407470703125
406248,1775.0,513.17529296875,28.911283493041992
427742,1543.0,1804.77783203125,116.96550750732422
427745,189.0,1265.33837890625,669.4912109375
413211,419.0,1298.1201171875,309.8138732910156
416688,280.0,1060.9468994140625,378.90960693359375
424026,230.0,1568.287353515625,681.8640747070312
406258,1279.0,1371.26220703125,107.21361541748047
409962,488.0,1412.9219970703125,289.5331726074219
441818,1040.0,2619.544921875,251.87930297851562
413220,270.0,1197.0726318359375,443.3602294921875
424034,400.0,1309.067138671875,327.26678466796875
420471,529.0,2366.32958984375,447.3212585449219
406270,781.0,2308.271240234375,295.5533142089844
406273,769.0,1773.7412109375,230.65554809570312
413228,1913.0,1073.990478515625,56.141685485839844
413230,149.0,998.1982421875,669.9317016601562
420488,1259.0,771.3387451171875,61.265987396240234
409998,808.0,933.775634765625,115.56629180908203
402607,797.0,2545.002197265625,319.3227233886719
435090,719.0,1569.4873046875,218.2875213623047
406303,305.0,1265.950927734375,415.06585693359375
424051,220.0,1140.876220703125,518.580078125
406309,644.0,741.291015625,115.1072998046875
424052,2957.0,73.66796875,2.4913077354431152
420508,229.0,902.48388671875,394.0977478027344
406322,508.0,1972.01806640625,388.1925354003906
424056,686.0,1042.84521484375,152.01824951171875
438440,1353.0,1088.09619140625,80.42100524902344
427785,911.0,982.117431640625,107.80652618408203
402624,496.0,1379.21484375,278.0675048828125
441822,1334.0,1496.52099609375,112.1829833984375
413258,1042.0,879.4112548828125,84.39647674560547
420520,460.0,1802.17724609375,391.77764892578125
406353,1812.0,137.28857421875,7.576632499694824
420526,219.0,1538.95556640625,702.7194213867188
427794,275.0,949.936767578125,345.4315490722656
441842,1364.0,205.138671875,15.039491653442383
431409,736.0,2333.063720703125,316.9923400878906
410081,1025.0,1090.86962890625,106.42630767822266
410083,1491.0,1235.1796875,82.84236907958984
410089,1172.0,274.7431640625,23.442249298095703
416803,508.0,1616.91796875,318.29095458984375
431428,1011.0,920.6055908203125,91.05890655517578
410097,816.0,1295.607177734375,158.775390625
441869,928.0,2338.027587890625,251.942626953125
435128,867.0,1677.0546875,193.43191528320312
410109,365.0,608.9038696289062,166.82298278808594
435131,598.0,1776.665283203125,297.1011962890625
441882,1546.0,1289.50830078125,83.40933227539062
406380,581.0,1302.2001953125,224.13084411621094
427816,364.0,1879.130615234375,516.2446899414062
402657,1211.0,1257.48681640625,103.83871459960938
435138,1565.0,945.008544921875,60.383934020996094
416852,1578.0,2654.38671875,168.21209716796875
424136,816.0,2649.4345703125,324.68560791015625
410142,588.0,2156.3486328125,366.7259826660156
410145,1448.0,848.15576171875,58.57429504394531
406408,665.0,1395.677001953125,209.87625122070312
410153,568.0,2893.068359375,509.343017578125
416863,1619.0,1527.266357421875,94.33393859863281
406422,377.0,1108.391357421875,294.0030212402344
427831,409.0,1840.21484375,449.9302978515625
438503,821.0,1277.532470703125,155.60687255859375
406429,2105.0,2148.1943359375,102.05198669433594
420603,778.0,1643.82568359375,211.28863525390625
435163,780.0,858.5025634765625,110.06443786621094
435165,851.0,1634.04931640625,192.01519775390625
402695,915.0,2205.23876953125,241.00970458984375
413317,1101.0,2445.9814453125,222.1599884033203
413321,273.0,962.357666015625,352.511962890625
441956,947.0,1082.637939453125,114.32291412353516
416888,887.0,1892.68115234375,213.3800506591797
406446,228.0,1381.645263671875,605.9848022460938
427857,632.0,2374.223876953125,375.6683349609375
402708,679.0,1783.927978515625,262.7287292480469
435183,1322.0,567.8218994140625,42.95173263549805
420624,271.0,1204.28662109375,444.3861999511719
441974,1049.0,2481.78369140625,236.58566284179688
410189,1000.0,1780.80078125,178.080078125
402715,1563.0,1350.92041015625,86.43124389648438
402717,669.0,863.46337890625,129.06776428222656
410194,1151.0,512.613525390625,44.53636169433594
413342,1948.0,1588.146484375,81.52702331542969
431493,1111.0,1931.819580078125,173.8811492919922
441997,1370.0,756.2761840820312,55.202640533447266
424184,668.0,2550.620849609375,381.8294677734375
402726,855.0,699.5462646484375,81.81827545166016
416913,208.0,1228.696044921875,590.7192993164062
438551,2126.0,836.244140625,39.33415222167969
424188,2508.0,1770.046875,70.5760269165039
431507,460.0,892.735595703125,194.0729522705078
413357,1001.0,1665.69970703125,166.403564453125
420656,883.0,1089.9290771484375,123.43478393554688
442020,247.0,925.21533203125,374.5810852050781
442026,443.0,1656.364501953125,373.89715576171875
431519,430.0,1417.9600830078125,329.7581787109375
442033,329.0,1200.234375,364.8128662109375
406517,484.0,2175.92919921875,449.5721435546875
442039,838.0,1182.283203125,141.08392333984375
416937,1878.0,511.17724609375,27.219236373901367
420669,470.0,1351.705322265625,287.59686279296875
424211,452.0,2987.751220703125,661.0069580078125
438594,986.0,2511.85009765625,254.7515411376953
420674,658.0,1387.1395263671875,210.8114776611328
416947,603.0,1150.062255859375,190.7234344482422
427941,680.0,2497.247314453125,367.24224853515625
406532,1242.0,1093.0625,88.00825500488281
431546,1092.0,2749.714599609375,251.8053741455078
424226,445.0,771.9674072265625,173.475830078125
410237,668.0,2331.474609375,349.0231628417969
420683,909.0,773.12939453125,85.05274200439453
413376,1507.0,1838.0166015625,121.96526336669922
402793,786.0,2289.342529296875,291.26495361328125
416967,311.0,1597.5032958984375,513.6666870117188
406556,259.0,1331.977294921875,514.2769165039062
438620,596.0,1656.859375,277.9965515136719
406560,1148.0,1294.734375,112.78173828125
410251,260.0,1718.5125732421875,660.9663696289062
431563,1679.0,1916.787109375,114.16242218017578
431565,731.0,1704.2958984375,233.14581298828125
410256,1183.0,1378.85791015625,116.55603790283203
406573,1412.0,1674.0888671875,118.56153106689453
416982,2618.0,32.9814453125,1.2597954273223877
413399,908.0,1731.62744140625,190.70785522460938
402823,946.0,2230.2626953125,235.7571563720703
413404,974.0,1640.514404296875,168.43063354492188
410266,1517.0,1882.205810546875,124.07421112060547
442093,1070.0,1422.02294921875,132.8993377685547
442094,1301.0,1227.4287109375,94.34502410888672
428003,1423.0,1867.0771484375,131.2071075439453
435287,1095.0,1152.8984375,105.28752899169922
438669,1155.0,1646.486328125,142.55291748046875
416998,721.0,2191.3193359375,303.9277648925781
424269,1370.0,698.8115234375,51.008140563964844
442109,882.0,2538.082275390625,287.7644348144531
431599,1181.0,457.7935791015625,38.76321792602539
442113,626.0,910.146484375,145.39080810546875
402850,863.0,1826.714599609375,211.67027282714844
402853,199.0,1235.3062744140625,620.7568969726562
420744,479.0,1036.9266357421875,216.4773712158203
406603,368.0,2196.00439453125,596.7403564453125
406606,203.0,1324.678955078125,652.5512084960938
413436,852.0,3049.88720703125,357.9679870605469
442126,1259.0,2363.949951171875,187.76409912109375
438700,1705.0,1286.819091796875,75.47325897216797
420755,550.0,2200.96630859375,400.17572021484375
402873,850.0,1331.984130859375,156.7040252685547
413442,1356.0,337.3099365234375,24.875364303588867
420760,2020.0,118.712890625,5.876875877380371
435326,570.0,1993.679931640625,349.7684020996094
424319,531.0,1871.23193359375,352.3977355957031
428044,641.0,1433.696533203125,223.66558837890625
413450,1589.0,3321.9111328125,209.0567169189453
406629,437.0,1833.68310546875,419.60711669921875
438727,906.0,1759.5224609375,194.20777893066406
442142,430.0,1148.413330078125,267.0728759765625
402902,1248.0,1609.13330078125,128.93695068359375
402905,908.0,815.883056640625,89.85496520996094
402912,215.0,1271.667236328125,591.47314453125
402917,932.0,55.0679931640625,5.908583164215088
417054,193.0,1119.017822265625,579.802001953125
442156,551.0,1917.87744140625,348.0721130371094
402925,791.0,2497.906982421875,315.791015625
438758,911.0,2192.541748046875,240.67417907714844
428066,994.0,230.665283203125,23.20576286315918
431653,932.0,491.04833984375,52.687591552734375
438773,864.0,1804.3486328125,208.83665466308594
402934,1631.0,1509.89501953125,92.57479858398438
424376,580.0,1539.52392578125,265.4351806640625
402940,855.0,2573.65380859375,301.01214599609375
428088,720.0,580.3302001953125,80.6014175415039
424380,1285.0,1178.7978515625,91.73524475097656
424383,260.0,1643.9979248046875,632.306884765625
431670,1404.0,2014.58740234375,143.4891357421875
410365,591.0,2333.239013671875,394.7950744628906
438789,1254.0,612.8270263671875,48.869781494140625
417085,1080.0,2365.523193359375,219.02992248535156
410372,985.0,821.281982421875,83.3788833618164
438796,581.0,852.7918701171875,146.78001403808594
435381,1984.0,921.5482177734375,46.44900131225586
402973,430.0,2464.156494140625,573.0596313476562
413522,1437.0,459.1142578125,31.94949722290039
413526,174.0,1382.65625,794.6300659179688
406703,324.0,1082.8060302734375,334.1993713378906
420845,1055.0,650.977783203125,61.70405578613281
435394,351.0,2990.2763671875,851.9306030273438
402984,785.0,884.591796875,112.68685150146484
431698,79.0,1028.7706298828125,1302.2413330078125
406712,301.0,1076.743896484375,357.72222900390625
413552,209.0,1209.013427734375,578.475341796875
413553,1637.0,2056.951904296875,125.65375518798828
413554,1857.0,747.22119140625,40.23808288574219
413556,1286.0,1364.64501953125,106.11547088623047
406723,343.0,1305.140625,380.5074768066406
417121,223.0,923.1256103515625,413.95770263671875
417123,399.0,850.3695068359375,213.12518310546875
438834,778.0,1542.307861328125,198.24008178710938
428146,921.0,1989.415771484375,216.0060577392578
442235,1938.0,4276.7666015625,220.6793975830078
435416,404.0,779.641357421875,192.9805450439453
417132,1999.0,1410.3017578125,70.55036163330078
431728,1182.0,2211.424072265625,187.0917205810547
403019,707.0,1715.24072265625,242.60830688476562
435424,555.0,2384.35986328125,429.6144104003906
431732,1507.0,195.0048828125,12.93993854522705
442251,681.0,2470.03662109375,362.707275390625
403033,1366.0,2726.244384765625,199.5786590576172
406748,1275.0,1124.171875,88.17034149169922
435432,1035.0,2146.61572265625,207.40249633789062
417148,491.0,2377.8369140625,484.28448486328125
435438,561.0,2492.609130859375,444.3153381347656
403051,1051.0,1266.02685546875,120.45925903320312
420897,434.0,1247.8760986328125,287.529052734375
435443,1022.0,2920.142333984375,285.72821044921875
403061,688.0,2293.999267578125,333.43011474609375
431745,640.0,1943.09619140625,303.6087646484375
413645,199.0,1687.8870849609375,848.1845092773438
413648,370.0,1084.799560546875,293.1890869140625
406788,454.0,997.6474609375,219.7461395263672
420912,259.0,890.0281982421875,343.6402282714844
403085,880.0,989.8330078125,112.48101806640625
413656,540.0,1567.8681640625,290.345947265625
435453,442.0,1001.8111572265625,226.6540985107422
403101,492.0,726.162841796875,147.5940704345703
410461,1321.0,33.0654296875,2.5030605792999268
403108,945.0,2391.355224609375,253.053466796875
417176,2172.0,156.6204833984375,7.210887908935547
403118,408.0,1655.513671875,405.7631530761719
406826,991.0,719.4434814453125,72.59773254394531
417188,442.0,1368.31103515625,309.5726318359375
424475,607.0,2334.661865234375,384.623046875
438902,1588.0,3281.84375,206.66522216796875
413685,521.0,1906.33056640625,365.89837646484375
442315,1122.0,2156.143310546875,192.1696319580078
420938,209.0,1595.868408203125,763.5734252929688
435471,513.0,1987.433837890625,387.41400146484375
424488,1344.0,1366.8212890625,101.69801330566406
413693,291.0,1984.594970703125,681.9913940429688
403142,1787.0,1933.115478515625,108.17657470703125
428232,1444.0,90.03369140625,6.235020160675049
431770,771.0,1962.00244140625,254.4750213623047
431773,330.0,1346.5478515625,408.0447998046875
442339,503.0,1552.93994140625,308.735595703125
406852,872.0,1131.1376953125,129.71762084960938
431781,221.0,1422.272705078125,643.5623168945312
438930,607.0,1932.2353515625,318.325439453125
428244,485.0,2672.444580078125,551.0194702148438
435494,915.0,1168.134765625,127.66500854492188
442361,782.0,2256.649169921875,288.5740661621094
410514,1237.0,943.66259765625,76.28638458251953
413713,2147.0,859.163330078125,40.01692199707031
442372,1573.0,1016.2384643554688,64.60511779785156
413716,1385.0,954.32275390625,68.90416717529297
410519,1465.0,260.6190185546875,17.78969383239746
410520,1660.0,2645.365234375,159.35934448242188
424526,385.0,1925.14111328125,500.03668212890625
438951,709.0,2654.882568359375,374.45452880859375
406879,479.0,2642.947265625,551.7635498046875
442390,1679.0,2036.97216796875,121.320556640625
403184,621.0,1659.74755859375,267.2701416015625
413728,1645.0,1266.654541015625,77.00027465820312
413731,690.0,607.1748046875,87.99634552001953
431814,303.0,1630.7568359375,538.2035522460938
442400,1462.0,1731.240234375,118.41587829589844
431817,1445.0,723.176025390625,50.046783447265625
413741,1245.0,1670.1005859375,134.14462280273438
406901,884.0,1983.005126953125,224.32183837890625
424568,116.0,1253.468017578125,1080.5758056640625
442411,316.0,1056.862060546875,334.4500427246094
417245,555.0,1206.114990234375,217.31800842285156
431829,811.0,1129.8597412109375,139.31686401367188
431831,738.0,2342.167724609375,317.3669128417969
431832,1405.0,156.0458984375,11.10646915435791
438979,1401.0,2654.972900390625,189.5055694580078
421040,399.0,653.3819580078125,163.7548828125
424586,299.0,1142.107177734375,381.97564697265625
403218,1243.0,290.484375,23.369619369506836
421048,569.0,1774.7255859375,311.9025573730469
403221,148.0,1351.467041015625,913.1533813476562
410562,2066.0,836.105224609375,40.46976089477539
413768,740.0,1878.2783203125,253.82139587402344
435582,887.0,2724.40966796875,307.1488037109375
403228,1473.0,2317.805419921875,157.3527069091797
435591,1436.0,987.92138671875,68.7967529296875
435595,2008.0,2233.83544921875,111.24678802490234
428315,269.0,1782.203857421875,662.529296875
428318,323.0,1391.976318359375,430.952392578125
431886,552.0,1286.502197265625,233.06198120117188
421104,992.0,2060.947265625,207.75677490234375
435612,520.0,970.678955078125,186.6690216064453
421108,1182.0,403.744140625,34.157711029052734
413792,972.0,3332.0966796875,342.80828857421875
439032,982.0,264.5645751953125,26.941404342651367
428331,1748.0,207.089599609375,11.847230911254883
413798,435.0,2251.95361328125,517.6904907226562
406960,480.0,2032.06396484375,423.3466491699219
439038,1083.0,1354.69140625,125.08692932128906
431924,920.0,2113.626953125,229.74205017089844
424626,1411.0,2031.918212890625,144.00555419921875
428347,329.0,1355.191650390625,411.912353515625
435638,641.0,2122.42529296875,331.1116027832031
421128,263.0,1054.3905029296875,400.908935546875
439050,1083.0,669.698974609375,61.83739471435547
421135,731.0,795.09130859375,108.76761627197266
406981,222.0,1423.4189453125,641.1796875
435649,1343.0,786.05712890625,58.52994155883789
442507,1429.0,129.8052978515625,9.083645820617676
428365,479.0,2085.336669921875,435.3521423339844
413823,594.0,1345.87939453125,226.5790252685547
424645,315.0,1878.97509765625,596.5
413827,1241.0,1536.14599609375,123.78292083740234
431973,541.0,1283.3310546875,237.21461486816406
442528,469.0,1393.5887451171875,297.14044189453125
439069,239.0,1193.4901123046875,499.36822509765625
424653,889.0,1695.959716796875,190.77162170410156
431984,171.0,1283.68212890625,750.6913452148438
421163,2144.0,1079.6708984375,50.357784271240234
417370,934.0,718.308349609375,76.90667724609375
421166,150.0,863.5987548828125,575.7325439453125
407011,901.0,1275.89404296875,141.60867309570312
432000,722.0,1774.25,245.74098205566406
432004,393.0,1698.355712890625,432.151611328125
428388,613.0,837.5440673828125,136.63035583496094
410629,1030.0,49.4306640625,4.799093723297119
410635,1329.0,1114.51806640625,83.86140441894531
432022,634.0,1937.2587890625,305.56134033203125
407029,830.0,2333.060791015625,281.0916748046875
417399,1241.0,474.745361328125,38.25506591796875
432035,2111.0,534.017578125,25.296899795532227
442573,1823.0,726.36328125,39.84439468383789
417405,330.0,1345.196533203125,407.63531494140625
407041,638.0,1701.41943359375,266.68017578125
424687,1035.0,1924.911865234375,185.98182678222656
424689,326.0,1119.2755126953125,343.3360595703125
424690,1108.0,47.911376953125,4.324131488800049
435711,671.0,1705.424560546875,254.16165161132812
442587,540.0,1256.3818359375,232.66329956054688
435716,1223.0,1118.93798828125,91.49124908447266
421208,543.0,1349.97412109375,248.61402893066406
428417,1172.0,3063.9501953125,261.42919921875
442599,691.0,2330.48828125,337.26312255859375
424707,118.0,1171.37841796875,992.693603515625
421214,1746.0,659.5263671875,37.7735595703125
424713,229.0,1484.2274169921875,648.1342163085938
421218,533.0,1658.82568359375,311.2243347167969
410687,1851.0,186.122802734375,10.055256843566895
439128,409.0,1406.4337158203125,343.871337890625
410688,3453.0,2327.5107421875,67.40547180175781
424722,646.0,1650.613037109375,255.5128631591797
413886,762.0,1033.4873046875,135.62826538085938
410690,199.0,1023.7799072265625,514.4622802734375
413889,1113.0,1469.2255859375,132.00588989257812
424727,890.0,2747.762939453125,308.7373962402344
428446,329.0,2011.85302734375,611.5054321289062
435781,294.0,2001.479736328125,680.775390625
432116,1079.0,197.241455078125,18.2800235748291
403358,1008.0,1447.269287109375,143.57830810546875
407135,754.0,1995.66845703125,264.6775207519531
428455,610.0,1560.0849609375,255.7516326904297
403366,519.0,2512.513671875,484.106689453125
439149,1008.0,1387.4873046875,137.64755249023438
417459,1566.0,1823.814453125,116.46324157714844
435833,484.0,1949.03857421875,402.6939392089844
410714,584.0,1046.93994140625,179.27053833007812
435838,2350.0,413.5352783203125,17.597246170043945
435843,1312.0,2727.36083984375,207.87811279296875
432147,339.0,700.585205078125,206.66229248046875
428474,813.0,244.062255859375,30.019956588745117
421268,603.0,1913.680908203125,317.3600158691406
403383,719.0,1493.747314453125,207.75344848632812
432162,600.0,1384.374267578125,230.7290496826172
439163,1232.0,1056.73291015625,85.7737808227539
424761,670.0,2291.479248046875,342.0118408203125
424764,405.0,1360.9046630859375,336.0258483886719
403390,259.0,1370.583984375,529.1829833984375
432183,583.0,1249.0460205078125,214.24459838867188
413929,1062.0,2254.760986328125,212.31272888183594
439177,571.0,1206.667724609375,211.32533264160156
421285,2093.0,426.14501953125,20.36048698425293
410746,270.0,961.128662109375,355.97357177734375
439186,731.0,1658.150390625,226.83316040039062
428499,428.0,1271.385009765625,297.0525817871094
410753,1224.0,450.34130859375,36.7925910949707
439193,449.0,194.05596923828125,43.2195930480957
403409,369.0,1950.0205078125,528.4608154296875
424793,480.0,1435.6024169921875,299.0838317871094
432208,268.0,1106.701171875,412.94818115234375
413950,338.0,1646.452880859375,487.1162414550781
432209,3297.0,2619.2841796875,79.44446563720703
417502,831.0,873.3603515625,105.09751892089844
421313,159.0,1587.97265625,998.7249145507812
424805,361.0,730.734375,202.41949462890625
403421,1051.0,996.855712890625,94.84830474853516
432218,257.0,1381.835693359375,537.6792602539062
421319,479.0,1443.705322265625,301.39984130859375
435925,1191.0,546.605712890625,45.894683837890625
435928,2354.0,1894.689453125,80.48808288574219
413971,460.0,1600.14794921875,347.8582458496094
403433,371.0,1196.5814208984375,322.5286865234375
410782,1694.0,1023.7138671875,60.43174743652344
410784,327.0,1100.534912109375,336.5550231933594
432231,370.0,1871.37255859375,505.7763671875
442712,1550.0,63.167236328125,4.075305461883545
417527,2386.0,835.669677734375,35.02387619018555
424834,440.0,3014.236083984375,685.0536499023438
428562,851.0,1675.2568359375,196.85743713378906
439244,310.0,1455.13134765625,469.397216796875
417540,631.0,1096.215576171875,173.72671508789062
442726,893.0,123.3057861328125,13.808038711547852
428572,1629.0,2879.93505859375,176.79159545898438
403470,692.0,1310.3760986328125,189.36070251464844
403477,1323.0,1258.8828125,95.15365600585938
417550,823.0,1364.028076171875,165.738525390625
403490,339.0,1006.4566650390625,296.889892578125
414004,1093.0,1197.473388671875,109.55840301513672
428583,320.0,1788.887451171875,559.02734375
424860,640.0,2749.987060546875,429.68548583984375
421376,2115.0,1519.070556640625,71.82366943359375
432287,700.0,1114.455810546875,159.20797729492188
432290,1028.0,1429.71728515625,139.0775604248047
417592,1112.0,1905.857421875,171.3900604248047
439278,900.0,1448.42333984375,160.93592834472656
428602,883.0,1729.13916015625,195.82550048828125
432316,243.0,1514.20361328125,623.1290893554688
424884,781.0,3701.3681640625,473.9267883300781
428611,2280.0,978.1131591796875,42.89970016479492
403522,553.0,1842.2958984375,333.145751953125
421390,1320.0,3269.60693359375,247.69749450683594
417615,560.0,1356.728515625,242.27294921875
439303,880.0,921.305419921875,104.69379425048828
442764,269.0,1079.661376953125,401.361083984375
414059,469.0,1834.17138671875,391.081298828125
442771,1390.0,1235.767578125,88.90414428710938
442774,1860.0,671.579833984375,36.1064453125
414076,681.0,1688.064208984375,247.8802032470703
442780,599.0,925.249267578125,154.4656524658203
439333,1103.0,1191.5498046875,108.02809143066406
442791,431.0,1491.52001953125,346.0603332519531
442795,277.0,1312.37890625,473.78302001953125
417653,459.0,936.779541015625,204.09140014648438
403564,982.0,1361.083740234375,138.60324096679688
417661,751.0,1533.76416015625,204.22959899902344
439354,561.0,1643.078125,292.8837890625
421436,1422.0,4034.5126953125,283.72100830078125
403575,641.0,2495.14013671875,389.2574462890625
417677,169.0,1199.515380859375,709.7723999023438
424928,2227.0,1562.184326171875,70.14747619628906
439373,1484.0,1691.079833984375,113.95416259765625
421448,666.0,1972.82275390625,296.2196350097656
439379,581.0,1374.427978515625,236.56246948242188
421457,341.0,1448.19189453125,424.6897277832031
414115,1200.0,383.330810546875,31.944232940673828
442836,865.0,1520.220947265625,175.7480926513672
417700,360.0,1159.755615234375,322.1543273925781
424951,1477.0,1168.4423828125,79.10916900634766
424955,938.0,2082.017333984375,221.96347045898438
424959,1447.0,259.2489013671875,17.916301727294922
421480,329.0,839.51123046875,255.1705780029297
439426,660.0,735.8865966796875,111.49797058105469
424970,525.0,746.650634765625,142.21917724609375
428746,1133.0,2313.2490234375,204.17025756835938
421496,450.0,2123.120849609375,471.80462646484375
421500,661.0,3128.731201171875,473.3330383300781
424983,1072.0,966.2205810546875,90.13251495361328
439469,301.0,1009.939208984375,335.5279541015625
417738,879.0,2888.730712890625,328.6383056640625
421519,560.0,1847.23974609375,329.8642272949219
417745,639.0,1224.0836181640625,191.5623779296875
442888,931.0,1894.713623046875,203.51380920410156
425010,822.0,1542.28369140625,187.62574768066406
421538,610.0,2110.38037109375,345.9639892578125
414219,1483.0,1098.39990234375,74.06607055664062
442908,634.0,2234.2802734375,352.41015625
417768,1283.0,1397.8173828125,108.94913482666016
421558,1660.0,2228.787109375,134.2642822265625
421562,511.0,2976.053466796875,582.39794921875
425037,891.0,1588.1748046875,178.246337890625
439496,1662.0,1956.05810546875,117.69303131103516
425048,512.0,1253.1907958984375,244.76382446289062
439506,690.0,1318.5059814453125,191.0878143310547
442957,320.0,1515.0517578125,473.45367431640625
417807,1280.0,2715.611083984375,212.1571044921875
414261,385.0,1369.302978515625,355.6631164550781
417815,1740.0,883.27197265625,50.76275634765625
417820,480.0,2274.73681640625,473.90350341796875
442984,1090.0,2060.4130859375,189.0287322998047
417829,289.0,882.3536376953125,305.31268310546875
414282,1145.0,503.8037109375,44.00032424926758
443000,262.0,1017.6201171875,388.4046325683594
443007,1856.0,689.71044921875,37.16112518310547
414302,550.0,1479.8292236328125,269.0598449707031
414307,210.0,1146.850341796875,546.1192016601562
425116,1224.0,527.0020751953125,43.05572509765625
414319,700.0,2007.9248046875,286.8464050292969
417929,269.0,1338.4554443359375,497.56707763671875
414325,829.0,2190.6474609375,264.2518005371094
417942,499.0,1745.8837890625,349.8764953613281
417951,740.0,1923.2490234375,259.8985290527344
417957,880.0,417.102783203125,47.398040771484375
414346,841.0,1168.1572265625,138.90098571777344
443071,552.0,740.009521484375,134.0596923828125
443079,422.0,1779.19970703125,421.6112976074219
414375,1553.0,1810.748291015625,116.59679412841797
443116,1373.0,1058.8564453125,77.11991882324219
307470,953.0,1615.83935546875,169.55291748046875
381528,727.0,1590.9287109375,218.8347625732422
307478,426.0,1498.555419921875,351.7735595703125
324437,1026.0,1118.1474609375,108.98123931884766
373954,254.0,864.146728515625,340.2152404785156
324441,675.0,729.105712890625,108.01565551757812
324443,298.0,992.025146484375,332.89434814453125
356623,469.0,981.5142822265625,209.27810668945312
390031,245.0,1329.4453125,542.6307373046875
373964,435.0,1562.027587890625,359.0867919921875
390040,631.0,1197.914794921875,189.8438720703125
381543,1914.0,2871.8232421875,150.0430145263672
398209,410.0,1346.048583984375,328.3045349121094
348646,1094.0,2803.1357421875,256.2281494140625
331900,471.0,1148.1553955078125,243.76971435546875
366341,959.0,2129.27587890625,222.03085327148438
331905,906.0,2008.900634765625,221.7329559326172
366349,265.0,1390.23779296875,524.6180419921875
331909,178.0,1828.6041259765625,1027.3056640625
390075,275.0,1054.9774169921875,383.6281433105469
348663,761.0,1594.9853515625,209.59072875976562
307526,883.0,1655.39404296875,187.47384643554688
366367,2496.0,560.712890625,22.464458465576172
366372,671.0,1859.7119140625,277.1552734375
331924,822.0,1609.9541015625,195.85816955566406
374006,726.0,1708.63916015625,235.34974670410156
331928,551.0,916.853515625,166.39810180664062
366385,717.0,1617.64404296875,225.61282348632812
366390,1233.0,1609.808349609375,130.56028747558594
331934,529.0,2271.60595703125,429.4151306152344
398237,1301.0,866.32861328125,66.58943939208984
366401,386.0,1015.2518310546875,263.01861572265625
324499,346.0,892.980224609375,258.0867919921875
324503,287.0,1789.01318359375,623.3495483398438
348683,1319.0,5668.55859375,429.7618408203125
398245,984.0,2444.426025390625,248.4172821044922
390108,243.0,1023.3848876953125,421.14605712890625
324513,545.0,1068.595458984375,196.07257080078125
307568,189.0,1165.8089599609375,616.8301391601562
348698,204.0,1114.294189453125,546.22265625
348704,516.0,1400.25146484375,271.3665771484375
381620,1195.0,1593.5126953125,133.3483428955078
356702,1928.0,906.99951171875,47.04354476928711
307580,1503.0,485.797607421875,32.32186508178711
390125,239.0,1063.93798828125,445.162353515625
381632,371.0,653.2235107421875,176.07102966308594
374039,410.0,572.6334228515625,139.66668701171875
374043,313.0,1557.9541015625,497.7489013671875
307594,421.0,1394.304443359375,331.1886901855469
390132,390.0,941.431640625,241.39273071289062
324558,582.0,1547.166015625,265.8360900878906
374051,437.0,1257.3170166015625,287.7155456542969
398284,1442.0,2056.5029296875,142.6146240234375
381648,570.0,977.72216796875,171.5301971435547
356725,1646.0,3333.5927734375,202.5269012451172
324570,1213.0,2279.714111328125,187.94015502929688
366466,1373.0,1695.0546875,123.4562759399414
356732,801.0,2501.565673828125,312.3053283691406
307611,1934.0,6.1483154296875,0.3179066777229309
324581,744.0,2512.986083984375,337.7669677734375
398314,315.0,1133.43115234375,359.81939697265625
374063,1342.0,632.540771484375,47.134185791015625
398322,191.0,735.727783203125,385.1977844238281
307618,1543.0,1176.120849609375,76.2229995727539
348770,821.0,1188.0948486328125,144.713134765625
307620,1775.0,1728.685302734375,97.3907241821289
366501,2314.0,221.5,9.572169303894043
332017,285.0,1184.720703125,415.69146728515625
374074,814.0,1776.98095703125,218.3023223876953
307626,490.0,2432.22900390625,496.3732604980469
398344,341.0,951.54931640625,279.0467224121094
390175,526.0,1699.48291015625,323.0956115722656
390178,454.0,1589.3018798828125,350.0664978027344
356765,741.0,1137.6463623046875,153.5285186767578
366531,368.0,1316.809326171875,357.82861328125
366538,382.0,2175.3955078125,569.4752807617188
398361,759.0,2286.425537109375,301.2418212890625
398364,890.0,1366.093017578125,153.49359130859375
348792,2033.0,685.40869140625,33.714149475097656
307648,729.0,1350.52685546875,185.25746154785156
348795,825.0,1404.095458984375,170.19338989257812
398378,482.0,849.5614013671875,176.25755310058594
366563,1177.0,1793.5615234375,152.3841552734375
324628,621.0,1924.91015625,309.96942138671875
356804,93.0,1080.6248779296875,1161.9622802734375
324631,662.0,2457.41552734375,371.2108154296875
332055,260.0,1153.543212890625,443.67047119140625
356815,657.0,654.142578125,99.5650863647461
324640,570.0,1917.307861328125,336.36981201171875
307665,451.0,547.3992919921875,121.37457275390625
348818,230.0,1349.3656005859375,586.6807250976562
307670,440.0,1273.778564453125,289.4951477050781
398421,635.0,643.7618408203125,101.37981414794922
398424,1017.0,2630.896240234375,258.6918640136719
332072,441.0,1528.5672607421875,346.6138916015625
307694,155.0,1163.2169189453125,750.4625244140625
390232,1098.0,3092.54296875,281.65234375
381744,754.0,1284.7071533203125,170.38555908203125
324656,1827.0,79.665771484375,4.360468864440918
356831,1136.0,2316.166015625,203.88784790039062
307713,171.0,1188.96142578125,695.299072265625
307716,1434.0,1769.71923828125,123.41138458251953
332090,199.0,1178.4052734375,592.1634521484375
307723,278.0,1011.130615234375,363.716064453125
381762,1179.0,1816.864501953125,154.10215759277344
390252,671.0,3385.014404296875,504.4730529785156
324673,410.0,2032.052978515625,495.6226806640625
381778,253.0,1021.5501708984375,403.7747802734375
381783,350.0,1784.59375,509.8839416503906
390259,322.0,375.755859375,116.69436645507812
356854,1083.0,1139.130859375,105.18290710449219
398463,830.0,711.363037109375,85.70639038085938
332138,309.0,880.9638671875,285.1015930175781
332143,308.0,1170.991455078125,380.1920471191406
390272,430.0,2089.397705078125,485.9064636230469
390275,293.0,2534.75048828125,865.1026000976562
374164,606.0,1944.363525390625,320.85205078125
390281,1093.0,1362.3828125,124.64618682861328
356868,427.0,1667.437744140625,390.5006408691406
398482,503.0,985.9609375,196.01608276367188
332178,643.0,980.92333984375,152.55418395996094
356873,566.0,1386.06396484375,244.88763427734375
332185,465.0,1365.61865234375,293.6814270019531
381824,1251.0,1954.171142578125,156.20872497558594
348901,438.0,2159.07177734375,492.9387512207031
324708,1376.0,1529.875732421875,111.18283081054688
374191,602.0,1823.31591796875,302.87640380859375
348912,1144.0,2803.222900390625,245.03695678710938
390298,1160.0,2087.943603515625,179.99514770507812
390304,680.0,1509.18603515625,221.9391326904297
390307,650.0,2163.458251953125,332.8397216796875
332203,841.0,2050.79296875,243.85171508789062
381850,825.0,1180.071044921875,143.03890991210938
374205,606.0,1971.77490234375,325.3753967285156
307807,268.0,1394.7352294921875,520.423583984375
390316,309.0,526.6696166992188,170.4432373046875
332215,369.0,1119.125732421875,303.2861022949219
356911,1034.0,2593.3076171875,250.80345153808594
374219,463.0,1498.0640869140625,323.55596923828125
374223,889.0,1576.6435546875,177.35023498535156
332223,701.0,2018.462890625,287.94049072265625
332225,1875.0,3185.263671875,169.88072204589844
307840,202.0,1347.445556640625,667.05224609375
348946,1066.0,2189.131591796875,205.35943603515625
307847,481.0,729.9342041015625,151.75347900390625
356948,1554.0,507.1630859375,32.63597869873047
332235,400.0,1260.3739013671875,315.0934753417969
398553,613.0,1348.9267578125,220.05331420898438
398559,847.0,1261.77685546875,148.97010803222656
398564,229.0,1159.654052734375,506.399169921875
307858,769.0,1754.93994140625,228.21066284179688
332247,2576.0,1099.5458984375,42.684234619140625
381905,861.0,1580.6064453125,183.57797241210938
332254,914.0,2080.504638671875,227.62632751464844
381908,550.0,1422.13525390625,258.5700378417969
332264,1139.0,2573.141845703125,225.912353515625
390365,203.0,1750.1544189453125,862.14501953125
381914,781.0,1613.68896484375,206.61831665039062
374263,1242.0,259.39501953125,20.88526725769043
324804,1453.0,433.5035400390625,29.83506965637207
348989,1093.0,2077.19873046875,190.04562377929688
381923,823.0,1004.20068359375,122.01709747314453
324809,1233.0,942.94482421875,76.47565460205078
348998,783.0,856.11572265625,109.337890625
381931,222.0,983.536376953125,443.034423828125
332291,282.0,629.1287841796875,223.09532165527344
374289,1059.0,1152.708984375,108.84882354736328
332298,280.0,770.7432861328125,275.26544189453125
307896,799.0,1938.5400390625,242.6207733154297
307898,1261.0,1865.2138671875,147.91546630859375
374305,487.0,1541.7440185546875,316.57989501953125
324824,1174.0,2123.013671875,180.83590698242188
390408,288.0,1082.7655029296875,375.96026611328125
332309,2031.0,2301.23291015625,113.30541229248047
307908,390.0,576.3702392578125,147.7872314453125
374325,386.0,943.972900390625,244.5525665283203
349024,1728.0,4584.771484375,265.3224182128906
357016,270.0,1231.1395263671875,455.9775695800781
357019,812.0,2336.584228515625,287.7566833496094
307921,1425.0,1327.684326171875,93.17082977294922
374334,2175.0,2495.46435546875,114.73399353027344
398671,1025.0,2100.446044921875,204.9215545654297
381981,574.0,667.500244140625,116.28924560546875
324850,514.0,1647.931884765625,320.60931396484375
381985,957.0,697.071533203125,72.83924102783203
307932,1114.0,848.6842041015625,76.18350219726562
390452,363.0,1524.3157958984375,419.92169189453125
374350,1603.0,2113.8525390625,131.8685302734375
332368,286.0,1034.885498046875,361.84808349609375
381996,578.0,1330.7391357421875,230.231689453125
381998,801.0,1651.2373046875,206.14697265625
332386,297.0,1254.411865234375,422.36090087890625
332393,264.0,1114.323974609375,422.0924377441406
332396,781.0,1794.9990234375,229.83340454101562
307959,1147.0,1441.17822265625,125.64761352539062
390466,2135.0,353.32177734375,16.549030303955078
357075,1214.0,718.8807373046875,59.21587371826172
382016,935.0,543.029541015625,58.078025817871094
382019,713.0,1877.84619140625,263.3725280761719
324895,590.0,3311.875,561.3347778320312
398716,196.0,1033.5093994140625,527.3007202148438
324900,360.0,1200.5830078125,333.4952697753906
390477,1164.0,679.3345947265625,58.36207962036133
382026,973.0,3160.251953125,324.7946472167969
357107,546.0,2676.48388671875,490.1985168457031
382030,1142.0,2877.465087890625,251.9671630859375
374412,1338.0,2502.2890625,187.01712036132812
349082,574.0,678.426025390625,118.19268798828125
382038,755.0,1172.7593994140625,155.33236694335938
349087,854.0,406.6478271484375,47.616844177246094
390501,1212.0,5467.552734375,451.11822509765625
332442,652.0,983.0872802734375,150.78025817871094
374428,794.0,2576.664306640625,324.51690673828125
332448,985.0,1110.615966796875,112.75289154052734
398759,221.0,1430.2318115234375,647.1636962890625
349098,1153.0,1220.025146484375,105.8131103515625
324931,239.0,1433.331298828125,599.72021484375
324934,851.0,1667.5341796875,195.94996643066406
308017,359.0,1120.819580078125,312.20599365234375
324939,120.0,1391.90283203125,1159.9190673828125
308021,430.0,961.94873046875,223.70901489257812
324945,608.0,1474.60986328125,242.53451538085938
390526,672.0,2155.75732421875,320.7972412109375
308031,3144.0,1036.798828125,32.9770622253418
324950,505.0,3482.839599609375,689.6712036132812
357157,1269.0,1637.922607421875,129.07191467285156
398784,1242.0,1410.044921875,113.53018188476562
332486,1007.0,1773.091796875,176.07664489746094
390537,712.0,1964.02978515625,275.8468933105469
332492,1254.0,691.2913818359375,55.12690734863281
357175,472.0,1843.546142578125,390.581787109375
349151,2810.0,2451.171875,87.23031616210938
324962,720.0,778.44140625,108.11686706542969
374468,703.0,1731.8583984375,246.35255432128906
357185,484.0,1502.1334228515625,310.358154296875
382113,1909.0,594.58251953125,31.146282196044922
332515,564.0,915.137939453125,162.2584991455078
374478,1688.0,2532.37841796875,150.02243041992188
324978,379.0,1490.8489990234375,393.3638610839844
390566,1313.0,1311.78515625,99.90747833251953
382128,933.0,2212.6005859375,237.1490478515625
308073,618.0,2356.141845703125,381.2527160644531
357206,680.0,2026.833984375,298.0638122558594
357210,829.0,934.396240234375,112.71366119384766
357216,874.0,1506.478515625,172.365966796875
308087,702.0,2017.696044921875,287.42108154296875
390582,1014.0,698.881103515625,68.92318725585938
308094,531.0,769.971923828125,145.00413513183594
349191,892.0,1453.156494140625,162.90992736816406
357239,827.0,2226.314697265625,269.2037048339844
349195,349.0,1684.61328125,482.69720458984375
374510,736.0,1716.7685546875,233.25660705566406
357252,1923.0,1610.866943359375,83.7684326171875
308118,199.0,1208.649169921875,607.3613891601562
374521,1251.0,532.501220703125,42.56604766845703
390601,870.0,1854.0126953125,213.10491943359375
357262,501.0,1382.626708984375,275.973388671875
382167,157.0,1172.213134765625,746.632568359375
390609,845.0,2932.24462890625,347.0111999511719
349226,1758.0,698.4697265625,39.730926513671875
390613,531.0,1131.919677734375,213.16754150390625
308140,1323.0,343.7685546875,25.984018325805664
308144,881.0,1346.3798828125,152.8240509033203
308146,1102.0,13.3792724609375,1.21409010887146
390627,521.0,1598.734375,306.8587951660156
332596,692.0,1812.833984375,261.9702453613281
357291,401.0,990.1357421875,246.91665649414062
357292,2154.0,2149.9521484375,99.81208038330078
374553,422.0,1849.4521484375,438.2587890625
382196,290.0,768.7080078125,265.07171630859375
349254,952.0,1264.558349609375,132.83175659179688
398915,1301.0,1787.270751953125,137.37669372558594
398917,670.0,724.831787109375,108.18384552001953
398921,466.0,988.374755859375,212.09759521484375
332630,864.0,2206.89501953125,255.42767333984375
332633,893.0,2657.384033203125,297.57940673828125
374569,915.0,815.4461669921875,89.11979675292969
332642,768.0,1137.9053955078125,148.16476440429688
349290,1074.0,1835.00244140625,170.85682678222656
308195,422.0,1826.05908203125,432.7154235839844
374574,259.0,925.91943359375,357.49786376953125
398953,879.0,2016.0205078125,229.35385131835938
374582,855.0,1229.62744140625,143.81607055664062
357320,659.0,1944.03759765625,294.99810791015625
357321,1261.0,1244.322265625,98.67742156982422
332674,557.0,1542.3876953125,276.9098205566406
374598,936.0,787.2208251953125,84.10478973388672
398965,618.0,1300.8917236328125,210.5002899169922
349336,620.0,2435.50048828125,392.8226623535156
357332,800.0,2102.2626953125,262.7828369140625
374615,1362.0,2193.956298828125,161.0834197998047
390703,1307.0,2273.396484375,173.94004821777344
308216,563.0,996.1131591796875,176.92950439453125
357345,504.0,2125.6318359375,421.7523498535156
398983,316.0,1660.3453369140625,525.4257202148438
332721,1755.0,1625.673828125,92.63098907470703
374633,421.0,1010.848388671875,240.10650634765625
357354,685.0,1667.41259765625,243.41790771484375
332731,938.0,1480.298095703125,157.81430053710938
308249,512.0,1917.34814453125,374.4820556640625
390726,247.0,1246.728515625,504.7483825683594
308260,436.0,1656.67822265625,379.9720764160156
399013,388.0,2396.56884765625,617.6724243164062
308273,719.0,1677.5947265625,233.32333374023438
399020,914.0,1309.903564453125,143.31549072265625
399025,861.0,1317.5546875,153.02609252929688
332749,886.0,1726.47119140625,194.86129760742188
308291,653.0,1905.22265625,291.7645568847656
390751,393.0,1214.926025390625,309.1414794921875
349384,1639.0,675.119140625,41.19091796875
382302,254.0,1365.4180908203125,537.566162109375
308312,1186.0,1821.02294921875,153.54324340820312
332759,1586.0,2279.74169921875,143.74159240722656
308324,1319.0,1300.69384765625,98.61212158203125
382315,370.0,1588.0986328125,429.2158508300781
308334,699.0,1660.1611328125,237.5051727294922
390768,1985.0,1380.30712890625,69.53688049316406
349406,259.0,1431.848388671875,552.8372192382812
382328,581.0,1435.801025390625,247.12582397460938
332778,1205.0,1755.491943359375,145.68397521972656
374697,817.0,1918.41552734375,234.81219482421875
399069,1341.0,365.0439453125,27.221771240234375
349424,300.0,1406.5030517578125,468.8343505859375
332798,440.0,2228.6103515625,506.5023498535156
382345,550.0,1156.062255859375,210.19313049316406
399077,1010.0,1976.002197265625,195.64378356933594
349437,801.0,1213.835205078125,151.53997802734375
390799,552.0,1465.9779052734375,265.5757141113281
357438,987.0,2209.356689453125,223.84567260742188
390804,1014.0,980.140380859375,96.6607894897461
349449,912.0,1323.72607421875,145.14540100097656
349453,794.0,1534.043212890625,193.20443725585938
399102,809.0,2100.716552734375,259.6683044433594
374737,349.0,1548.8994140625,443.8106994628906
332848,964.0,1729.67578125,179.42694091796875
390824,871.0,1633.547119140625,187.5484619140625
374748,1412.0,372.3731689453125,26.37203598022461
332858,291.0,1084.3809814453125,372.6395263671875
374752,521.0,220.10888671875,42.24738693237305
332864,450.0,976.1590576171875,216.9242401123047
349494,922.0,1263.1044921875,136.99615478515625
332871,472.0,620.06640625,131.3699951171875
382398,451.0,1603.2705078125,355.4923400878906
349505,987.0,2740.28466796875,277.63775634765625
349513,381.0,1773.745849609375,465.5500793457031
374768,396.0,1135.569091796875,286.7598876953125
390850,730.0,1874.29541015625,256.7528076171875
399151,1301.0,236.5777587890625,18.184301376342773
382427,1009.0,892.1806640625,88.42227172851562
374780,1203.0,1613.3916015625,134.114013671875
374783,1623.0,150.135986328125,9.250523567199707
349540,1022.0,1871.333740234375,183.1050567626953
382443,209.0,1141.97314453125,546.3986206054688
374793,690.0,1129.9501953125,163.76089477539062
357507,953.0,1615.3037109375,169.49671936035156
374804,168.0,898.010009765625,534.52978515625
349553,832.0,1155.637451171875,138.8987274169922
390895,415.0,1844.9755859375,444.57244873046875
357519,371.0,851.6552734375,229.5566864013672
374815,166.0,1104.3985595703125,665.30029296875
357528,1043.0,1504.28466796875,144.22671508789062
332942,1111.0,773.682373046875,69.63837432861328
399191,460.0,668.6962890625,145.36875915527344
357535,1473.0,742.396484375,50.400306701660156
349576,1100.0,1393.6708984375,126.69734954833984
349580,1524.0,693.07958984375,45.477664947509766
349589,289.0,905.965087890625,313.48272705078125
390928,480.0,1133.92919921875,236.23526000976562
332965,865.0,1500.253662109375,173.43972778320312
357553,399.0,602.39453125,150.97607421875
399226,369.0,960.36865234375,260.26251220703125
332972,1096.0,2925.942138671875,266.9655456542969
382501,189.0,1304.462158203125,690.1915893554688
332977,1398.0,592.1875,42.359619140625
390954,961.0,1506.88818359375,156.80418395996094
399245,612.0,2261.099365234375,369.460693359375
390967,1312.0,346.28369140625,26.393573760986328
357574,472.0,1742.87890625,369.2540283203125
374879,856.0,796.1690673828125,93.01040649414062
374884,791.0,1535.6611328125,194.14173889160156
390986,1434.0,31.33349609375,2.185041666030884
374895,631.0,884.3076171875,140.14382934570312
357594,971.0,2547.9912109375,262.4089660644531
357601,714.0,2195.576171875,307.503662109375
399263,1322.0,2489.066162109375,188.2803497314453
357607,1895.0,1350.841796875,71.2845230102539
374922,412.0,1513.7947998046875,367.4259033203125
382543,848.0,1988.474365234375,234.48989868164062
333013,751.0,2504.61669921875,333.50421142578125
399275,930.0,989.5430908203125,106.40248107910156
382553,901.0,1820.6875,202.07408142089844
391042,791.0,1579.4072265625,199.67221069335938
374957,262.0,1055.714111328125,402.9443359375
382567,726.0,893.959228515625,123.13487243652344
357633,862.0,1840.49951171875,213.5150146484375
374975,1141.0,824.16796875,72.23207092285156
349666,1808.0,1910.474853515625,105.66785430908203
382582,337.0,878.756591796875,260.7586364746094
333053,456.0,2402.278076171875,526.8153686523438
391054,940.0,1002.9921875,106.7012939453125
357660,784.0,950.5853271484375,121.24812316894531
382592,440.0,1486.5723876953125,337.85736083984375
382595,1508.0,840.59423828125,55.74232482910156
399313,599.0,1818.0,303.505859375
349683,384.0,1173.619873046875,305.63018798828125
391071,732.0,2219.823486328125,303.25457763671875
333103,431.0,1394.8118896484375,323.62225341796875
382610,650.0,1791.069580078125,275.5491638183594
399328,635.0,2939.112060546875,462.852294921875
333112,695.0,3130.5263671875,450.4354553222656
399334,1569.0,742.139404296875,47.30015563964844
391092,1072.0,1507.50732421875,140.6256866455078
349725,169.0,1249.7412109375,739.4918212890625
349730,1124.0,1423.95751953125,126.68660736083984
382638,358.0,579.4867553710938,161.86781311035156
399350,690.0,2262.22607421875,327.8588562011719
333133,983.0,1315.045654296875,133.77880859375
333137,455.0,1182.917724609375,259.98193359375
382660,1553.0,809.370361328125,52.116573333740234
349754,425.0,1440.9969482421875,339.05810546875
382669,279.0,1063.96044921875,381.3478088378906
349763,1070.0,1422.6044921875,132.9536895751953
357746,351.0,1294.223388671875,368.724609375
399391,268.0,1055.127197265625,393.70416259765625
349773,1050.0,1250.400390625,119.08575439453125
391148,480.0,1456.8841552734375,303.51751708984375
357767,216.0,838.90966796875,388.38409423828125
391157,879.0,1592.8837890625,181.2154541015625
349784,1581.0,1986.4140625,125.64288330078125
391163,523.0,2604.122314453125,497.9201354980469
399453,298.0,1161.808837890625,389.8687438964844
382706,470.0,2366.653076171875,503.5431823730469
333187,430.0,975.8299560546875,226.93719482421875
349802,139.0,1489.7490234375,1071.7618408203125
399478,557.0,1577.9560546875,283.2955017089844
382720,721.0,2957.1328125,410.1432189941406
391178,1107.0,917.1334228515625,82.84854888916016
399499,1366.0,1692.373046875,123.89260864257812
357814,119.0,1220.5794677734375,1025.697021484375
349824,684.0,742.651611328125,108.57479858398438
382744,1774.0,304.494140625,17.164268493652344
333217,1018.0,2146.469970703125,210.85166931152344
382761,1383.0,1340.31396484375,96.91351318359375
399528,864.0,1874.314208984375,216.93450927734375
357833,298.0,1059.968017578125,355.6939697265625
333227,883.0,1518.4521484375,171.9651336669922
333231,431.0,945.3721923828125,219.34390258789062
399547,240.0,1020.64111328125,425.2671203613281
349849,1392.0,772.738525390625,55.5128288269043
399552,751.0,1518.30029296875,202.17047119140625
391262,532.0,1734.74951171875,326.0807189941406
382790,715.0,2258.285400390625,315.8441162109375
382794,354.0,1112.8179931640625,314.3553771972656
357852,1524.0,1394.61328125,91.51005554199219
391287,405.0,2098.7734375,518.2156372070312
333263,904.0,2112.43896484375,233.6768798828125
382808,829.0,2633.47314453125,317.66864013671875
399581,454.0,1067.0487060546875,235.03274536132812
357880,617.0,1458.53662109375,236.39166259765625
349883,841.0,1610.1162109375,191.4525909423828
382819,348.0,1819.22607421875,522.76611328125
382822,578.0,1338.152587890625,231.5142822265625
382828,72.0,874.1495361328125,1214.0965576171875
349898,691.0,1688.00048828125,244.28372192382812
333299,592.0,1529.78173828125,258.4090576171875
382838,732.0,1712.625244140625,233.9652099609375
333308,802.0,2122.48828125,264.6494140625
333314,1607.0,881.635986328125,54.86222457885742
333318,454.0,1417.590087890625,312.2445068359375
399628,647.0,1637.93115234375,253.1578369140625
391361,559.0,1857.517578125,332.2929382324219
382855,1445.0,936.3232421875,64.79745483398438
349924,2062.0,2020.375732421875,97.98136138916016
382864,848.0,1192.0269775390625,140.56922912597656
357937,1800.0,379.6005859375,21.08892250061035
391372,791.0,2142.224365234375,270.8248291015625
349939,971.0,2146.179931640625,221.02780151367188
382900,400.0,1027.156982421875,256.78924560546875
391378,684.0,1169.3447265625,170.9568328857422
382921,840.0,1742.99169921875,207.49900817871094
349954,211.0,945.0999755859375,447.9147033691406
399674,1923.0,631.7041015625,32.84992980957031
382943,1219.0,1950.064453125,159.97247314453125
382950,1027.0,1501.450927734375,146.19775390625
391402,753.0,1680.603515625,223.18771362304688
382959,792.0,1736.672607421875,219.27684020996094
382964,1383.0,1504.716064453125,108.80087280273438
391412,830.0,1520.736572265625,183.2212677001953
349980,771.0,2620.542236328125,339.88873291015625
349984,1050.0,2067.718505859375,196.92556762695312
391423,680.0,1419.1162109375,208.6935577392578
358030,1256.0,2042.28173828125,162.60205078125
399740,1143.0,1377.9873046875,120.55882263183594
399747,1176.0,2214.8466796875,188.33729553222656
382996,480.0,1607.40625,334.8763122558594
350000,1087.0,2094.890380859375,192.72219848632812
358052,645.0,1479.11376953125,229.3199462890625
399779,873.0,2296.35791015625,263.0421447753906
358061,2064.0,7.592041015625,0.36783143877983093
383024,739.0,1141.6090087890625,154.48023986816406
399801,1211.0,1742.695068359375,143.90545654296875
391473,456.0,1145.5616455078125,251.2196502685547
383038,620.0,2097.25927734375,338.26763916015625
399825,305.0,918.4764404296875,301.1398010253906
391491,365.0,1616.5006103515625,442.8768615722656
391495,840.0,1036.8011474609375,123.42870330810547
399859,119.0,1256.5694580078125,1055.940673828125
391501,1724.0,833.10791015625,48.324127197265625
358102,1187.0,2450.877197265625,206.47659301757812
383065,1278.0,229.8009033203125,17.981290817260742
399904,221.0,1487.5831298828125,673.1145629882812
399917,1322.0,2150.05029296875,162.6361846923828
399926,401.0,1698.21728515625,423.4955749511719
358125,429.0,970.0797119140625,226.1258087158203
399936,1562.0,1672.925537109375,107.10150909423828
383090,351.0,1500.0487060546875,427.3642883300781
391545,1234.0,1888.21533203125,153.0158233642578
358155,448.0,3288.649169921875,734.073486328125
358159,1031.0,1695.13134765625,164.41622924804688
383130,591.0,2707.1904296875,458.0694580078125
358170,1518.0,1177.63818359375,77.5782699584961
391566,1166.0,1566.90673828125,134.38308715820312
391572,533.0,1082.544921875,203.10411071777344
383157,523.0,1597.980224609375,305.5411682128906
391579,1466.0,3442.98828125,234.85595703125
399990,504.0,1131.9150390625,224.58631896972656
391585,2801.0,183.132568359375,6.538114070892334
391592,579.0,700.0157470703125,120.90081787109375
391601,648.0,2558.103271484375,394.7690124511719
358230,955.0,1400.294921875,146.6277313232422
358241,401.0,1033.9420166015625,257.84088134765625
383215,458.0,800.823486328125,174.852294921875
391630,1315.0,174.6602783203125,13.282150268554688
391647,350.0,1145.889404296875,327.39697265625
391658,673.0,1371.0810546875,203.72674560546875
383238,974.0,1186.152587890625,121.78157806396484
358293,149.0,1096.746337890625,736.0713500976562
358311,716.0,1999.9248046875,279.319091796875
358323,641.0,452.915283203125,70.65760803222656
383285,1536.0,1233.349853515625,80.29621124267578
383313,1461.0,197.411865234375,13.512105941772461
410433,411.0,1137.2576904296875,276.70501708984375
426085,359.0,1063.051513671875,296.1146240234375
405221,1155.0,1361.144775390625,117.84803009033203
418259,973.0,771.6802978515625,79.30938720703125
410440,1215.0,2014.937255859375,165.8384552001953
410442,1007.0,1998.342041015625,198.44509887695312
420874,365.0,1053.155029296875,288.5356140136719
407838,713.0,1642.70458984375,230.3933563232422
413057,952.0,1159.43701171875,121.78959655761719
426112,130.0,1183.399658203125,910.3074340820312
413062,310.0,663.8564453125,214.14723205566406
423488,1424.0,1325.9140625,93.11194610595703
423489,1476.0,1417.79541015625,96.05659484863281
413068,1072.0,1174.80322265625,109.58985137939453
418283,747.0,1600.328369140625,214.23403930664062
423494,1610.0,1237.39501953125,76.8568344116211
426125,460.0,997.6234130859375,216.87464904785156
418304,130.0,1070.6141357421875,823.5493774414062
420896,770.0,2314.069091796875,300.5284423828125
418307,852.0,1385.58837890625,162.62774658203125
420901,644.0,2262.31689453125,351.29144287109375
402655,681.0,774.418701171875,113.71786499023438
405268,1193.0,1934.40185546875,162.14601135253906
400042,140.0,944.416015625,674.5828857421875
402660,588.0,2508.49072265625,426.6140441894531
423515,412.0,1470.5609130859375,356.9322509765625
400046,712.0,867.175537109375,121.79431915283203
420926,688.0,1372.98974609375,199.56246948242188
420930,1211.0,569.68701171875,47.04269027709961
410488,439.0,1503.4107666015625,342.46258544921875
410489,1463.0,170.1357421875,11.629237174987793
407881,460.0,1809.625,393.396728515625
428743,439.0,1381.6114501953125,314.7178649902344
413095,141.0,1329.7724609375,943.1010131835938
405288,1491.0,1.302978515625,0.08738957345485687
423536,1081.0,2019.940185546875,186.85848999023438
402704,198.0,1044.8193359375,527.6865234375
418347,1349.0,1068.724609375,79.22347259521484
402706,2887.0,1315.458984375,45.564910888671875
400070,351.0,1732.037841796875,493.45806884765625
420979,397.0,1226.490234375,308.9396057128906
418356,481.0,1646.24267578125,342.2541809082031
413140,665.0,1823.5234375,274.21405029296875
402711,2605.0,711.1240234375,27.29842758178711
410516,330.0,1661.634765625,503.52569580078125
407906,438.0,1097.3961181640625,250.54705810546875
418366,1112.0,1610.265625,144.8080596923828
421002,571.0,2180.65576171875,381.90118408203125
426176,360.0,862.091552734375,239.46987915039062
405320,1212.0,2229.323486328125,183.93759155273438
405322,429.0,2710.731201171875,631.8720703125
421016,593.0,2990.74755859375,504.3419494628906
413158,555.0,1902.677734375,342.8248291015625
423576,420.0,1188.4326171875,282.96014404296875
426189,635.0,1265.7735595703125,199.33441162109375
421028,1240.0,1229.9296875,99.18788146972656
421031,1805.0,188.479248046875,10.44206428527832
418384,740.0,1433.30859375,193.6903533935547
418386,501.0,682.243896484375,136.1764373779297
407960,1215.0,794.470947265625,65.38855743408203
400102,1235.0,2033.16845703125,164.6290283203125
410547,728.0,1427.271728515625,196.05380249023438
405340,2306.0,1915.5791015625,83.06934356689453
426206,723.0,1771.63525390625,245.03945922851562
421063,530.0,1784.739013671875,336.74322509765625
415770,762.0,1733.8623046875,227.54100036621094
428809,133.0,1205.421142578125,906.3317260742188
423597,954.0,1176.95947265625,123.37101745605469
421081,905.0,2355.658447265625,260.2937316894531
421083,1051.0,1273.4541015625,121.16593933105469
402757,340.0,826.6632080078125,243.13624572753906
407985,577.0,1112.32763671875,192.7777557373047
418407,1529.0,920.49609375,60.202491760253906
428827,278.0,1192.085693359375,428.8077697753906
423614,1043.0,1124.07275390625,107.77303314208984
413194,910.0,1209.40087890625,132.90118408203125
413198,608.0,945.3203125,155.48031616210938
413203,1191.0,2340.17529296875,196.48826599121094
400134,381.0,1700.5205078125,446.3308410644531
421125,2233.0,744.62451171875,33.34637451171875
400138,593.0,1895.702392578125,319.67999267578125
410583,810.0,1062.62109375,131.1877899169922
421138,537.0,1076.933349609375,200.54623413085938
428852,1406.0,855.62646484375,60.85536575317383
400143,1472.0,931.58349609375,63.28692626953125
405384,971.0,1745.561279296875,179.76943969726562
408016,1643.0,2309.8955078125,140.59010314941406
418433,1604.0,266.986083984375,16.645017623901367
402787,414.0,1515.7818603515625,366.1308898925781
410596,1001.0,1532.92626953125,153.1394805908203
423645,1403.0,1958.891357421875,139.6216278076172
426258,1684.0,772.0361328125,45.84537887573242
413220,411.0,958.51953125,233.2164306640625
428873,400.0,1146.149658203125,286.53741455078125
410606,1097.0,2519.61083984375,229.68194580078125
423655,229.0,959.4581298828125,418.97735595703125
408034,401.0,1336.587158203125,333.3135070800781
421198,319.0,870.9879150390625,273.0369567871094
428884,338.0,1571.433349609375,464.92108154296875
400168,853.0,2229.55029296875,261.3775329589844
410616,580.0,2182.234130859375,376.24725341796875
413235,1550.0,55.7587890625,3.5973410606384277
421219,323.0,799.351806640625,247.4773406982422
426280,926.0,1190.4169921875,128.55474853515625
405415,543.0,2308.455078125,425.1298522949219
415840,576.0,883.5093994140625,153.3870391845703
423674,1860.0,1659.88916015625,89.2413558959961
426290,498.0,1132.609375,227.43161010742188
426292,658.0,2324.719970703125,353.3009033203125
418473,1653.0,1226.884033203125,74.2216567993164
408062,258.0,912.4163818359375,353.6497497558594
415850,1127.0,1089.320556640625,96.65666198730469
413255,869.0,804.4736328125,92.57464599609375
428907,829.0,1906.9951171875,230.03558349609375
413260,776.0,2549.143310546875,328.4978332519531
426310,845.0,918.3701171875,108.682861328125
408073,1383.0,1219.32177734375,88.16498565673828
408076,590.0,1419.8707275390625,240.65606689453125
413269,366.0,1381.2421875,377.3885803222656
408081,799.0,1013.649658203125,126.86479187011719
423699,1262.0,1723.944091796875,136.6041259765625
402845,440.0,2396.53076171875,544.6660766601562
400222,1091.0,1730.663818359375,158.63096618652344
428926,762.0,1001.27294921875,131.40065002441406
426330,1040.0,1565.515625,150.5303497314453
418509,803.0,2377.2216796875,296.0425720214844
408099,158.0,1246.8172607421875,789.1248779296875
428934,1499.0,1571.66796875,104.84776306152344
428935,1521.0,3203.41748046875,210.61257934570312
428936,1209.0,458.6181640625,37.933677673339844
413291,229.0,1067.2874755859375,466.06439208984375
418521,671.0,3003.001220703125,447.54119873046875
415906,418.0,342.52081298828125,81.94277954101562
410647,701.0,1768.41650390625,252.27053833007812
400234,328.0,1673.4769287109375,510.20635986328125
415911,1412.0,1356.7724609375,96.08869934082031
418531,486.0,1956.55712890625,402.58380126953125
400243,381.0,2220.34765625,582.7683715820312
402884,699.0,1560.80224609375,223.2907257080078
426373,651.0,1702.48681640625,261.5187072753906
423736,732.0,2752.960693359375,376.0875244140625
410663,269.0,1072.149658203125,398.56866455078125
418543,231.0,1489.008544921875,644.5924072265625
410668,489.0,2386.00390625,487.93536376953125
410670,389.0,1422.030029296875,365.5604248046875
415936,736.0,2357.2490234375,320.2784118652344
426388,682.0,1596.7001953125,234.12026977539062
423749,351.0,783.795654296875,223.30360412597656
415948,471.0,1932.0146484375,410.1942138671875
415950,1381.0,676.712890625,49.00165939331055
410683,581.0,1449.6767578125,249.5140838623047
423758,1588.0,2367.0,149.055419921875
408195,1133.0,1023.587890625,90.34314727783203
408197,540.0,3176.724853515625,588.2824096679688
423762,293.0,783.869873046875,267.5323791503906
418563,1266.0,2120.6201171875,167.5055389404297
410694,1735.0,1504.77685546875,86.73065185546875
410695,1495.0,1018.9130859375,68.15472412109375
402912,412.0,1819.99072265625,441.7453308105469
413362,1193.0,1101.161865234375,92.30191802978516
421371,583.0,1028.2076416015625,176.3649444580078
413366,1624.0,799.2255859375,49.21339797973633
413368,441.0,1399.1575927734375,317.269287109375
426444,590.0,734.418212890625,124.4776611328125
415978,969.0,2096.847412109375,216.39292907714844
402926,612.0,1052.170166015625,171.92323303222656
415983,1144.0,2041.282470703125,178.4337921142578
421396,1736.0,1059.67236328125,61.04103469848633
418608,1152.0,2025.351318359375,175.81173706054688
400304,860.0,2551.212646484375,296.6526184082031
426458,150.0,1112.9849853515625,741.989990234375
405543,550.0,1276.78955078125,232.14353942871094
408231,551.0,2219.22265625,402.76275634765625
429002,664.0,2280.442626953125,343.4401550292969
408235,160.0,1164.0731201171875,727.5457153320312
408237,550.0,1217.0816650390625,221.28758239746094
423805,2158.0,668.75,30.989343643188477
402950,2059.0,610.70361328125,29.66020393371582
400322,1211.0,1908.634521484375,157.60813903808594
429012,807.0,700.91259765625,86.8541030883789
408252,371.0,655.413818359375,176.66140747070312
410735,1843.0,2174.658447265625,117.99557495117188
418633,1171.0,1529.6533203125,130.62796020507812
408257,511.0,1288.20166015625,252.09426879882812
410741,999.0,2817.93212890625,282.0752868652344
416014,437.0,1592.2891845703125,364.36822509765625
408261,561.0,1228.765625,219.03131103515625
410744,1140.0,2728.406005859375,239.3338623046875
421459,636.0,2152.373779296875,338.4235534667969
416022,1019.0,1409.45703125,138.3176727294922
421468,292.0,941.2269287109375,322.3379821777344
421472,106.0,926.4537353515625,874.012939453125
400344,721.0,1578.77294921875,218.9698944091797
413440,1453.0,269.61767578125,18.555931091308594
421483,806.0,1353.20068359375,167.89089965820312
418655,675.0,1896.2509765625,280.9260559082031
423839,290.0,629.299560546875,216.99984741210938
410764,299.0,924.3955078125,309.1623840332031
410765,1433.0,837.76611328125,58.46239471435547
400368,548.0,785.688720703125,143.3738555908203
402998,736.0,1867.642333984375,253.75576782226562
413452,1411.0,644.15771484375,45.652565002441406
423849,724.0,2255.0615234375,311.47259521484375
416048,880.0,1755.865234375,199.53013610839844
429071,450.0,2419.050537109375,537.5668334960938
405599,720.0,1389.321044921875,192.9612579345703
423856,313.0,2161.87744140625,690.6956787109375
403011,386.0,1235.6973876953125,320.12884521484375
416059,900.0,1519.212890625,168.80142211914062
429081,1572.0,1729.086181640625,109.99275207519531
423861,1484.0,693.6044921875,46.73884963989258
405612,439.0,1568.4384765625,357.2752685546875
403016,371.0,1646.187744140625,443.71636962890625
413473,789.0,1463.875,185.53549194335938
421520,2095.0,2647.390625,126.36709594726562
423873,1044.0,1688.988525390625,161.780517578125
403021,863.0,737.990478515625,85.51454162597656
405622,1500.0,1200.3837890625,80.02558135986328
400423,999.0,1154.261962890625,115.54173278808594
429100,2033.0,826.43505859375,40.6510124206543
421536,654.0,1867.089111328125,285.4876403808594
429104,371.0,725.093994140625,195.44313049316406
405631,1032.0,807.064697265625,78.20394897460938
418706,697.0,455.05810546875,65.2881088256836
429110,391.0,759.3587646484375,194.2093963623047
410821,491.0,1882.53857421875,383.4090576171875
408334,230.0,682.6648559570312,296.8108215332031
423893,522.0,1121.077392578125,214.7657928466797
421560,801.0,1873.61669921875,233.90969848632812
413509,1029.0,2704.494873046875,262.8274841308594
426566,993.0,787.0018310546875,79.25496673583984
413512,581.0,1727.67626953125,297.3625183105469
416104,250.0,1579.7740478515625,631.9096069335938
413517,197.0,830.583251953125,421.6158752441406
405661,303.0,716.64892578125,236.51779174804688
408349,906.0,1490.807373046875,164.54827880859375
426575,613.0,1964.427001953125,320.461181640625
429138,491.0,1507.4327392578125,307.0127868652344
423918,934.0,2159.833984375,231.24560546875
423922,461.0,1060.888427734375,230.1276397705078
405670,240.0,1714.9140625,714.5475463867188
413534,778.0,1311.1923828125,168.5337371826172
423933,240.0,1055.4320068359375,439.76336669921875
429150,1236.0,800.8616943359375,64.79463195800781
423942,420.0,1721.5263671875,409.88720703125
413544,1331.0,1196.776123046875,89.91555786132812
429161,210.0,1464.871826171875,697.5580444335938
408363,635.0,1477.701171875,232.70883178710938
416130,1861.0,1240.387451171875,66.65165710449219
421610,318.0,1736.78466796875,546.15869140625
400473,221.0,1445.140380859375,653.90966796875
423954,230.0,854.0152587890625,371.31097412109375
423957,329.0,940.2821044921875,285.8000183105469
421623,1352.0,1922.0146484375,142.1608428955078
408382,357.0,1631.6204833984375,457.0365295410156
421629,1713.0,291.31591796875,17.006183624267578
413574,942.0,1758.0537109375,186.62989807128906
416152,531.0,1763.23876953125,332.0600280761719
421641,1134.0,2676.59619140625,236.0314178466797
403096,515.0,957.5328369140625,185.92869567871094
413582,461.0,2640.9599609375,572.8763427734375
429189,190.0,1134.009521484375,596.8471069335938
418778,700.0,3287.58349609375,469.65478515625
421656,571.0,1738.19091796875,304.4117126464844
408401,300.0,1702.4820556640625,567.4940185546875
408404,360.0,1019.989990234375,283.33056640625
410904,926.0,1488.7744140625,160.7747802734375
429203,821.0,1788.11376953125,217.7970428466797
410910,629.0,1117.455810546875,177.6559295654297
408414,727.0,2187.034912109375,300.8301086425781
400510,504.0,1391.2708740234375,276.0458068847656
429213,1261.0,1354.797607421875,107.43834686279297
400512,656.0,1870.291015625,285.1053466796875
421672,289.0,2016.28662109375,697.6770629882812
403119,629.0,1240.2490234375,197.17791748046875
400521,408.0,1319.3370361328125,323.366943359375
424020,1207.0,1125.4033203125,93.23971557617188
408430,771.0,3549.884765625,460.4260559082031
424027,836.0,2069.050048828125,247.49403381347656
400530,1116.0,1093.47900390625,97.98198699951172
429226,487.0,2742.321533203125,563.1050415039062
424039,1277.0,2377.406494140625,186.1712188720703
426658,982.0,1225.51318359375,124.79767608642578
400537,1475.0,1906.876220703125,129.2797393798828
410932,820.0,2336.02978515625,284.8816833496094
413628,229.0,1000.1810302734375,436.7602844238281
424060,935.0,1358.06884765625,145.2480010986328
421709,1226.0,369.890869140625,30.17054557800293
408446,762.0,1047.87841796875,137.51686096191406
418823,718.0,1686.017578125,234.82139587402344
424073,678.0,1984.70263671875,292.72900390625
424079,487.0,1372.3223876953125,281.7910461425781
410951,577.0,2339.27978515625,405.4211120605469
424087,442.0,835.115234375,188.94009399414062
405752,650.0,1927.764892578125,296.5792236328125
408461,587.0,1786.316162109375,304.31280517578125
405759,526.0,2073.525146484375,394.206298828125
416222,611.0,2445.648681640625,400.26983642578125
426688,1012.0,2678.234375,264.6476745605469
400560,1010.0,3854.9072265625,381.6739807128906
413647,520.0,2194.3759765625,421.9953918457031
429255,1004.0,1075.99462890625,107.17078399658203
413649,871.0,1825.837890625,209.62548828125
416233,654.0,1399.64794921875,214.01345825195312
405783,1120.0,1572.25537109375,140.37994384765625
405785,822.0,119.93804931640625,14.591004371643066
426704,1352.0,1093.585205078125,80.886474609375
424154,840.0,1455.2265625,173.2412567138672
424158,871.0,1957.79443359375,224.77548217773438
429277,576.0,1794.29248046875,311.50909423828125
408485,1333.0,1368.5234375,102.66492462158203
416248,1152.0,1085.57275390625,94.2337417602539
416249,881.0,2597.65771484375,294.8533020019531
410984,471.0,1362.30322265625,289.2363586425781
405800,119.0,1104.3035888671875,927.9862670898438
403239,222.0,1022.556884765625,460.6112060546875
413675,816.0,1924.520751953125,235.84814453125
429292,927.0,1156.95947265625,124.80684661865234
424187,425.0,945.195556640625,222.39895629882812
408500,206.0,1520.1768798828125,737.949951171875
418875,862.0,2579.069091796875,299.1959533691406
408502,2793.0,377.984619140625,13.533284187316895
413684,937.0,1673.42431640625,178.59384155273438
416285,1009.0,815.789794921875,80.851318359375
424201,270.0,1457.847900390625,539.9436645507812
403259,1277.0,2638.602783203125,206.6251220703125
400602,531.0,2156.9482421875,406.2049255371094
429314,803.0,2839.04296875,353.5545349121094
408515,315.0,827.2401123046875,262.61590576171875
411020,651.0,2266.711669921875,348.1891784667969
403268,620.0,2003.0556640625,323.073486328125
426761,605.0,1309.8111572265625,216.49771118164062
424215,450.0,1943.9658203125,431.9924011230469
403273,975.0,2263.099365234375,232.11276245117188
411029,1086.0,888.71728515625,81.8340072631836
426770,1291.0,3241.6259765625,251.0941925048828
421805,233.0,1199.243408203125,514.6967163085938
405848,309.0,874.606689453125,283.04425048828125
426773,510.0,800.773193359375,157.01434326171875
400624,2111.0,1099.4560546875,52.08224105834961
405856,189.0,878.7109375,464.9264221191406
400628,929.0,2921.11181640625,314.4361572265625
400631,519.0,2449.402587890625,471.946533203125
429344,650.0,1818.43359375,279.759033203125
413724,459.0,2497.730224609375,544.1677856445312
424243,652.0,1410.00341796875,216.25819396972656
429350,340.0,1186.0152587890625,348.8280029296875
421843,311.0,1952.12841796875,627.6940307617188
424251,710.0,1654.0615234375,232.9664306640625
421848,449.0,1177.355712890625,262.2173156738281
421849,1220.0,1481.29833984375,121.41789245605469
405877,815.0,2146.871337890625,263.4197998046875
413741,262.0,1301.8865966796875,496.9032897949219
408553,380.0,611.3765258789062,160.88856506347656
424272,419.0,655.9000244140625,156.5393829345703
418966,457.0,1024.99169921875,224.2870330810547
405884,745.0,2901.501708984375,389.46331787109375
405886,1210.0,2355.907470703125,194.70309448242188
426807,1053.0,1185.220458984375,112.55654907226562
403324,396.0,1778.99951171875,449.2423095703125
400663,119.0,1300.124267578125,1092.5413818359375
424280,492.0,1472.8941650390625,299.3687438964844
413761,369.0,1612.8255615234375,437.0801086425781
405896,1990.0,1393.5537109375,70.02782440185547
403333,2306.0,2399.8671875,104.07057189941406
426818,1001.0,2789.251708984375,278.6465148925781
418981,269.0,1547.596435546875,575.3146362304688
418982,1833.0,3353.2958984375,182.94032287597656
421885,331.0,1305.0517578125,394.27545166015625
403341,1155.0,148.27520751953125,12.837679862976074
400680,411.0,1156.519775390625,281.39166259765625
413784,722.0,1176.05419921875,162.88839721679688
405929,883.0,330.823486328125,37.465850830078125
424303,881.0,2207.075439453125,250.51934814453125
403350,414.0,2093.12939453125,505.5868225097656
400690,491.0,1526.791748046875,310.9555358886719
405935,862.0,1380.30615234375,160.12832641601562
419002,97.0,1197.862060546875,1234.9093017578125
419004,615.0,2041.2080078125,331.90374755859375
421904,701.0,2411.593994140625,344.02197265625
400700,210.0,1228.8408203125,585.1622924804688
408606,588.0,1324.533935546875,225.26087951660156
411096,344.0,524.8320922851562,152.56747436523438
405951,730.0,2384.804931640625,326.68560791015625
411105,454.0,425.16937255859375,93.64964294433594
403368,822.0,214.3115234375,26.071962356567383
411108,1360.0,3079.07275390625,226.40240478515625
424326,1165.0,1090.063720703125,93.56769561767578
413824,1001.0,749.4215087890625,74.8672866821289
411115,632.0,1128.6378173828125,178.58192443847656
419020,1061.0,100.9072265625,9.510577201843262
426873,1377.0,757.51025390625,55.011634826660156
416445,825.0,714.405029296875,86.59455108642578
426881,637.0,2396.481689453125,376.2137756347656
411127,683.0,415.86962890625,60.888671875
416451,761.0,1606.095703125,211.05067443847656
426891,826.0,2485.8798828125,300.9539794921875
405975,510.0,2497.270263671875,489.66082763671875
400740,610.0,1843.82958984375,302.26715087890625
426901,761.0,3007.572265625,395.2131652832031
429456,1203.0,2150.045654296875,178.72366333007812
424385,1272.0,295.9742431640625,23.268415451049805
400746,885.0,347.1043701171875,39.22083282470703
400749,741.0,2746.23779296875,370.6123962402344
416465,685.0,1151.4459228515625,168.09429931640625
416470,441.0,645.494873046875,146.3707275390625
424392,823.0,1064.7176513671875,129.37030029296875
429472,1483.0,1842.835205078125,124.26399993896484
408649,1481.0,247.83154296875,16.734067916870117
403418,689.0,4209.423828125,610.9468383789062
403421,236.0,998.4129638671875,423.0563659667969
400767,1152.0,939.48681640625,81.55267333984375
421976,636.0,731.92626953125,115.08275604248047
421978,1144.0,943.6943359375,82.49076843261719
416490,441.0,1319.486572265625,299.20330810546875
400776,760.0,1675.3662109375,220.4429168701172
419072,1131.0,1774.441162109375,156.89134216308594
426940,245.0,1052.596923828125,429.6313781738281
403437,1303.0,1787.089111328125,137.15188598632812
408666,766.0,2084.253662109375,272.09576416015625
403440,752.0,1642.217041015625,218.3799285888672
421994,1444.0,147.844970703125,10.238571166992188
406027,1193.0,1627.21923828125,136.39724731445312
411177,130.0,1396.547607421875,1074.267333984375
421998,1189.0,2803.6875,235.80215454101562
426969,357.0,1166.103515625,326.6396179199219
406035,1022.0,1943.589111328125,190.175048828125
408677,731.0,1101.794189453125,150.7242431640625
411185,932.0,2398.736572265625,257.37518310546875
424427,907.0,1479.860107421875,163.15988159179688
429532,749.0,1372.36376953125,183.22613525390625
403456,711.0,1140.2257080078125,160.36929321289062
411195,943.0,1227.6181640625,130.1822052001953
429538,527.0,1450.81201171875,275.29638671875
419107,882.0,3425.501953125,388.37890625
419110,1001.0,2787.756103515625,278.49713134765625
406065,441.0,770.5146484375,174.71986389160156
403465,1333.0,1640.80029296875,123.09078979492188
422029,1084.0,2578.1552734375,237.83718872070312
411209,225.0,1432.20849609375,636.537109375
411210,1247.0,679.2667236328125,54.47207260131836
413933,910.0,2018.199951171875,221.78021240234375
400826,259.0,1802.921875,696.1088256835938
416544,391.0,1062.729248046875,271.7977600097656
403473,2677.0,1462.3115234375,54.6250114440918
424455,591.0,1625.38037109375,275.0220642089844
429564,1089.0,923.3895263671875,84.79242706298828
422048,300.0,1515.143798828125,505.0479431152344
429568,418.0,1098.95458984375,262.90777587890625
416559,479.0,928.931640625,193.9314422607422
429572,815.0,1272.890869140625,156.1829376220703
419147,485.0,2219.064697265625,457.53912353515625
424472,430.0,3399.138916015625,790.4974365234375
403493,630.0,1281.368896484375,203.3918914794922
422058,729.0,2635.99267578125,361.5902099609375
406097,460.0,1418.91943359375,308.4607238769531
427026,1514.0,858.96630859375,56.734893798828125
424484,269.0,1136.2113037109375,422.3833923339844
422067,811.0,2671.03515625,329.350830078125
422069,770.0,942.1546630859375,122.35774993896484
419163,1687.0,3029.3984375,179.5731201171875
411258,649.0,2133.61474609375,328.7541809082031
411260,1511.0,692.265869140625,45.81507873535156
406113,1483.0,2124.90966796875,143.28453063964844
403511,571.0,2021.61865234375,354.0487976074219
411267,209.0,980.12451171875,468.9591064453125
429593,1012.0,2815.88916015625,278.2499084472656
429596,1011.0,1962.9951171875,194.16371154785156
419178,1200.0,2117.6982421875,176.474853515625
408745,1570.0,111.77978515625,7.119731426239014
422088,991.0,3655.96044921875,368.9162902832031
413979,1531.0,2537.68115234375,165.753173828125
406125,842.0,2659.292236328125,315.8304138183594
427058,447.0,2866.90380859375,641.3655395507812
427059,1473.0,1472.609130859375,99.97346496582031
422098,580.0,1635.91845703125,282.0549011230469
416613,1083.0,2926.86572265625,270.25537109375
400919,2718.0,2298.478515625,84.5650634765625
416616,1011.0,1026.457275390625,101.5289077758789
403537,1443.0,955.0078125,66.1821060180664
424528,293.0,1513.984375,516.7182006835938
400925,912.0,1714.201171875,187.96066284179688
408772,417.0,598.8590698242188,143.6112823486328
400930,291.0,1146.618408203125,394.0269470214844
416629,531.0,1118.17578125,210.57925415039062
416632,591.0,1152.7099609375,195.04397583007812
427079,510.0,2271.4130859375,445.3751220703125
429633,1427.0,1356.134765625,95.03397369384766
416635,1989.0,864.762939453125,43.477272033691406
422130,801.0,1821.76416015625,227.4362335205078
424552,117.0,915.9161376953125,782.8342895507812
403559,1063.0,1432.61279296875,134.77072143554688
419228,580.0,1890.33154296875,325.9192199707031
429645,668.0,1894.34765625,283.5849609375
403565,370.0,1401.808837890625,378.86724853515625
427122,1623.0,122.28662109375,7.534603595733643
416650,681.0,1048.3115234375,153.93707275390625
403572,2018.0,2477.7177734375,122.7808609008789
408808,379.0,322.92474365234375,85.20441436767578
422152,410.0,1150.28125,280.556396484375
422159,501.0,890.606689453125,177.76580810546875
419239,863.0,281.7392578125,32.6464958190918
427136,631.0,2186.80126953125,346.56121826171875
419244,1092.0,2250.343017578125,206.0753631591797
408821,571.0,2815.7646484375,493.1286926269531
411352,991.0,2209.65625,222.9723663330078
424571,1648.0,1806.14990234375,109.59648132324219
419248,240.0,1386.192138671875,577.580078125
419250,911.0,1652.68359375,181.41421508789062
403603,576.0,1744.45166015625,302.8561706542969
427148,260.0,1576.75537109375,606.4443359375
400982,1090.0,1438.94775390625,132.01356506347656
400985,560.0,1041.75634765625,186.02792358398438
408841,739.0,2917.0185546875,394.72509765625
429686,782.0,1752.423828125,224.09512329101562
403614,622.0,1375.1168212890625,221.0798797607422
408847,540.0,1763.4638671875,326.5673828125
400994,442.0,669.4044189453125,151.44895935058594
414066,660.0,1695.1015625,256.8335876464844
419267,514.0,888.65185546875,172.88946533203125
429699,1021.0,1285.55712890625,125.91156768798828
411392,2588.0,2711.4794921875,104.77123260498047
401006,483.0,946.53466796875,195.96990966796875
424592,728.0,1704.333984375,234.11181640625
422206,249.0,838.67041015625,336.8154296875
403632,659.0,1161.1533203125,176.1992950439453
416706,1516.0,2717.97900390625,179.28622436523438
422212,1823.0,1689.29736328125,92.6657943725586
427185,1269.0,1628.646484375,128.3409423828125
406269,960.0,1465.523193359375,152.65866088867188
424607,868.0,2261.646240234375,260.5583190917969
401026,317.0,1125.4822998046875,355.041748046875
414094,450.0,1351.547607421875,300.34393310546875
406296,336.0,1946.7880859375,579.4011840820312
411418,393.0,1568.23828125,399.0428161621094
422224,620.0,2983.672119140625,481.2374572753906
401037,581.0,1589.79541015625,273.6308898925781
416730,1677.0,521.3603515625,31.088871002197266
416732,285.0,1663.200439453125,583.5791015625
408887,1344.0,51.457275390625,3.8286664485931396
416737,289.0,1083.364501953125,374.8666076660156
424631,223.0,1152.869384765625,516.9818115234375
422240,550.0,2727.427490234375,495.8959045410156
422242,441.0,1734.741943359375,393.36553955078125
401052,831.0,1314.925537109375,158.23411560058594
424641,780.0,1199.7344970703125,153.81210327148438
414121,1009.0,787.61376953125,78.05884552001953
411439,324.0,2217.842529296875,684.519287109375
414127,340.0,1416.84521484375,416.7192077636719
408903,558.0,1089.965576171875,195.33432006835938
424650,1244.0,1992.5791015625,160.1751708984375
429758,1520.0,1158.951416015625,76.2468032836914
416762,249.0,786.4649658203125,315.849365234375
408915,206.0,1216.205322265625,590.3909301757812
416764,2176.0,2574.8388671875,118.32898712158203
401070,1149.0,1836.2919921875,159.81654357910156
416767,1113.0,1415.11328125,127.14405059814453
419332,1948.0,55.1781005859375,2.8325512409210205
411458,961.0,2543.82421875,264.7059326171875
406365,337.0,1232.56005859375,365.7448425292969
416772,991.0,1861.5888671875,187.8495330810547
414155,181.0,1584.884765625,875.626953125
403691,530.0,2511.553466796875,473.87799072265625
414161,1270.0,1318.88525390625,103.84923553466797
429778,634.0,636.40185546875,100.37884521484375
416784,191.0,1322.094970703125,692.1963500976562
427286,1222.0,877.6103515625,71.81754302978516
419347,389.0,1545.8023681640625,397.37847900390625
408964,97.0,817.7570190429688,843.0484619140625
416791,491.0,782.29248046875,159.3263702392578
408969,604.0,2132.056640625,352.989501953125
416795,640.0,1894.920654296875,296.08135986328125
416797,561.0,2346.81005859375,418.32623291015625
427296,234.0,1486.837890625,635.4008178710938
403739,1513.0,1282.56884765625,84.76991271972656
411494,1221.0,2012.7568359375,164.84495544433594
416805,593.0,2359.063720703125,397.8184814453125
427306,421.0,1590.5875244140625,377.811767578125
408988,654.0,2611.217529296875,399.26873779296875
422312,927.0,1629.533203125,175.78567504882812
401133,635.0,1290.1044921875,203.1660614013672
429816,529.0,1570.49560546875,296.88006591796875
411505,670.0,1955.72314453125,291.8989562988281
411507,329.0,1167.751708984375,354.9397277832031
419380,1535.0,529.35595703125,34.4857292175293
422325,583.0,490.355712890625,84.10904693603516
411517,260.0,636.28076171875,244.72337341308594
419385,1008.0,1439.77099609375,142.8344268798828
424742,1204.0,1286.51171875,106.8531265258789
422332,584.0,1245.2138671875,213.2215576171875
414214,581.0,2558.177978515625,440.3060302734375
429836,565.0,2342.324951171875,414.57080078125
403795,631.0,1983.562255859375,314.3521728515625
429841,457.0,822.7537841796875,180.0336456298828
427333,561.0,1436.5789794921875,256.0746765136719
406436,906.0,863.25439453125,95.28194427490234
411533,560.0,2028.3515625,362.20562744140625
414226,171.0,809.8758544921875,473.6116027832031
427341,269.0,1816.75927734375,675.3751831054688
424769,594.0,1361.559326171875,229.21875
401170,512.0,1888.083984375,368.76641845703125
406448,1023.0,2367.314697265625,231.40907287597656
406451,691.0,1882.49755859375,272.430908203125
406452,1745.0,501.51220703125,28.73995590209961
409036,429.0,800.8707275390625,186.6831512451172
406456,1094.0,2026.965576171875,185.28021240234375
416876,170.0,1475.925537109375,868.1915283203125
419440,630.0,1006.1185302734375,159.70135498046875
414247,1421.0,2876.8115234375,202.44979858398438
416882,270.0,1272.2783203125,471.2142028808594
414249,632.0,1007.20654296875,159.3681182861328
419447,110.0,942.626953125,856.93359375
409052,330.0,634.2836303710938,192.2071533203125
411575,218.0,794.642333984375,364.51483154296875
427370,616.0,1155.381591796875,187.5619354248047
429885,1542.0,2365.291259765625,153.39112854003906
427372,891.0,1902.63720703125,213.53953552246094
401200,511.0,2051.755859375,401.51776123046875
422385,545.0,1002.550048828125,183.95413208007812
419461,881.0,2015.7080078125,228.7977294921875
414269,354.0,1373.9140625,388.1112976074219
422391,1458.0,1249.68896484375,85.7125473022461
401214,591.0,1561.5048828125,264.2140197753906
406488,711.0,1048.619140625,147.485107421875
424813,1171.0,1594.7978515625,136.19110107421875
403853,2198.0,1476.092529296875,67.15616607666016
409079,229.0,1403.201904296875,612.7518920898438
409080,2024.0,2058.21875,101.6906509399414
414290,290.0,556.3583984375,191.84771728515625
414293,889.0,2154.41259765625,242.3411102294922
422409,494.0,1114.58935546875,225.6253662109375
429916,2039.0,1301.638671875,63.83711242675781
403869,400.0,737.130615234375,184.28265380859375
429919,1397.0,1059.66552734375,75.85293579101562
401232,1293.0,1254.65478515625,97.0344009399414
401234,911.0,1148.23095703125,126.04071807861328
409100,1231.0,2740.4736328125,222.6217498779297
419521,463.0,953.825439453125,206.0098114013672
409106,800.0,881.322509765625,110.16531372070312
427412,601.0,1215.834228515625,202.30186462402344
427415,633.0,1617.768798828125,255.5717010498047
403890,531.0,1112.207275390625,209.45523071289062
411643,580.0,1287.5372314453125,221.9891815185547
429938,1253.0,4618.1513671875,368.5675354003906
416946,395.0,1887.7783203125,477.9185791015625
422443,698.0,1717.67724609375,246.0855712890625
416950,1483.0,1639.350830078125,110.5428695678711
403901,1012.0,2479.66015625,245.0257110595703
429971,951.0,464.976806640625,48.89345932006836
414334,385.0,952.888671875,247.5035400390625
411660,1035.0,1278.41357421875,123.51821899414062
416963,2222.0,438.2698974609375,19.724117279052734
416966,380.0,975.535400390625,256.7198486328125
414344,551.0,756.996826171875,137.385986328125
416970,861.0,2915.505126953125,338.6184997558594
429982,785.0,1287.94921875,164.06996154785156
427466,942.0,1963.174560546875,208.4049530029297
419556,739.0,2193.58642578125,296.83172607421875
401277,1596.0,2065.115478515625,129.3931884765625
401281,226.0,1326.26708984375,586.8438110351562
403924,421.0,648.1129150390625,153.94606018066406
403925,1343.0,1001.31396484375,74.55799865722656
414361,1029.0,1211.994140625,117.78369140625
401293,601.0,477.9666748046875,79.528564453125
416992,702.0,2180.923828125,310.67291259765625
401300,243.0,2265.901123046875,932.4695434570312
416995,1394.0,1997.111572265625,143.2648162841797
430005,879.0,2953.904052734375,336.05279541015625
409160,945.0,1010.7064208984375,106.95306396484375
409163,325.0,1463.50244140625,450.3084716796875
430010,843.0,2488.702392578125,295.2197265625
430012,768.0,1373.719970703125,178.86978149414062
427496,1282.0,2993.07373046875,233.46908569335938
403946,339.0,735.9432373046875,217.09239196777344
424914,607.0,2280.22802734375,375.6553649902344
401321,440.0,1147.3724365234375,260.7664489746094
419582,871.0,3241.41796875,372.1490173339844
417052,240.0,1084.9041748046875,452.04339599609375
409175,359.0,1271.42919921875,354.1585388183594
422517,950.0,252.8294677734375,26.613628387451172
406596,711.0,2689.983642578125,378.33807373046875
427518,640.0,1965.637451171875,307.130859375
419593,518.0,1442.536376953125,278.48193359375
424942,250.0,2140.5029296875,856.201171875
422528,521.0,2115.233154296875,405.9948425292969
409186,281.0,1015.1153564453125,361.2510070800781
427534,230.0,1230.65673828125,535.068115234375
409191,352.0,1258.4918212890625,357.5260925292969
419603,430.0,1163.779052734375,270.64630126953125
422537,980.0,1304.873046875,133.1503143310547
422540,381.0,1115.087646484375,292.6739196777344
414423,600.0,2390.595458984375,398.43255615234375
427545,1224.0,299.8372802734375,24.496509552001953
424959,618.0,570.500732421875,92.31403350830078
419616,491.0,1671.42236328125,340.411865234375
403979,560.0,1209.071044921875,215.90554809570312
427553,611.0,831.116943359375,136.02569580078125
422549,831.0,1516.739501953125,182.51979064941406
430092,1516.0,382.6881103515625,25.24327850341797
406630,801.0,1372.656005859375,171.36778259277344
411777,895.0,1475.02734375,164.80752563476562
430104,692.0,1661.453125,240.09437561035156
404005,2341.0,909.625244140625,38.85626983642578
417094,1157.0,602.52587890625,52.07656478881836
409219,885.0,1584.1611328125,179.0012664794922
409223,593.0,1229.8690185546875,207.39781188964844
411785,824.0,1915.9580078125,232.51918029785156
406647,753.0,2745.59228515625,364.6204833984375
411789,371.0,2097.900634765625,565.4718627929688
401384,1669.0,1292.853271484375,77.46275329589844
424986,690.0,1683.091552734375,243.9263153076172
401388,624.0,1607.804931640625,257.66107177734375
401390,525.0,1425.6490478515625,271.5522155761719
430134,333.0,1447.437255859375,434.66583251953125
419652,1272.0,476.8726806640625,37.489990234375
430138,1435.0,1600.007080078125,111.49874877929688
401400,253.0,1222.0289306640625,483.015380859375
401401,1395.0,1069.98583984375,76.70149230957031
411803,1714.0,1899.2158203125,110.80606079101562
409259,429.0,1084.9915771484375,252.9117889404297
425006,1509.0,2068.388916015625,137.07017517089844
401411,383.0,1946.587646484375,508.2474365234375
430152,653.0,1723.0830078125,263.871826171875
414490,542.0,1988.134765625,366.8145446777344
422599,121.0,1048.0123291015625,866.1258544921875
404087,888.0,2133.22119140625,240.22760009765625
422603,985.0,1021.1951904296875,103.67463684082031
404092,345.0,618.1890258789062,179.1852264404297
430167,1055.0,768.15625,72.81101989746094
411820,3201.0,1187.7060546875,37.104217529296875
401427,530.0,1638.90380859375,309.2271423339844
419686,952.0,1830.20703125,192.24864196777344
417147,914.0,1213.519775390625,132.7702178955078
425030,1059.0,900.59521484375,85.04203796386719
422619,1193.0,1136.3994140625,95.25560760498047
411831,1163.0,3638.5185546875,312.8562927246094
401439,352.0,1060.7840576171875,301.3591003417969
430199,700.0,2202.98486328125,314.7121276855469
406708,753.0,972.341064453125,129.1289520263672
417161,1103.0,1156.89599609375,104.88630676269531
404116,721.0,1907.25390625,264.5289611816406
430210,394.0,1461.598388671875,370.96405029296875
401446,1141.0,891.5867919921875,78.14082336425781
419737,419.0,1403.51416015625,334.96759033203125
419739,730.0,1501.120361328125,205.63291931152344
422644,800.0,680.3502197265625,85.04377746582031
425061,280.0,1126.345947265625,402.26641845703125
427638,942.0,2724.361572265625,289.2103576660156
411858,259.0,1028.9730224609375,397.2868957519531
417182,430.0,574.5385131835938,133.61361694335938
414536,356.0,1668.543212890625,468.6919250488281
411866,741.0,2383.896240234375,321.7134094238281
430229,540.0,1610.09423828125,298.1656188964844
425080,440.0,1492.5286865234375,339.2110595703125
427653,2225.0,2825.904296875,127.0069351196289
430233,1845.0,508.85498046875,27.580217361450195
414565,1434.0,925.33642578125,64.5283432006836
411879,202.0,1793.8258056640625,888.0325317382812
417199,1292.0,1939.291015625,150.09991455078125
411885,373.0,1095.3709716796875,293.6651611328125
404147,1122.0,1797.817138671875,160.23326110839844
422673,832.0,1441.07373046875,173.2059783935547
404152,352.0,1350.7601318359375,383.7386779785156
427670,264.0,1144.77001953125,433.6250305175781
411895,120.0,942.38623046875,785.3218383789062
411898,220.0,1198.039306640625,544.5633544921875
411901,571.0,1982.133056640625,347.1336364746094
419781,1692.0,608.55810546875,35.96678924560547
417222,351.0,1385.491943359375,394.72705078125
427680,1061.0,2604.4638671875,245.47254943847656
414589,389.0,1097.4908447265625,282.1313171386719
417230,650.0,1890.181640625,290.79718017578125
406764,2067.0,982.4365234375,47.52958297729492
411913,535.0,879.935546875,164.47393798828125
419795,776.0,669.506103515625,86.27655792236328
425120,1272.0,1131.9833984375,88.99240112304688
404182,746.0,1615.95458984375,216.6158905029297
419801,315.0,1564.3515625,496.61956787109375
404186,720.0,1271.905517578125,176.65353393554688
422704,954.0,583.521240234375,61.165748596191406
414610,426.0,1445.6197509765625,339.34735107421875
404192,1534.0,1557.5498046875,101.53518676757812
422714,1371.0,1401.828125,102.24858856201172
404196,1057.0,967.917236328125,91.57211303710938
422719,663.0,875.7061767578125,132.08238220214844
427724,1679.0,429.8076171875,25.599023818969727
404204,376.0,783.7469482421875,208.44332885742188
404206,625.0,2408.799072265625,385.4078674316406
409375,531.0,1895.64013671875,356.9943542480469
422727,745.0,1129.0140380859375,151.54551696777344
401539,1793.0,3360.412109375,187.4184112548828
430300,842.0,1805.841796875,214.4705352783203
417278,446.0,1039.6162109375,233.09780883789062
427739,2263.0,1493.642822265625,66.00277709960938
422735,1365.0,643.6546630859375,47.15419006347656
427742,428.0,1975.4345703125,461.5501403808594
417286,726.0,2947.641845703125,406.01129150390625
417290,193.0,1528.4283447265625,791.9317626953125
430319,619.0,1651.60400390625,266.8180847167969
417297,391.0,1273.978759765625,325.8257751464844
422743,1267.0,2635.6826171875,208.02545166015625
414647,1509.0,1223.405029296875,81.07389068603516
425178,503.0,1014.927978515625,201.7749481201172
409400,791.0,1805.14453125,228.21041870117188
401603,279.0,1241.8681640625,445.1140441894531
409405,1303.0,860.979736328125,66.07672882080078
427766,407.0,2303.30810546875,565.92333984375
417309,852.0,2420.423583984375,284.0872802734375
425190,1400.0,394.4808349609375,28.177202224731445
411985,520.0,1240.52783203125,238.5630340576172
422758,1156.0,1142.2255859375,98.80844116210938
409417,738.0,1430.266845703125,193.8031005859375
409419,752.0,1199.13720703125,159.45973205566406
427782,610.0,1128.117919921875,184.93736267089844
419872,1760.0,2244.080078125,127.50455474853516
425203,595.0,1362.0733642578125,228.91989135742188
409426,1217.0,1513.783935546875,124.38651275634766
404282,1164.0,2152.974853515625,184.96347045898438
422781,622.0,1033.777099609375,166.2021026611328
409431,414.0,1184.517333984375,286.11529541015625
404286,780.0,2509.342529296875,321.7105712890625
422790,497.0,1254.926025390625,252.5001983642578
419887,1569.0,715.6982421875,45.61492919921875
419889,999.0,1288.454833984375,128.97445678710938
412005,611.0,1647.23828125,269.59710693359375
404294,1285.0,1683.477294921875,131.00990295410156
425224,707.0,1023.6025390625,144.7811279296875
414739,1016.0,2793.14599609375,274.9159240722656
430358,480.0,1129.639404296875,235.341552734375
427815,1038.0,2121.94873046875,204.42666625976562
412018,79.0,1168.027587890625,1478.515869140625
430368,201.0,1074.70947265625,534.6813354492188
414751,752.0,2423.87548828125,322.3238830566406
422812,1513.0,847.37646484375,56.006378173828125
406902,680.0,1149.257568359375,169.0084686279297
425247,882.0,581.51318359375,65.93119812011719
427827,124.0,1314.8408203125,1060.35546875
406907,469.0,1767.787353515625,376.92694091796875
414764,432.0,1683.21337890625,389.6327209472656
404321,569.0,760.070068359375,133.57998657226562
404323,657.0,1037.468994140625,157.91004943847656
425255,1082.0,1980.445068359375,183.03558349609375
427839,521.0,2474.745849609375,474.9991760253906
404329,1193.0,2499.4052734375,209.50588989257812
427841,1344.0,1334.1171875,99.2646713256836
425260,984.0,2138.3916015625,217.31622314453125
412051,192.0,1065.5341796875,554.9657592773438
422840,932.0,2206.896240234375,236.79144287109375
422843,659.0,1868.327880859375,283.5095520019531
417380,558.0,2382.334716796875,426.9417419433594
406938,433.0,1602.62353515625,370.12091064453125
430402,731.0,2209.901611328125,302.3121032714844
422852,543.0,2619.18603515625,482.35467529296875
427865,340.0,1564.1397705078125,460.0411071777344
406945,302.0,875.2216796875,289.8085021972656
427868,781.0,788.54638671875,100.96624755859375
422857,1176.0,1248.60009765625,106.17347717285156
406951,229.0,1197.5146484375,522.93212890625
430413,681.0,917.6181640625,134.74569702148438
422864,732.0,489.7110595703125,66.90042114257812
425309,305.0,1044.856689453125,342.5759582519531
425310,1133.0,391.36279296875,34.542171478271484
417408,1085.0,1285.62255859375,118.49055480957031
401727,939.0,1886.101806640625,200.86280822753906
401729,1113.0,820.8785400390625,73.7536849975586
406966,1254.0,1512.531005859375,120.61650848388672
406969,251.0,1243.122802734375,495.26806640625
412095,414.0,768.81787109375,185.70480346679688
422890,253.0,1212.0526123046875,479.07220458984375
427893,590.0,1728.9248046875,293.0381164550781
414828,812.0,989.294921875,121.8343505859375
404362,511.0,1450.574951171875,283.869873046875
430441,621.0,1263.2288818359375,203.41848754882812
430443,1433.0,1534.384033203125,107.074951171875
414838,1194.0,888.8798828125,74.44554901123047
417441,228.0,1034.4786376953125,453.7187194824219
406993,530.0,983.048828125,185.4809112548828
404375,944.0,1837.3876953125,194.63851928710938
401761,480.0,1081.9805908203125,225.41262817382812
425348,910.0,399.10888671875,43.85811996459961
427909,1509.0,262.00732421875,17.362977981567383
427912,890.0,1009.0238037109375,113.37345886230469
414857,680.0,1634.67919921875,240.3939971923828
430458,341.0,853.25048828125,250.22007751464844
425368,1808.0,581.889404296875,32.184146881103516
422929,276.0,1055.5419921875,382.4427490234375
407012,472.0,1497.4345703125,317.2530822753906
412123,1186.0,1558.07763671875,131.3724822998047
430470,821.0,2468.774169921875,300.70330810546875
404404,824.0,2753.349609375,334.1443786621094
427934,516.0,1562.561279296875,302.82196044921875
401788,931.0,1624.72509765625,174.51397705078125
407020,320.0,1418.866455078125,443.395751953125
417523,1412.0,2851.708984375,201.96240234375
414884,603.0,2158.30322265625,357.92755126953125
404415,1143.0,1277.478759765625,111.76541900634766
420047,693.0,1290.041015625,186.15310668945312
409617,1072.0,1034.413330078125,96.49378204345703
425394,1345.0,1873.711181640625,139.30938720703125
430509,187.0,1011.948486328125,541.14892578125
404426,511.0,3209.75390625,628.1318359375
427957,522.0,2999.18701171875,574.556884765625
409628,602.0,2128.26513671875,353.53240966796875
430523,480.0,1240.492431640625,258.4359130859375
430531,474.0,2114.03955078125,445.9999084472656
404438,666.0,2873.2578125,431.4200744628906
409636,1575.0,3984.853515625,253.00657653808594
404442,260.0,890.3089599609375,342.426513671875
407046,792.0,1818.62158203125,229.62393188476562
425416,912.0,1246.294677734375,136.65512084960938
425419,505.0,1109.7669677734375,219.75584411621094
417553,1015.0,322.437744140625,31.767263412475586
401829,337.0,1640.597412109375,486.8241882324219
430558,815.0,1187.6815185546875,145.727783203125
414920,128.0,843.297607421875,658.8262329101562
422979,1508.0,1389.383056640625,92.1341552734375
407058,551.0,1255.364990234375,227.8339385986328
422983,2118.0,754.125,35.60552215576172
420094,683.0,1102.1591796875,161.37030029296875
417567,1440.0,371.6231689453125,25.80716323852539
422989,455.0,1256.9931640625,276.2622375488281
401842,2381.0,628.6982421875,26.40479850769043
420103,321.0,1498.619873046875,466.8597717285156
425452,800.0,2729.686279296875,341.2107849121094
430582,1001.0,619.5780029296875,61.89590835571289
430585,780.0,1434.99755859375,183.9740447998047
409679,293.0,1135.1591796875,387.4263610839844
420116,380.0,449.89129638671875,118.39244079589844
409682,1336.0,2148.33984375,160.8038787841797
407086,640.0,1726.09326171875,269.70208740234375
417578,471.0,2451.623291015625,520.5144653320312
414953,733.0,1609.771484375,219.61412048339844
409691,666.0,1348.4671630859375,202.47254943847656
425480,907.0,1873.8740234375,206.60133361816406
423018,729.0,1598.89794921875,219.32757568359375
425489,1575.0,2278.857421875,144.68936157226562
409697,1393.0,443.66552734375,31.84964370727539
407118,720.0,1968.955078125,273.46600341796875
404541,393.0,2081.876953125,529.7396850585938
404543,752.0,2155.685791015625,286.66033935546875
407125,650.0,1776.80419921875,273.3544921875
417605,1080.0,1334.765625,123.58940887451172
430637,580.0,2139.884765625,368.9456481933594
401880,481.0,2040.178466796875,424.15350341796875
420148,791.0,2293.19189453125,289.9104919433594
401883,973.0,2207.18359375,226.84312438964844
420152,581.0,3096.423095703125,532.9471435546875
414976,599.0,987.06201171875,164.78497314453125
404559,771.0,2110.7587890625,273.76898193359375
409718,570.0,2189.700439453125,384.157958984375
414981,1464.0,539.33837890625,36.84005355834961
420160,442.0,1659.99462890625,375.56439208984375
420162,578.0,1580.95947265625,273.52239990234375
412237,882.0,955.66748046875,108.35232543945312
428033,1423.0,873.3583984375,61.37445068359375
430670,1753.0,33.752685546875,1.9254240989685059
412245,1144.0,3556.79296875,310.9084777832031
407160,1272.0,2393.245849609375,188.14825439453125
420171,615.0,1992.988037109375,324.0630798339844
430686,772.0,1901.1298828125,246.26036071777344
407167,761.0,1002.803955078125,131.7744903564453
409737,845.0,2641.22119140625,312.570556640625
420179,826.0,2498.40625,302.4704895019531
415008,90.0,1117.702392578125,1241.8916015625
409745,425.0,988.6614990234375,232.626220703125
401925,1825.0,1387.495361328125,76.02714538574219
412264,178.0,886.650146484375,498.1180725097656
430699,666.0,841.178466796875,126.3030776977539
423075,341.0,1840.7578125,539.8116455078125
428051,438.0,1483.0482177734375,338.5954895019531
423078,1353.0,922.3564453125,68.17121124267578
404603,782.0,3195.61181640625,408.64599609375
430712,1063.0,1745.319580078125,164.1881103515625
404607,450.0,1586.2850341796875,352.5077819824219
425588,821.0,2481.3896484375,302.23992919921875
420203,750.0,3454.9208984375,460.6561279296875
407196,2096.0,2059.904296875,98.27787780761719
430738,124.0,1101.782958984375,888.53466796875
412288,499.0,1382.6505126953125,277.08428955078125
430749,209.0,1396.638427734375,668.248046875
401946,1423.0,1047.1455078125,73.58717346191406
409787,461.0,2199.4658203125,477.1075744628906
412299,379.0,2808.44287109375,741.0139770507812
409793,829.0,1607.926025390625,193.959716796875
401951,1154.0,1401.656005859375,121.46066284179688
415052,333.0,834.270751953125,250.53176879882812
401955,351.0,962.3572998046875,274.1758728027344
415055,433.0,1098.0361328125,253.58802795410156
420238,659.0,3594.28369140625,545.4148559570312
401959,581.0,1086.7818603515625,187.05368041992188
423115,1559.0,250.3433837890625,16.057945251464844
430776,141.0,1362.8271484375,966.5440673828125
401963,871.0,1210.62646484375,138.99270629882812
407220,1137.0,2310.028076171875,203.168701171875
415071,1020.0,1955.993408203125,191.76405334472656
430789,259.0,964.4735107421875,372.38360595703125
423128,1050.0,1532.0712890625,145.9115447998047
412333,189.0,1802.7078857421875,953.813720703125
430800,1235.0,1395.40283203125,112.98807525634766
430804,419.0,1006.4859619140625,240.21144104003906
430809,310.0,882.109130859375,284.55133056640625
415086,595.0,1275.43310546875,214.35848999023438
430817,630.0,2080.864990234375,330.2960510253906
428105,1513.0,2927.2978515625,193.4763946533203
404668,261.0,935.50732421875,358.43194580078125
401994,486.0,1398.5135498046875,287.760009765625
425655,745.0,2104.17236328125,282.4392395019531
401998,1297.0,880.182861328125,67.86298370361328
412357,147.0,1558.587158203125,1060.2633056640625
417737,882.0,1643.371337890625,186.3232879638672
425662,443.0,834.876220703125,188.4596405029297
409870,400.0,2609.29443359375,652.3236083984375
420280,1433.0,746.2265625,52.074424743652344
417750,451.0,846.906494140625,187.78414916992188
407264,1182.0,2260.829345703125,191.27151489257812
417753,1040.0,1788.895263671875,172.0091552734375
428127,833.0,1256.5,150.84034729003906
428129,1224.0,2765.368896484375,225.9288330078125
423162,857.0,1706.23876953125,199.0943603515625
423165,413.0,1803.03955078125,436.5713195800781
402025,425.0,2046.9140625,481.6268310546875
420294,1819.0,2225.72509765625,122.35982513427734
430847,805.0,1871.09765625,232.4344940185547
404713,320.0,1253.278076171875,391.6493835449219
420300,1486.0,836.783203125,56.311119079589844
425692,1223.0,1316.1689453125,107.61807250976562
407288,772.0,1808.32666015625,234.23919677734375
430856,637.0,1873.14111328125,294.0566711425781
412420,1273.0,1798.289306640625,141.26388549804688
425702,634.0,2185.902587890625,344.77960205078125
404730,1361.0,1177.2119140625,86.49609375
404731,2021.0,394.6534423828125,19.527631759643555
412426,281.0,1840.76806640625,655.0775756835938
404734,1101.0,756.0689697265625,68.67111206054688
402057,530.0,259.3345947265625,48.93105697631836
425715,911.0,1831.19482421875,201.0093231201172
404739,460.0,1585.5811767578125,344.6915588378906
409909,288.0,856.3203125,297.33343505859375
425723,180.0,928.7882080078125,515.9934692382812
402068,702.0,1653.43310546875,235.5317840576172
425730,271.0,1573.05322265625,580.4624633789062
412444,652.0,2980.3017578125,457.10150146484375
415183,249.0,1194.4893798828125,479.7146301269531
425735,2869.0,506.163818359375,17.64251708984375
402077,1271.0,18.18994140625,1.4311519861221313
415188,1534.0,1855.703857421875,120.97157287597656
428175,983.0,1889.6923828125,192.23727416992188
425741,1537.0,1992.88623046875,129.66078186035156
417833,700.0,807.3095703125,115.3299331665039
407371,121.0,673.2782592773438,556.4283447265625
430898,627.0,2401.40576171875,382.99932861328125
415201,329.0,1491.0440673828125,453.2048645019531
420358,209.0,1334.9852294921875,638.7489013671875
423233,210.0,758.0068359375,360.9556579589844
407379,1345.0,2387.832275390625,177.53399658203125
428193,911.0,497.3720703125,54.596275329589844
404779,439.0,1169.288330078125,266.3526916503906
415211,390.0,1378.373291015625,353.4290466308594
420372,1562.0,2624.328125,168.01075744628906
404786,168.0,1150.388671875,684.7551879882812
402105,210.0,1565.310302734375,745.3858642578125
428206,470.0,1577.833740234375,335.7093200683594
423257,792.0,1846.445556640625,233.13705444335938
423260,693.0,1173.7501220703125,169.372314453125
430930,2052.0,854.619384765625,41.64811706542969
415228,637.0,1687.62548828125,264.933349609375
420386,640.0,1373.6302490234375,214.6297149658203
423270,812.0,1910.36669921875,235.26683044433594
412494,270.0,2015.8251953125,746.6019287109375
425784,229.0,1185.987060546875,517.8982543945312
402126,862.0,2134.387451171875,247.6087646484375
423277,421.0,1507.03515625,357.965576171875
430943,637.0,986.1881103515625,154.81761169433594
425795,371.0,1165.888671875,314.2557067871094
410000,532.0,1795.696533203125,337.53692626953125
417901,1036.0,1992.444091796875,192.32086181640625
430951,412.0,1928.0146484375,467.9646911621094
423289,745.0,1826.2451171875,245.13356018066406
412510,841.0,1887.0439453125,224.38096618652344
402139,1566.0,1108.875,70.80938720703125
402142,646.0,1894.54638671875,293.2734375
415254,398.0,1848.11865234375,464.3514099121094
428243,288.0,1129.6993408203125,392.2567138671875
412519,993.0,1540.3115234375,155.11697387695312
425806,1090.0,412.0390625,37.80175018310547
412523,681.0,1527.11376953125,224.24578857421875
415262,1454.0,1460.05712890625,100.41658782958984
404833,1801.0,1022.606201171875,56.7799072265625
420442,611.0,3212.743408203125,525.8172607421875
404837,309.0,1245.900634765625,403.2041015625
407463,399.0,821.73876953125,205.94956970214844
423313,1331.0,796.419921875,59.83620834350586
415274,986.0,1978.046875,200.61328125
402161,1720.0,2401.3115234375,139.6111297607422
404846,1936.0,1947.145263671875,100.57568359375
425820,710.0,2711.75439453125,381.937255859375
412533,1404.0,1582.72900390625,112.72998809814453
412536,443.0,953.9443359375,215.3373260498047
415290,364.0,391.467041015625,107.54589080810547
410041,231.0,1273.09765625,551.12451171875
410046,228.0,1400.422607421875,614.220458984375
425829,389.0,1002.896484375,257.8139953613281
425831,328.0,1081.0078125,329.5755615234375
415295,1231.0,1706.976318359375,138.66583251953125
418058,59.0,831.1622924804688,1408.7496337890625
407495,1292.0,529.07666015625,40.9502067565918
431007,1068.0,2450.59033203125,229.45602416992188
420510,274.0,678.6857299804688,247.6955108642578
404869,1503.0,2087.388427734375,138.8814697265625
420521,1277.0,3532.3671875,276.614501953125
415306,787.0,2778.7265625,353.0783386230469
420530,234.0,1173.80078125,501.6242370605469
410067,1286.0,830.330322265625,64.56689453125
407510,730.0,1034.797607421875,141.7530975341797
402217,1984.0,1718.675048828125,86.62677001953125
428308,1106.0,1654.54931640625,149.5975799560547
425862,450.0,925.2197265625,205.60438537597656
412581,641.0,1517.71923828125,236.773681640625
404887,701.0,2220.845947265625,316.81109619140625
415325,48.0,658.9266967773438,1372.763916015625
423363,539.0,1618.49853515625,300.27801513671875
428316,565.0,2555.125732421875,452.2346496582031
415330,791.0,2510.595947265625,317.3951721191406
402232,1056.0,1963.60498046875,185.94744873046875
404900,260.0,1660.1080322265625,638.5030517578125
415334,371.0,1567.1903076171875,422.42327880859375
407535,1356.0,1660.79638671875,122.47761535644531
415338,711.0,2581.36328125,363.0609436035156
415341,992.0,3290.064453125,331.65972900390625
404910,520.0,1203.1357421875,231.37225341796875
410103,628.0,2230.68994140625,355.20538330078125
402245,1463.0,1877.882080078125,128.35830688476562
415348,650.0,1536.6318359375,236.40489196777344
423388,439.0,1117.381103515625,254.5287322998047
423390,542.0,1682.223876953125,310.3734130859375
420613,524.0,870.7373046875,166.17123413085938
410115,613.0,1086.06103515625,177.1714630126953
407553,991.0,984.726318359375,99.36693572998047
420626,543.0,2076.548583984375,382.4214782714844
428339,1740.0,2367.32470703125,136.0531463623047
420634,320.0,2246.9248046875,702.1640014648438
423400,877.0,1527.3818359375,174.15985107421875
431068,645.0,2517.461669921875,390.30413818359375
425908,660.0,2337.86279296875,354.22161865234375
404935,849.0,975.640869140625,114.9164810180664
423407,968.0,2348.999755859375,242.66526794433594
404940,710.0,2463.879638671875,347.0252990722656
425916,2232.0,696.4239501953125,31.2017879486084
407571,217.0,1260.466796875,580.8602905273438
402275,485.0,1048.82861328125,216.25332641601562
428360,911.0,1514.1044921875,166.2024688720703
431083,661.0,1416.900634765625,214.3571319580078
412630,796.0,1116.00341796875,140.20143127441406
407577,406.0,1246.468994140625,307.0120544433594
415389,511.0,1236.1492919921875,241.9078826904297
420679,1451.0,476.785400390625,32.85908889770508
420684,683.0,1973.32080078125,288.9195861816406
402293,404.0,1276.056884765625,315.8556823730469
410154,414.0,407.26007080078125,98.37200164794922
415403,1559.0,279.8194580078125,17.948650360107422
412646,558.0,1389.985595703125,249.10134887695312
425939,510.0,753.7918701171875,147.8023223876953
420702,1187.0,929.93212890625,78.34305572509766
428380,388.0,1216.140869140625,313.4383544921875
428382,631.0,2004.276611328125,317.63494873046875
404971,2696.0,3872.41796875,143.63568115234375
431118,732.0,2630.151123046875,359.3102722167969
402315,858.0,2278.896728515625,265.6056823730469
431127,731.0,3559.796875,486.9763488769531
420724,689.0,2173.8310546875,315.5052490234375
431132,351.0,998.0660400390625,284.34930419921875
418237,1196.0,1803.183837890625,150.7678680419922
404979,499.0,345.0599365234375,69.15028381347656
420737,1173.0,2083.729248046875,177.64102172851562
423467,299.0,1977.7099609375,661.4414672851562
425965,832.0,1509.238037109375,181.3988037109375
418247,661.0,1100.4599609375,166.48410034179688
420752,637.0,1742.58154296875,273.5606994628906
412682,802.0,2275.31787109375,283.7054748535156
420760,240.0,1340.396484375,558.49853515625
418256,823.0,1061.88134765625,129.0256805419922
407632,600.0,728.812255859375,121.46871185302734
402341,240.0,1642.3607177734375,684.3169555664062
420774,430.0,829.316650390625,192.8643341064453
402346,671.0,1616.739990234375,240.94485473632812
407643,399.0,1819.30029296875,455.9649963378906
410210,1427.0,1135.96484375,79.6051025390625
410212,1343.0,1651.365234375,122.96092224121094
407652,852.0,1543.1953125,181.126220703125
407655,1236.0,86.8529052734375,7.026933670043945
431171,219.0,2095.739990234375,956.9588623046875
420813,354.0,1269.434814453125,358.597412109375
420817,201.0,1164.3974609375,579.30224609375
410234,339.0,1751.91162109375,516.7880859375
420823,1154.0,1476.629150390625,127.95746612548828
426007,625.0,1737.287841796875,277.9660339355469
431184,1360.0,1381.22705078125,101.56080627441406
407671,1895.0,361.9580078125,19.10068702697754
402375,180.0,1477.6278076171875,820.9043579101562
428439,139.0,1165.7244873046875,838.6506958007812
420849,1130.0,1288.05712890625,113.98736572265625
410255,1102.0,3114.81103515625,282.6507263183594
410256,1583.0,2453.04150390625,154.96156311035156
410258,633.0,2015.634033203125,318.42559814453125
420863,1364.0,297.898681640625,21.840078353881836
402391,1031.0,2009.03173828125,194.86244201660156
428456,780.0,1362.913818359375,174.7325439453125
426033,2153.0,1375.27001953125,63.876914978027344
431209,293.0,872.668212890625,297.8389892578125
402404,915.0,2006.63525390625,219.3043975830078
402408,251.0,1440.0172119140625,573.7120361328125
412748,3006.0,1197.8759765625,39.8494987487793
428470,1160.0,3417.3701171875,294.6008605957031
431222,1005.0,469.5968017578125,46.726051330566406
428473,2442.0,497.1953125,20.36016845703125
415566,1153.0,1488.51318359375,129.09915161132812
431231,279.0,690.542236328125,247.50619506835938
431235,618.0,1228.982666015625,198.864501953125
428481,510.0,1631.7353515625,319.9480895996094
431244,670.0,2704.011962890625,403.5838623046875
407720,972.0,1424.75537109375,146.57977294921875
415582,313.0,1505.559814453125,481.009521484375
405087,895.0,912.1759033203125,101.9190902709961
402429,1571.0,600.95263671875,38.252872467041016
405091,1279.0,1133.90478515625,88.65557098388672
407731,681.0,2268.708740234375,333.1437072753906
428507,522.0,1209.1002197265625,231.62838745117188
428509,1438.0,535.8583984375,37.26414489746094
431290,937.0,1547.66259765625,165.17210388183594
405104,1302.0,2127.1796875,163.3778533935547
415611,221.0,730.7879638671875,330.67327880859375
428524,511.0,870.705078125,170.3923797607422
415617,144.0,1235.39208984375,857.9111938476562
407763,270.0,1147.811767578125,425.115478515625
410386,663.0,2212.944091796875,333.7773742675781
402453,1284.0,1108.78076171875,86.35364532470703
410395,463.0,2084.65380859375,450.24920654296875
407773,992.0,2941.844970703125,296.55694580078125
402462,431.0,1091.4776611328125,253.2430877685547
407780,643.0,994.361328125,154.64405822753906
415643,822.0,2697.15771484375,328.1213684082031
405148,822.0,1777.94873046875,216.2954559326172
405152,289.0,2100.424072265625,726.7903442382812
402481,1059.0,2123.148681640625,200.48617553710938
410421,582.0,1110.4111328125,190.7922821044922
410426,189.0,1522.6934814453125,805.657958984375
410429,1705.0,2782.50732421875,163.19691467285156
405177,371.0,1966.747314453125,530.1205444335938
428590,1309.0,284.038818359375,21.698915481567383
405189,424.0,903.080810546875,212.99075317382812
412891,410.0,1853.943359375,452.1813049316406
402508,169.0,1112.4110107421875,658.2313232421875
405205,278.0,1250.6495361328125,449.8739318847656
405210,178.0,990.7305908203125,556.5902099609375
428618,695.0,2263.439453125,325.67474365234375
402536,680.0,2125.2353515625,312.53460693359375
402543,980.0,1406.527099609375,143.52316284179688
412940,776.0,2351.792724609375,303.0660705566406
412947,743.0,1094.5225830078125,147.31124877929688
428651,1071.0,1119.40234375,104.51935577392578
412965,278.0,1196.213623046875,430.29266357421875
402584,1122.0,1320.673828125,117.70710754394531
402593,389.0,2040.298828125,524.4984130859375
428675,862.0,2236.581787109375,259.4642333984375
412994,131.0,761.1162109375,581.0047607421875
413010,648.0,1324.102294921875,204.33676147460938
413031,780.0,2306.5693359375,295.7140197753906
213202,320.0,1315.9013671875,411.21917724609375
213205,409.0,1367.72265625,334.4065246582031
200241,1541.0,270.8212890625,17.574386596679688
219720,180.0,894.5771484375,496.9873046875
224024,323.0,716.7744140625,221.9115753173828
202433,722.0,1334.88525390625,184.8871612548828
204615,231.0,768.3024291992188,332.59844970703125
208989,800.0,1436.43994140625,179.55499267578125
224033,433.0,1067.753662109375,246.59437561035156
221849,796.0,1988.195068359375,249.7732391357422
200270,761.0,1250.947998046875,164.3821258544922
217553,373.0,854.2413330078125,229.0191192626953
208997,550.0,1954.306884765625,355.3285217285156
202449,335.0,1845.56396484375,550.9146118164062
219754,650.0,2002.61669921875,308.0948791503906
219756,440.0,423.580078125,96.26820373535156
200291,1147.0,578.602294921875,50.4448356628418
211094,761.0,1160.869873046875,152.54531860351562
211096,489.0,958.24609375,195.96034240722656
209013,1573.0,1801.7490234375,114.5422134399414
209015,1744.0,1320.00830078125,75.68854522705078
202465,335.0,1071.560791015625,319.868896484375
204654,200.0,985.7838134765625,492.8918762207031
209026,1327.0,6.13037109375,0.461972177028656
202472,399.0,701.460205078125,175.8045654296875
213240,2404.0,113.07275390625,4.703525543212891
204663,849.0,1543.998291015625,181.86080932617188
200310,1351.0,698.90380859375,51.732330322265625
217590,1118.0,895.3145751953125,80.08180236816406
204671,409.0,567.0869140625,138.65206909179688
206817,332.0,723.0826416015625,217.7959747314453
204675,464.0,1833.8056640625,395.21673583984375
219792,692.0,1463.29052734375,211.45816040039062
224082,760.0,1398.8779296875,184.06288146972656
217600,459.0,1083.8009033203125,236.12220764160156
215425,509.0,1679.7724609375,330.01422119140625
217606,410.0,905.87890625,220.94607543945312
221925,412.0,1064.38671875,258.3462829589844
221930,400.0,525.7039794921875,131.42599487304688
209059,697.0,1834.37646484375,263.18170166015625
224091,1202.0,715.2855224609375,59.50794982910156
209062,1425.0,490.3179931640625,34.40827941894531
224095,230.0,946.1795654296875,411.3824462890625
215442,1062.0,219.4420166015625,20.663089752197266
204702,633.0,659.40087890625,104.1707534790039
221945,501.0,941.188720703125,187.8620147705078
204709,415.0,1303.595947265625,314.1195068359375
224105,1012.0,2775.949951171875,274.3033752441406
224107,600.0,833.609130859375,138.93484497070312
221957,633.0,1557.13037109375,245.99215698242188
221962,292.0,1241.0146484375,425.0050048828125
215455,750.0,917.5989990234375,122.3465347290039
213296,774.0,1538.05322265625,198.7148895263672
202537,1144.0,880.886474609375,77.00056457519531
200368,600.0,1002.3837890625,167.06396484375
219844,272.0,627.9939575195312,230.88014221191406
206886,169.0,1015.0001220703125,600.591796875
209093,369.0,1010.884765625,273.9525146484375
206889,582.0,678.6396484375,116.60474395751953
202560,372.0,1626.3905029296875,437.2017517089844
219853,460.0,970.220703125,210.91754150390625
222005,481.0,1155.69189453125,240.26858520507812
211186,530.0,985.84033203125,186.0076141357422
213326,430.0,749.773681640625,174.365966796875
206909,344.0,765.74609375,222.60060119628906
217661,654.0,2321.11572265625,354.91064453125
217663,441.0,721.9442138671875,163.7061767578125
224142,290.0,877.626953125,302.6300048828125
204753,1099.0,1500.70849609375,136.55218505859375
206930,882.0,2260.7939453125,256.3258361816406
200413,249.0,813.0479736328125,326.5252685546875
211200,1662.0,851.92431640625,51.25897979736328
209116,621.0,946.73291015625,152.45297241210938
211203,482.0,975.7171630859375,202.43093872070312
200420,942.0,1051.571533203125,111.63179779052734
202598,511.0,2506.868408203125,490.5809020996094
211210,291.0,1131.1427001953125,388.7088317871094
202608,637.0,309.024169921875,48.512428283691406
213353,742.0,236.0069580078125,31.806867599487305
215505,879.0,2037.11865234375,231.75411987304688
206961,370.0,518.6318969726562,140.17079162597656
204791,651.0,885.941162109375,136.0892791748047
202623,632.0,1039.0240478515625,164.4025421142578
206966,913.0,2072.68310546875,227.01895141601562
209138,768.0,1170.1492919921875,152.36318969726562
204798,1200.0,1592.657470703125,132.72146606445312
217704,414.0,704.886474609375,170.26243591308594
213369,1108.0,1880.00244140625,169.67530822753906
219907,610.0,1846.494140625,302.7039489746094
215530,280.0,1106.009765625,395.00347900390625
209148,350.0,1993.766845703125,569.647705078125
202647,896.0,944.6221923828125,105.42658233642578
202651,1394.0,1227.8603515625,88.0818099975586
206990,1527.0,880.84521484375,57.684688568115234
217718,620.0,2470.72900390625,398.50469970703125
211241,899.0,1350.790771484375,150.2548065185547
209160,1590.0,1072.4951171875,67.45252227783203
219921,711.0,951.183349609375,133.78106689453125
222118,453.0,976.847900390625,215.63970947265625
219926,1131.0,1448.068359375,128.0343475341797
207008,363.0,878.2186279296875,241.9335174560547
215546,362.0,1164.3170166015625,321.634521484375
217735,786.0,1790.76806640625,227.8330841064453
213422,272.0,1391.85009765625,511.7095947265625
222127,632.0,247.56640625,39.171897888183594
200485,245.0,734.5144653320312,299.80181884765625
219939,1873.0,755.60302734375,40.341861724853516
204844,310.0,1326.108154296875,427.7768249511719
211266,1037.0,482.6917724609375,46.546939849853516
204850,442.0,1897.6298828125,429.3280029296875
217752,1122.0,951.283935546875,84.78466033935547
209195,938.0,1157.92724609375,123.44640350341797
222154,855.0,814.65234375,95.28097534179688
224226,800.0,1455.0302734375,181.8787841796875
202704,901.0,1345.05810546875,149.2850341796875
207047,194.0,1236.791259765625,637.521240234375
200509,335.0,1413.37548828125,421.90313720703125
219963,1168.0,2348.462646484375,201.0670166015625
219966,441.0,952.2022705078125,215.9188690185547
204868,1154.0,955.638671875,82.81097412109375
209210,230.0,791.8748779296875,344.2934265136719
209213,208.0,787.4722900390625,378.5924377441406
204875,581.0,1626.0576171875,279.8722229003906
213480,800.0,755.037841796875,94.37973022460938
202731,1306.0,2120.96484375,162.40159606933594
204880,477.0,859.20751953125,180.1273651123047
224252,571.0,1024.54296875,179.42959594726562
213488,239.0,1784.38232421875,746.603515625
204883,1803.0,236.921630859375,13.140411376953125
220008,460.0,1792.724853515625,389.7228088378906
213497,461.0,996.138671875,216.08213806152344
222206,1014.0,1971.463623046875,194.42440795898438
215622,332.0,1713.5040283203125,516.1156616210938
200552,207.0,987.0062255859375,476.8146057128906
207081,699.0,2955.665283203125,422.84197998046875
202775,676.0,1734.36865234375,256.56341552734375
222216,348.0,1602.6563720703125,460.5334167480469
213512,461.0,1998.3095703125,433.4727783203125
220039,787.0,709.277587890625,90.12422180175781
220042,1002.0,522.309814453125,52.12672805786133
222228,260.0,725.1723022460938,278.91241455078125
202788,1010.0,1856.65087890625,183.82681274414062
204913,279.0,825.9598388671875,296.0429382324219
220062,636.0,1197.3314208984375,188.25965881347656
224283,531.0,815.543212890625,153.58628845214844
224286,294.0,1146.07666015625,389.8219909667969
204922,431.0,669.1217041015625,155.2486572265625
222241,795.0,1138.197509765625,143.16949462890625
217822,691.0,1651.43115234375,238.99147033691406
204930,1673.0,1797.297607421875,107.42962646484375
220099,431.0,1845.575439453125,428.207763671875
217828,772.0,1738.0458984375,225.13546752929688
217830,510.0,1649.66455078125,323.463623046875
220111,685.0,1562.27978515625,228.07003784179688
202804,359.0,501.81634521484375,139.78170776367188
202808,419.0,603.3349609375,143.9940185546875
213543,859.0,778.435302734375,90.62110900878906
220130,191.0,1484.046875,776.9879150390625
209282,1002.0,1358.7744140625,135.60623168945312
215674,315.0,1052.4033203125,334.0962829589844
220146,440.0,967.9912109375,219.9980010986328
207161,637.0,1716.092529296875,269.40228271484375
209291,1042.0,815.443359375,78.25752258300781
213557,399.0,1029.821533203125,258.1006164550781
207168,157.0,1183.4833984375,753.8110961914062
213563,297.0,753.029052734375,253.54513549804688
202825,591.0,752.88720703125,127.39207458496094
211380,1209.0,1167.8818359375,96.59899139404297
222288,397.0,1474.8646240234375,371.5024108886719
204972,978.0,1838.13134765625,187.94798278808594
207187,619.0,1593.919189453125,257.4990539550781
207189,770.0,1995.49560546875,259.1552734375
211389,258.0,1061.9013671875,411.58966064453125
202840,179.0,888.3212890625,496.2688903808594
215706,1112.0,256.15771484375,23.0357666015625
209319,891.0,766.6915283203125,86.04843139648438
207199,335.0,1156.9088134765625,345.3459167480469
217875,465.0,72.28652954101562,15.545490264892578
202846,832.0,2281.670166015625,274.23919677734375
217880,633.0,171.07440185546875,27.025970458984375
217882,488.0,1837.49462890625,376.5357666015625
224347,415.0,639.1282958984375,154.00682067871094
200648,991.0,854.909423828125,86.26734924316406
211414,310.0,1314.069091796875,423.89324951171875
200654,632.0,1296.7620849609375,205.18386840820312
211418,479.0,781.260009765625,163.102294921875
207220,723.0,1561.476318359375,215.97183227539062
215735,596.0,403.346435546875,67.67557525634766
207226,535.0,2355.797607421875,440.33599853515625
202869,300.0,1494.322021484375,498.1073303222656
222344,631.0,430.3885498046875,68.2073745727539
224365,648.0,1330.3306884765625,205.29794311523438
213621,820.0,1696.959716796875,206.94630432128906
202881,546.0,1808.43603515625,331.21539306640625
207245,503.0,1250.081298828125,248.52511596679688
215751,313.0,952.9912109375,304.47003173828125
220237,293.0,1133.145263671875,386.7389831542969
224378,880.0,1951.0244140625,221.7073211669922
215757,774.0,728.2459716796875,94.088623046875
209364,841.0,692.515380859375,82.34427642822266
213639,1460.0,91.8731689453125,6.292682647705078
207272,1890.0,21.5177001953125,1.138502597808838
215765,430.0,1480.2928466796875,344.254150390625
207283,398.0,780.7032470703125,196.15660095214844
215770,502.0,574.2835693359375,114.39912414550781
202904,651.0,884.9564208984375,135.93800354003906
207293,543.0,778.26611328125,143.32708740234375
220279,1393.0,654.96630859375,47.01839828491211
202908,71.0,786.7217407226562,1108.058837890625
200713,611.0,1643.7724609375,269.02984619140625
217941,921.0,371.879150390625,40.37775802612305
211465,351.0,1767.30712890625,503.5063171386719
224398,399.0,2259.75830078125,566.35546875
207310,573.0,1324.665771484375,231.18075561523438
211469,321.0,838.11572265625,261.0952453613281
222388,746.0,976.3408203125,130.8767852783203
215799,1130.0,2172.2763671875,192.23684692382812
224411,289.0,961.547607421875,332.7154541015625
213672,167.0,1208.727783203125,723.7890625
220318,162.0,1182.9189453125,730.1968383789062
205092,286.0,1309.3017578125,457.7978210449219
209406,508.0,1761.138671875,346.68084716796875
215810,917.0,704.8203125,76.86153411865234
220330,792.0,1360.133544921875,171.73403930664062
220333,1518.0,587.333251953125,38.691253662109375
200763,502.0,852.5908203125,169.83880615234375
220338,617.0,1316.6019287109375,213.38768005371094
200766,541.0,2364.791015625,437.11480712890625
207357,745.0,1420.354736328125,190.65164184570312
213693,589.0,1537.4970703125,261.03515625
220355,569.0,1113.9346923828125,195.77059936523438
217983,601.0,1403.711669921875,233.56268310546875
220363,699.0,1634.939453125,233.8969268798828
209432,1384.0,803.23779296875,58.037410736083984
207370,1384.0,1025.376708984375,74.0879135131836
205117,711.0,1988.65478515625,279.6982727050781
207373,407.0,583.5586547851562,143.38050842285156
220373,379.0,1167.8138427734375,308.13031005859375
217996,443.0,1812.558349609375,409.1553649902344
207380,516.0,2213.06396484375,428.88836669921875
205133,413.0,884.5906982421875,214.18661499023438
215863,370.0,1031.5576171875,278.79937744140625
220385,242.0,1382.7305908203125,571.3762817382812
218005,530.0,1706.63916015625,322.00738525390625
200812,256.0,1012.4483642578125,395.4876403808594
209456,1200.0,1394.50927734375,116.20909881591797
222446,908.0,1830.88818359375,201.63967895507812
215873,482.0,1616.9892578125,335.4749450683594
213733,731.0,1026.523681640625,140.4273223876953
213735,672.0,1645.115234375,244.80882263183594
211511,700.0,1755.597412109375,250.7996368408203
213740,959.0,1187.564453125,123.8336181640625
213745,299.0,2345.914794921875,784.5869140625
203008,550.0,1992.89892578125,362.34527587890625
220413,148.0,774.5783081054688,523.3637084960938
203017,1019.0,1888.46728515625,185.32554626464844
200834,1324.0,1015.26611328125,76.68173217773438
200837,801.0,1543.89501953125,192.74594116210938
209483,814.0,2414.3271484375,296.60040283203125
211529,730.0,1854.29345703125,254.01280212402344
211530,1092.0,2002.480224609375,183.3773193359375
220438,437.0,290.36700439453125,66.44554138183594
209489,410.0,772.014892578125,188.29632568359375
220447,318.0,1002.538330078125,315.2636413574219
205192,430.0,1064.6849365234375,247.6011505126953
218066,651.0,1860.77783203125,285.8337707519531
205198,173.0,776.668701171875,448.94146728515625
222497,239.0,1474.1190185546875,616.7861938476562
209497,1281.0,1198.79541015625,93.58277893066406
211556,451.0,737.5048828125,163.52658081054688
203050,638.0,1444.24560546875,226.37078857421875
213780,780.0,1192.357177734375,152.86630249023438
209504,690.0,1786.51953125,258.9158630371094
222505,750.0,2022.54833984375,269.673095703125
213795,341.0,831.1455078125,243.7376708984375
200884,680.0,1791.791259765625,263.49871826171875
211573,349.0,1465.451904296875,419.9002685546875
220487,441.0,1352.329833984375,306.6507568359375
218098,522.0,1006.63818359375,192.84255981445312
205221,759.0,378.761474609375,49.9026985168457
205224,647.0,1024.049072265625,158.27651977539062
224545,299.0,636.5496215820312,212.89283752441406
207472,1073.0,1531.454833984375,142.72645568847656
203084,2389.0,1249.88720703125,52.318424224853516
218128,912.0,1366.23388671875,149.8063507080078
209556,209.0,972.1400146484375,465.1387634277344
200904,955.0,902.2894287109375,94.4805679321289
215972,957.0,1829.8662109375,191.20858764648438
213828,503.0,1977.4970703125,393.14056396484375
220531,420.0,2092.08984375,498.11663818359375
224559,832.0,2024.106689453125,243.2820587158203
213834,1076.0,1058.93603515625,98.41413116455078
211626,1587.0,1180.1123046875,74.3612060546875
224563,289.0,765.597412109375,264.91259765625
207492,1071.0,962.6773681640625,89.8858413696289
200924,1357.0,1280.07568359375,94.33129119873047
222559,843.0,834.81640625,99.02922821044922
215992,422.0,816.09228515625,193.3867950439453
207500,846.0,1185.76171875,140.16094970703125
213849,277.0,544.8806762695312,196.70782470703125
216000,667.0,820.997802734375,123.08811950683594
203128,1151.0,840.92626953125,73.06049346923828
216003,882.0,1882.45068359375,213.42977905273438
220588,1355.0,145.928955078125,10.769664764404297
205273,510.0,1343.4202880859375,263.4157409667969
209592,270.0,1306.816162109375,484.0059814453125
203146,251.0,1225.913818359375,488.4118957519531
224593,420.0,2072.074462890625,493.35107421875
200974,554.0,1370.3006591796875,247.3466796875
200978,457.0,609.67822265625,133.40879821777344
209604,160.0,1114.9078369140625,696.8173828125
209608,430.0,1418.655517578125,329.9198913574219
222591,483.0,1286.8983154296875,266.4385681152344
211668,1071.0,1444.312255859375,134.85641479492188
220622,430.0,654.56396484375,152.22418212890625
220623,1503.0,1193.85302734375,79.43133544921875
209622,2438.0,255.9228515625,10.497245788574219
205294,650.0,2011.2255859375,309.4193115234375
205296,321.0,1367.55224609375,426.0287170410156
205298,1102.0,271.2967529296875,24.618579864501953
205301,961.0,965.585693359375,100.47718048095703
218182,892.0,2604.97900390625,292.03802490234375
220642,926.0,1351.154052734375,145.9129638671875
201036,269.0,1057.968994140625,393.2970275878906
201040,279.0,811.74462890625,290.9478759765625
201046,337.0,803.537109375,238.43832397460938
211703,934.0,1279.555419921875,136.9973602294922
224637,1072.0,1211.2822265625,112.99273681640625
201057,571.0,457.317138671875,80.09056091308594
220657,300.0,1077.9736328125,359.3245544433594
220659,690.0,1359.81494140625,197.0746307373047
222622,313.0,819.151611328125,261.70977783203125
207561,771.0,748.184326171875,97.04076385498047
218205,955.0,1035.3458251953125,108.41316986083984
222628,662.0,1449.0458984375,218.8891143798828
201077,746.0,1763.79248046875,236.43331909179688
207570,1006.0,797.699951171875,79.29422760009766
207572,326.0,882.909423828125,270.83111572265625
218215,674.0,1879.697509765625,278.8868713378906
203203,538.0,1844.2919921875,342.8052062988281
211726,290.0,1103.787353515625,380.6163330078125
207580,555.0,1891.720947265625,340.8506164550781
216082,157.0,1078.7921142578125,687.1287231445312
224665,580.0,1153.730712890625,198.91909790039062
211736,214.0,1303.8453369140625,609.2735595703125
201101,1111.0,590.250244140625,53.127838134765625
220693,1100.0,1342.4150390625,122.03773498535156
203215,711.0,1640.29052734375,230.701904296875
216102,632.0,1038.729248046875,164.35589599609375
209694,932.0,2130.610107421875,228.60623168945312
213958,620.0,937.7598876953125,151.2515869140625
201113,501.0,842.9403076171875,168.25155639648438
209702,911.0,2094.911376953125,229.95733642578125
205376,965.0,1456.6376953125,150.94691467285156
205379,406.0,1141.73583984375,281.2157287597656
207619,1278.0,883.38818359375,69.12271118164062
207620,1350.0,809.3076171875,59.94871139526367
207624,656.0,1098.311279296875,167.42550659179688
222692,95.0,1044.950927734375,1099.9483642578125
222697,190.0,919.87890625,484.14678955078125
207632,494.0,809.812255859375,163.9296112060547
224714,1029.0,896.037353515625,87.07846069335938
203240,1006.0,2129.10791015625,211.64096069335938
201138,653.0,2195.0771484375,336.1527099609375
218275,570.0,1351.0887451171875,237.03311157226562
213985,384.0,2121.78955078125,552.5493774414062
218279,848.0,1296.175537109375,152.85089111328125
224729,502.0,1005.9471435546875,200.38787841796875
218282,1012.0,2858.713134765625,282.4815368652344
209737,1643.0,1742.76806640625,106.07230377197266
224736,252.0,1059.1343994140625,420.2914123535156
220767,291.0,667.9146118164062,229.52392578125
209743,590.0,1192.165771484375,202.06198120117188
224742,1663.0,946.673828125,56.92566680908203
222733,353.0,973.1683349609375,275.68505859375
207657,852.0,997.7730712890625,117.10951232910156
209753,369.0,1731.580078125,469.26287841796875
224754,224.0,729.6000366210938,325.71429443359375
209759,327.0,1960.28515625,599.4755859375
216160,449.0,834.0465087890625,185.75645446777344
224766,190.0,1567.9866943359375,825.2561645507812
216163,725.0,1675.2978515625,231.07557678222656
224776,471.0,1673.54736328125,355.3179016113281
220803,425.0,659.9520263671875,155.2828369140625
205442,874.0,2502.926513671875,286.37603759765625
216169,981.0,2506.0439453125,255.45809936523438
220811,724.0,704.12158203125,97.25435638427734
216171,763.0,1561.987060546875,204.71652221679688
207683,1132.0,2470.687744140625,218.25863647460938
211819,270.0,1144.48828125,423.884521484375
201207,958.0,762.688720703125,79.61260223388672
218335,650.0,1708.25,262.8077087402344
209796,1011.0,1833.168212890625,181.32228088378906
220830,560.0,282.29083251953125,50.409080505371094
224797,473.0,1443.9569091796875,305.27630615234375
216187,950.0,2208.071044921875,232.42852783203125
222802,967.0,919.07958984375,95.04441833496094
209806,781.0,1859.157958984375,238.0483856201172
222810,887.0,1543.012939453125,173.9586181640625
216199,238.0,680.4389038085938,285.8987121582031
211843,225.0,1645.4862060546875,731.3272094726562
201243,236.0,1266.5560302734375,536.67626953125
224815,229.0,550.3865966796875,240.343505859375
201248,369.0,1385.9466552734375,375.5953063964844
214043,190.0,832.951904296875,438.395751953125
220848,201.0,885.5478515625,440.5710754394531
216214,1173.0,1508.8544921875,128.63209533691406
203333,721.0,583.0576171875,80.86791229248047
220854,901.0,984.1793212890625,109.23188781738281
216220,353.0,901.134765625,255.27896118164062
222837,211.0,760.2858276367188,360.32501220703125
216223,720.0,202.2431640625,28.08932876586914
220863,561.0,848.7720947265625,151.2962646484375
224839,851.0,1300.537109375,152.82456970214844
207739,858.0,1181.5257568359375,137.7069549560547
220871,835.0,1496.18994140625,179.18441772460938
218394,463.0,1032.9609375,223.10171508789062
201289,722.0,2342.952880859375,324.50872802734375
203353,1454.0,836.86181640625,57.55583190917969
203355,1381.0,825.15478515625,59.750526428222656
216243,868.0,522.9390869140625,60.246437072753906
214074,1363.0,877.03564453125,64.3459701538086
220885,1577.0,1206.4697265625,76.50410461425781
222875,531.0,978.78076171875,184.3278350830078
224868,308.0,1532.14794921875,497.45062255859375
214082,683.0,1716.33056640625,251.2929229736328
207769,961.0,637.7220458984375,66.3602523803711
214097,178.0,626.612548828125,352.0295104980469
203375,451.0,1447.8428955078125,321.02947998046875
214105,152.0,944.9637451171875,621.6867065429688
201317,882.0,1168.17626953125,132.4462890625
205553,807.0,1267.64892578125,157.08164978027344
209833,712.0,709.4521484375,99.64215850830078
207782,293.0,1084.329345703125,370.0782775878906
211921,208.0,1665.758056640625,800.84521484375
205563,874.0,1755.93994140625,200.90847778320312
222902,604.0,2336.9560546875,386.9132385253906
222904,1674.0,1276.77197265625,76.2707290649414
207792,620.0,2250.06103515625,362.9130554199219
216283,1111.0,992.57177734375,89.34039306640625
214152,890.0,1567.421630859375,176.1147918701172
207800,1211.0,669.276611328125,55.266441345214844
207804,351.0,608.53955078125,173.3730926513672
222917,1403.0,1817.56005859375,129.54812622070312
211939,822.0,1165.7108154296875,141.81396484375
203412,1389.0,1727.78515625,124.39057922363281
207815,751.0,1580.95556640625,210.51339721679688
218475,842.0,1546.564453125,183.677490234375
218477,352.0,938.5927734375,266.6456604003906
209873,1801.0,1446.748291015625,80.33027648925781
220945,781.0,1657.726806640625,212.2569580078125
203423,445.0,1452.0150146484375,326.2955322265625
218485,192.0,1072.1435546875,558.4081420898438
222940,901.0,582.156005859375,64.61221313476562
201386,1235.0,1723.495361328125,139.55429077148438
209885,180.0,1026.6846923828125,570.38037109375
203434,1408.0,910.5048828125,64.66654205322266
209890,611.0,1390.9412841796875,227.6499786376953
201395,273.0,1483.8822021484375,543.5465698242188
203450,228.0,1172.9189453125,514.4381713867188
216332,260.0,944.5660400390625,363.29461669921875
203458,474.0,928.0927734375,195.80015563964844
203462,677.0,1649.44140625,243.63980102539062
214202,1262.0,720.0897216796875,57.05940628051758
222956,1794.0,1245.44921875,69.42303466796875
218524,695.0,1994.874267578125,287.0322570800781
203475,365.0,763.022216796875,209.04718017578125
216341,680.0,1693.6845703125,249.07125854492188
222967,752.0,1120.9681396484375,149.06491088867188
211996,1079.0,39.493896484375,3.660231351852417
205637,514.0,1358.6658935546875,264.3318786621094
214222,223.0,903.14794921875,404.9990539550781
222981,411.0,1116.1630859375,271.572509765625
216357,331.0,1141.47314453125,344.8559265136719
218542,1425.0,660.39599609375,46.34357833862305
207877,1370.0,470.327392578125,34.330467224121094
216364,249.0,1341.3157958984375,538.6810302734375
209927,330.0,1048.4591064453125,317.7148742675781
214236,239.0,889.285888671875,372.0861511230469
222991,389.0,347.3154296875,89.28417205810547
222992,1651.0,1382.991455078125,83.76689910888672
207902,348.0,822.5286865234375,236.3588104248047
218571,413.0,1092.884521484375,264.6209411621094
223000,510.0,1096.263671875,214.9536590576172
223002,1161.0,2056.7822265625,177.15609741210938
214250,219.0,740.6863403320312,338.21295166015625
225009,1224.0,725.491943359375,59.272216796875
212027,200.0,1211.842041015625,605.9210205078125
218583,1139.0,1887.649169921875,165.7286376953125
216389,1923.0,22.265625,1.1578587293624878
205685,1825.0,1077.612548828125,59.047264099121094
212036,431.0,1203.093505859375,279.1400146484375
201476,490.0,726.5076904296875,148.26687622070312
214269,661.0,2089.69970703125,316.14215087890625
225029,1330.0,369.26953125,27.76462745666504
207942,969.0,1592.783203125,164.37391662597656
205700,654.0,1062.11279296875,162.40257263183594
209965,301.0,1091.5408935546875,362.6381530761719
205712,342.0,1330.7069091796875,389.0955810546875
205717,688.0,1753.01220703125,254.7982940673828
209972,239.0,1224.17333984375,512.2064208984375
203536,815.0,1028.4447021484375,126.18952941894531
223036,725.0,1250.98876953125,172.5501708984375
209980,401.0,1003.2720947265625,250.1925506591797
216415,734.0,1302.73681640625,177.48458862304688
207978,461.0,1116.8961181640625,242.2768096923828
207979,1453.0,1739.8388671875,119.74114227294922
216423,330.0,1351.71484375,409.6105651855469
221080,712.0,929.5594482421875,130.5561065673828
214330,645.0,2544.143310546875,394.4408264160156
201513,672.0,1489.26318359375,221.61654663085938
209999,161.0,1177.295654296875,731.2395629882812
216432,370.0,1067.6865234375,288.56390380859375
225064,1344.0,1158.67578125,86.21099853515625
218663,1115.0,1173.451171875,105.24224853515625
218667,592.0,65.7203369140625,11.101408004760742
212096,69.0,940.79052734375,1363.464599609375
214351,296.0,775.8963623046875,262.1271667480469
214352,862.0,1227.576171875,142.4102325439453
203572,670.0,1747.476806640625,260.81744384765625
201541,592.0,1412.5135498046875,238.60025024414062
210020,260.0,798.5615234375,307.1390380859375
223077,151.0,1199.29248046875,794.2333984375
218681,1181.0,1014.36474609375,85.89031982421875
223082,492.0,1462.6556396484375,297.2877197265625
201557,957.0,1425.45458984375,148.95033264160156
218688,750.0,2197.863525390625,293.0484619140625
201562,578.0,855.0018310546875,147.9241943359375
218691,343.0,1021.361083984375,297.7729187011719
208032,666.0,889.1982421875,133.51324462890625
208036,490.0,1328.892578125,271.20257568359375
208040,400.0,1118.3916015625,279.597900390625
223102,264.0,832.9051513671875,315.494384765625
210039,201.0,819.4260864257812,407.6746520996094
203608,333.0,780.4248046875,234.36178588867188
221137,200.0,591.25439453125,295.627197265625
218709,591.0,1218.86181640625,206.23719787597656
223114,841.0,1831.458984375,217.77157592773438
201594,304.0,560.1798095703125,184.26968383789062
225104,590.0,1887.48779296875,319.9132080078125
210049,545.0,937.876708984375,172.08746337890625
221152,386.0,1180.624755859375,305.861328125
201608,171.0,1868.0428466796875,1092.4227294921875
225110,771.0,1446.009765625,187.54989624023438
218730,350.0,1592.9046630859375,455.1156005859375
223128,588.0,1221.584716796875,207.7525177001953
208066,841.0,1854.75390625,220.54147338867188
212180,438.0,693.3909912109375,158.30844116210938
216501,391.0,898.770751953125,229.86463928222656
218742,170.0,1307.41552734375,769.0679321289062
225124,215.0,1411.315185546875,656.4256591796875
216508,450.0,644.0155029296875,143.1145477294922
214411,310.0,943.016357421875,304.1988220214844
225133,352.0,1146.487060546875,325.70654296875
210096,1020.0,2267.7490234375,222.3283233642578
225137,762.0,2551.72216796875,334.8716735839844
214418,901.0,1979.382568359375,219.6873016357422
203672,259.0,1740.10693359375,671.85595703125
208089,493.0,1909.155517578125,387.2526550292969
221194,1252.0,540.728515625,43.189178466796875
223164,1089.0,970.759765625,89.1423110961914
210106,873.0,1561.38818359375,178.85316467285156
218780,682.0,704.846923828125,103.34998321533203
214430,259.0,656.0376586914062,253.29640197753906
216533,710.0,1770.11474609375,249.31195068359375
225165,188.0,854.7623291015625,454.6607971191406
214435,160.0,1115.3736572265625,697.1085815429688
203692,509.0,1274.739990234375,250.44007873535156
214439,700.0,1559.13623046875,222.73373413085938
212244,415.0,1081.0032958984375,260.48272705078125
216544,411.0,1972.6435546875,479.9619140625
221219,2033.0,21.65625,1.0652360916137695
223190,329.0,1574.6490478515625,478.61669921875
223192,671.0,2423.785888671875,361.2199401855469
210137,278.0,1808.35986328125,650.4891357421875
212255,251.0,794.676025390625,316.60400390625
216553,1494.0,809.23095703125,54.1653938293457
221230,436.0,646.0008544921875,148.1653289794922
208147,747.0,829.38720703125,111.0290756225586
201690,1622.0,173.7919921875,10.714672088623047
208155,1230.0,629.104248046875,51.14668655395508
218817,664.0,2090.802734375,314.8799133300781
212264,953.0,1471.01513671875,154.3562469482422
223209,821.0,628.525390625,76.55607604980469
208169,252.0,997.57373046875,395.86260986328125
225231,339.0,1064.400146484375,313.9823303222656
223214,723.0,2176.939208984375,301.09808349609375
212290,279.0,1209.34326171875,433.45635986328125
221256,1496.0,158.974853515625,10.62666130065918
205933,740.0,1257.6182861328125,169.94842529296875
225250,634.0,1260.4954833984375,198.8163299560547
201719,583.0,1554.5673828125,266.6496276855469
205937,480.0,376.51727294921875,78.44110107421875
214509,610.0,1475.75634765625,241.92726135253906
201727,1296.0,1718.189697265625,132.5763702392578
201729,335.0,709.3013916015625,211.7317657470703
208207,225.0,838.127685546875,372.5011901855469
225268,575.0,1198.394775390625,208.41648864746094
208211,640.0,1462.35888671875,228.4935760498047
223236,652.0,1554.185546875,238.37200927734375
208214,1213.0,1610.740966796875,132.78985595703125
216597,1009.0,2229.794921875,220.99058532714844
205947,260.0,877.14404296875,337.36309814453125
208222,714.0,1136.883056640625,159.22732543945312
218860,450.0,904.7215576171875,201.04922485351562
225293,1357.0,1651.234375,121.6827163696289
205951,1149.0,2497.61328125,217.37277221679688
225301,261.0,628.9583129882812,240.98019409179688
203765,325.0,952.9024658203125,293.20074462890625
214557,982.0,1092.07177734375,111.20893859863281
203775,184.0,829.5872802734375,450.8626403808594
225312,1821.0,772.174072265625,42.403846740722656
221310,1152.0,882.623779296875,76.61664581298828
214565,736.0,1611.75341796875,218.98822021484375
218880,1311.0,485.1041259765625,37.002601623535156
216627,761.0,2521.737548828125,331.3715515136719
221318,443.0,1130.0655517578125,255.09381103515625
223264,621.0,917.724609375,147.78173828125
221321,185.0,1008.775634765625,545.2841186523438
208273,716.0,1577.78369140625,220.36085510253906
208275,1254.0,924.88330078125,73.75465393066406
208277,263.0,962.603515625,366.0089416503906
221329,817.0,1041.304931640625,127.45469665527344
205976,1145.0,1685.688720703125,147.2217254638672
208282,443.0,899.2535400390625,202.9917755126953
210224,1011.0,922.8128662109375,91.27723693847656
214592,1137.0,1424.294677734375,125.26777648925781
216648,1011.0,2377.745849609375,235.18753051757812
218915,581.0,1047.088134765625,180.22171020507812
225352,721.0,1663.173095703125,230.67588806152344
216653,1886.0,550.67333984375,29.197948455810547
208301,439.0,1606.8663330078125,366.0287780761719
225359,341.0,837.133056640625,245.49356079101562
201837,299.0,820.69921875,274.4813537597656
212406,327.0,479.833984375,146.73822021484375
223304,565.0,1467.22802734375,259.6863708496094
203827,595.0,552.2926025390625,92.82228088378906
210252,660.0,1251.60546875,189.63719177246094
210255,361.0,1267.33056640625,351.06109619140625
225380,381.0,1667.26025390625,437.60113525390625
208321,773.0,1556.98291015625,201.42080688476562
208323,770.0,1502.408203125,195.11795043945312
208326,620.0,1816.04296875,292.91015625
225394,117.0,1204.945068359375,1029.8675537109375
216682,719.0,1319.0562744140625,183.45706176757812
208335,252.0,788.096923828125,312.73687744140625
221384,1121.0,1647.82861328125,146.99630737304688
216688,421.0,1223.781005859375,290.684326171875
203865,1209.0,1743.7041015625,144.2269744873047
221391,1164.0,466.16845703125,40.04883575439453
223336,566.0,695.746337890625,122.92338562011719
203872,1761.0,176.97509765625,10.04969310760498
216699,158.0,859.1116333007812,543.7415771484375
206038,842.0,1137.4281005859375,135.0864715576172
218969,1072.0,272.55224609375,25.424650192260742
223350,1066.0,2435.255859375,228.44801330566406
223352,732.0,1658.49755859375,226.57070922851562
223354,488.0,396.18218994140625,81.18487548828125
201875,524.0,1488.5028076171875,284.0653991699219
203888,351.0,507.93426513671875,144.7106170654297
225440,241.0,679.558349609375,281.97442626953125
203890,1743.0,1354.834228515625,77.73001861572266
206053,1557.0,1300.10595703125,83.50070190429688
225447,350.0,664.61279296875,189.88937377929688
221427,1766.0,630.380615234375,35.69539260864258
218994,480.0,1376.211669921875,286.71075439453125
201890,1143.0,1121.335205078125,98.10456848144531
214675,1043.0,795.861572265625,76.30503845214844
206064,484.0,1462.36328125,302.14117431640625
223381,621.0,902.55615234375,145.3391571044922
216743,198.0,1282.7410888671875,647.8490600585938
206071,699.0,463.654296875,66.33108520507812
208397,209.0,1296.3037109375,620.2410278320312
219009,836.0,963.5103759765625,115.25243377685547
214689,342.0,1082.36767578125,316.4817810058594
208405,59.0,836.5343627929688,1417.8548583984375
221452,161.0,1213.95947265625,754.0120849609375
203919,939.0,1387.70068359375,147.78494262695312
212503,290.0,1666.03955078125,574.4963989257812
206089,488.0,875.5689697265625,179.4198760986328
216765,816.0,1533.283447265625,187.90237426757812
201931,855.0,2023.111083984375,236.62118530273438
203928,322.0,820.989501953125,254.96568298339844
201940,414.0,854.8721923828125,206.49087524414062
201944,337.0,1616.7794189453125,479.7565002441406
219028,1003.0,1182.33837890625,117.88020324707031
201953,1159.0,1493.10498046875,128.82699584960938
221473,683.0,1387.895263671875,203.20574951171875
208456,322.0,2161.2392578125,671.1923217773438
219037,911.0,1549.244140625,170.05972290039062
210369,1032.0,2440.032958984375,236.4373016357422
210372,902.0,1150.61572265625,127.56271362304688
214728,641.0,2373.8359375,370.3332214355469
206119,1139.0,1347.575927734375,118.31219482421875
206122,549.0,1241.3907470703125,226.11854553222656
206125,312.0,1411.307373046875,452.3421325683594
214736,1551.0,226.029052734375,14.573118209838867
225526,908.0,1032.01904296875,113.65848541259766
223437,681.0,1880.5380859375,276.14361572265625
210387,351.0,454.28106689453125,129.4248046875
201981,298.0,876.92578125,294.2703857421875
210392,231.0,1285.9755859375,556.6993408203125
208492,636.0,2420.093017578125,380.51776123046875
212550,572.0,1680.52490234375,293.7980651855469
214754,420.0,742.111572265625,176.6932373046875
206161,540.0,1764.4482421875,326.74969482421875
216828,786.0,879.868896484375,111.94261169433594
214760,181.0,873.4610595703125,482.5751647949219
206170,652.0,1510.475830078125,231.66806030273438
206173,799.0,505.2337646484375,63.23326110839844
214770,1001.0,1341.015869140625,133.96762084960938
219092,1269.0,730.1470947265625,57.53720474243164
202001,929.0,1066.3585205078125,114.78563690185547
210412,661.0,1807.68505859375,273.4773254394531
214782,251.0,1231.7742919921875,490.7467346191406
203991,1301.0,1520.060546875,116.83786010742188
202009,253.0,691.6205444335938,273.3677978515625
202011,1339.0,1853.78125,138.44520568847656
203998,771.0,1886.560546875,244.69007873535156
204000,868.0,1596.49658203125,183.9281768798828
210427,1231.0,1005.776611328125,81.70403289794922
223496,279.0,796.2578125,285.3970642089844
219112,389.0,1544.3038330078125,396.9932861328125
208562,392.0,622.4921264648438,158.79901123046875
208564,371.0,1484.025146484375,400.00677490234375
223510,1207.0,2652.5263671875,219.7619171142578
216880,1113.0,1087.95654296875,97.74991607666016
208571,191.0,1313.920166015625,687.9163208007812
204018,497.0,1137.001220703125,228.7728729248047
206222,380.0,2245.16943359375,590.8340454101562
214814,572.0,1878.658203125,328.436767578125
221567,201.0,1151.4344482421875,572.8529663085938
204027,1469.0,2543.234130859375,173.1269073486328
221574,845.0,1192.3690185546875,141.1087646484375
216899,360.0,1207.911865234375,335.53106689453125
216902,610.0,1812.70361328125,297.16455078125
212670,593.0,1346.288330078125,227.03005981445312
214828,1002.0,387.754150390625,38.69801712036133
208596,257.0,992.2613525390625,386.0939025878906
221589,673.0,1369.299072265625,203.46197509765625
206246,169.0,992.948486328125,587.54345703125
216919,511.0,1556.1845703125,304.537109375
204043,359.0,872.25390625,242.9676513671875
225617,997.0,1268.05078125,127.18663024902344
214855,550.0,2031.282958984375,369.3241882324219
214859,389.0,1142.96240234375,293.8206787109375
208610,809.0,2271.279296875,280.75146484375
219161,650.0,1337.6397705078125,205.79074096679688
204056,351.0,29.381500244140625,8.370798110961914
214866,1151.0,1936.376953125,168.23431396484375
219166,123.0,720.6356201171875,585.8826293945312
206285,157.0,1252.7783203125,797.947998046875
223577,1641.0,1255.308837890625,76.49657440185547
202100,297.0,896.8544921875,301.9712219238281
204070,1219.0,1625.30029296875,133.3306121826172
202105,1095.0,885.173095703125,80.83772277832031
202106,1816.0,1414.412841796875,77.88616943359375
223595,404.0,1176.3992919921875,291.1879577636719
223598,1243.0,118.175048828125,9.507245063781738
210505,493.0,1429.1005859375,289.87841796875
212729,159.0,966.5438232421875,607.88916015625
202119,201.0,1058.5560302734375,526.644775390625
204092,545.0,2090.81787109375,383.6363220214844
223610,1521.0,790.0634765625,51.94369125366211
204098,392.0,1191.5838623046875,303.9754943847656
212741,532.0,1445.1229248046875,271.6396484375
225679,456.0,596.0394287109375,130.7104034423828
216980,450.0,898.35009765625,199.63336181640625
214915,656.0,1899.503662109375,289.5584716796875
219207,623.0,1146.790771484375,184.07557678222656
225692,712.0,2207.0,309.9718933105469
223634,880.0,1766.70849609375,200.76231384277344
225696,1723.0,161.790771484375,9.39006233215332
206345,522.0,1277.011962890625,244.6383056640625
212765,2116.0,659.56005859375,31.170135498046875
204124,989.0,1605.853271484375,162.3714141845703
214928,331.0,851.4000244140625,257.2205505371094
214930,1162.0,1639.046875,141.053955078125
217006,414.0,3050.04541015625,736.7259521484375
210560,1090.0,1165.97705078125,106.97036743164062
206367,1111.0,1598.063232421875,143.84007263183594
210565,878.0,1073.2823486328125,122.2417221069336
212787,430.0,1578.625244140625,367.1221618652344
210571,187.0,855.05419921875,457.2482604980469
219258,895.0,1907.566162109375,213.13587951660156
212808,109.0,1095.39306640625,1004.94775390625
214956,389.0,861.3544921875,221.42788696289062
225733,727.0,1709.80078125,235.18582153320312
225738,383.0,1605.035888671875,419.0694274902344
206405,383.0,1043.930419921875,272.56671142578125
210592,617.0,1481.5078125,240.11471557617188
212824,901.0,1583.567138671875,175.75662231445312
219277,1254.0,728.779541015625,58.11638641357422
225752,348.0,731.84814453125,210.30117797851562
223718,1126.0,1194.74658203125,106.10537719726562
206432,460.0,1277.270751953125,277.66754150390625
214982,1361.0,227.276123046875,16.699201583862305
219289,391.0,667.0164794921875,170.5924530029297
217048,966.0,2419.339599609375,250.44923400878906
225769,189.0,1045.3359375,553.0878295898438
204200,1875.0,837.366455078125,44.659542083740234
210637,435.0,1646.408203125,378.4846496582031
214995,641.0,1285.01904296875,200.4709930419922
206462,138.0,1092.531005859375,791.6891479492188
225781,593.0,1654.2724609375,278.9666748046875
219300,486.0,887.454833984375,182.60386657714844
223763,856.0,89.52093505859375,10.458052635192871
210653,822.0,1605.419921875,195.3065643310547
217102,320.0,1164.4844970703125,363.9013977050781
210659,932.0,2213.283203125,237.4767303466797
217107,760.0,1603.44287109375,210.9793243408203
215017,710.0,762.998291015625,107.46455383300781
225804,963.0,1341.134765625,139.26634216308594
210673,130.0,906.4288330078125,697.2529296875
219333,440.0,1473.8458251953125,334.9649658203125
215030,982.0,629.473388671875,64.10115814208984
215034,511.0,1274.96533203125,249.50396728515625
225820,296.0,1335.8367919921875,451.2962341308594
204276,1229.0,359.4027099609375,29.243507385253906
210696,251.0,1017.8001708984375,405.4980773925781
215047,121.0,1252.26220703125,1034.927490234375
212900,925.0,722.40087890625,78.0973892211914
217142,921.0,1274.59716796875,138.3927459716797
215058,210.0,1083.1558837890625,515.7885131835938
212912,530.0,423.282470703125,79.86461639404297
219370,440.0,616.286865234375,140.065185546875
215065,1191.0,1071.4248046875,89.96009826660156
217158,1103.0,2642.327880859375,239.55828857421875
225869,350.0,612.4364013671875,174.98182678222656
204323,557.0,903.181640625,162.15109252929688
212971,531.0,842.53515625,158.66952514648438
217175,331.0,974.08642578125,294.28594970703125
225891,182.0,857.2869873046875,471.03680419921875
225897,723.0,1446.03125,200.0043182373047
215100,570.0,1510.01513671875,264.9149475097656
217199,239.0,990.440673828125,414.4103088378906
215105,1238.0,1902.7001953125,153.6914520263672
217220,673.0,1292.3387451171875,192.02655029296875
225929,1497.0,644.080078125,43.024723052978516
215120,845.0,1166.6109619140625,138.0604705810547
210782,1212.0,1297.71435546875,107.07213592529297
210795,1413.0,319.59228515625,22.617996215820312
